query,ref_match,ref_match_id
B-lymphoblastic leukemia/lymphoma,B-cell acute lymphoblastic leukemia,EFO:0000094
obsolete precursor B lymphoblastic lymphoma/leukemia,B-cell acute lymphoblastic leukemia,EFO:0000094
B-cell acute lymphoblastic leukemia,B-cell acute lymphoblastic leukemia,EFO:0000094
B-cell acute lymphoblastic leukemia,B-cell acute lymphoblastic leukemia,EFO:0000094
B Lymphoblastic Leukemia/Lymphoma,B-cell acute lymphoblastic leukemia,EFO:0000094
chronic lymphocytic leukemia,chronic lymphocytic leukemia,EFO:0000095
chronic lymphocytic leukemia,chronic lymphocytic leukemia,EFO:0000095
B-cell chronic lymphocytic leukemia,chronic lymphocytic leukemia,EFO:0000095
Chronic Lymphocytic Leukemia,chronic lymphocytic leukemia,EFO:0000095
mature B-cell neoplasm,neoplasm of mature B-cells,EFO:0000096
neoplasm of mature B-cells,neoplasm of mature B-cells,EFO:0000096
neoplasm of mature B-cells,neoplasm of mature B-cells,EFO:0000096
Mature B-Cell Neoplasm,neoplasm of mature B-cells,EFO:0000096
B-Cell Non-Hodgkin Lymphoma,neoplasm of mature B-cells,EFO:0000096
B cell,obsolete_B-lymphocyte,EFO:0000097
B cell,obsolete_B lymphocyte,EFO:0000102
hypothalamus,obsolete_hypothalamus,EFO:0000107
hypothalamus,obsolete_hypothalamus,EFO:0000107
Hypothalamus,obsolete_hypothalamus,EFO:0000107
hypothalamus,obsolete_hypothalamus,EFO:0000107
hypothalamus,obsolete_hypothalamus,EFO:0000107
olfactory lobe,obsolete_olfactory lobe,EFO:0000108
olfactory lobe,obsolete_olfactory lobe,EFO:0000108
Olfactory bulb,obsolete_olfactory lobe,EFO:0000108
olfactory bulb,obsolete_olfactory lobe,EFO:0000108
spinal cord,obsolete_spinal cord,EFO:0000110
spinal cord,obsolete_spinal cord,EFO:0000110
Spinal cord,obsolete_spinal cord,EFO:0000110
spinal cord,obsolete_spinal cord,EFO:0000110
spinal cord,obsolete_spinal cord,EFO:0000110
spinal cord,obsolete_spinal cord,EFO:0000110
Ewing sarcoma,obsolete_Ewing family tumor,EFO:0000173
Askin's tumor,Ewing sarcoma,EFO:0000174
Ewing sarcoma,Ewing sarcoma,EFO:0000174
Ewing sarcoma,Ewing sarcoma,EFO:0000174
Ewing sarcoma,Ewing sarcoma,EFO:0000174
Ewing Sarcoma,Ewing sarcoma,EFO:0000174
Askin Tumor,Ewing sarcoma,EFO:0000174
Peripheral Primitive Neuroectodermal Tumor,Ewing sarcoma,EFO:0000174
gastric fundus cancer,gastric carcinoma,EFO:0000178
stomach carcinoma,gastric carcinoma,EFO:0000178
gastric carcinoma,gastric carcinoma,EFO:0000178
gastric carcinoma,gastric carcinoma,EFO:0000178
Gastric Carcinoma,gastric carcinoma,EFO:0000178
head and neck squamous cell carcinoma,head and neck squamous cell carcinoma,EFO:0000181
head and neck squamous cell carcinoma,head and neck squamous cell carcinoma,EFO:0000181
head and neck squamous cell carcinoma,head and neck squamous cell carcinoma,EFO:0000181
Head and Neck Squamous Cell Carcinoma,head and neck squamous cell carcinoma,EFO:0000181
hepatocellular carcinoma,hepatocellular carcinoma,EFO:0000182
liver carcinoma,hepatocellular carcinoma,EFO:0000182
hepatocellular carcinoma,hepatocellular carcinoma,EFO:0000182
hepatocellular carcinoma,hepatocellular carcinoma,EFO:0000182
Hepatocellular Carcinoma,hepatocellular carcinoma,EFO:0000182
Hodgkin's lymphoma,Hodgkins lymphoma,EFO:0000183
Hodgkins lymphoma,Hodgkins lymphoma,EFO:0000183
Hodgkins lymphoma,Hodgkins lymphoma,EFO:0000183
Hodgkin Lymphoma,Hodgkins lymphoma,EFO:0000183
invasive ductal carcinoma,invasive breast ductal carcinoma,EFO:0000186
invasive breast ductal carcinoma,invasive breast ductal carcinoma,EFO:0000186
invasive ductal breast carcinoma,invasive breast ductal carcinoma,EFO:0000186
Invasive Breast Carcinoma of No Special Type,invasive breast ductal carcinoma,EFO:0000186
Kaposi's sarcoma cell,Kaposi's sarcoma cell,EFO:0000187
extranodal marginal zone lymphoma of mucosa-associated lymphoid tissue,MALT lymphoma,EFO:0000191
MALT lymphoma,MALT lymphoma,EFO:0000191
MALT lymphoma,MALT lymphoma,EFO:0000191
Extranodal Marginal Zone Lymphoma of Mucosa-Associated Lymphoid Tissue,MALT lymphoma,EFO:0000191
MELAS syndrome,obsolete_MELAS syndrome,EFO:0000192
malignant peripheral nerve sheath tumor,obsolete_malignant peripheral nerve sheath tumor class,EFO:0000194
abdominal obesity-metabolic syndrome 1,metabolic syndrome,EFO:0000195
metastatic prostate cancer,metastatic prostate cancer,EFO:0000196
metastatic prostate carcinoma,metastatic prostate cancer,EFO:0000196
Metastatic Prostate Carcinoma,metastatic prostate cancer,EFO:0000196
mucinous adenocarcinoma,mucinous carcinoma,EFO:0000197
mucinous carcinoma,mucinous carcinoma,EFO:0000197
mucinous adenocarcinoma,mucinous carcinoma,EFO:0000197
Mucinous Adenocarcinoma,mucinous carcinoma,EFO:0000197
myelodysplastic syndrome,myelodysplastic syndrome,EFO:0000198
myelodysplastic syndrome,myelodysplastic syndrome,EFO:0000198
myelodysplastic syndrome,myelodysplastic syndrome,EFO:0000198
Myelodysplastic Syndrome,myelodysplastic syndrome,EFO:0000198
oral squamous cell carcinoma,oral squamous cell carcinoma,EFO:0000199
oral squamous cell carcinoma,oral squamous cell carcinoma,EFO:0000199
oral cavity squamous cell carcinoma,oral squamous cell carcinoma,EFO:0000199
Oral Cavity Squamous Cell Carcinoma,oral squamous cell carcinoma,EFO:0000199
plasma cell neoplasm,plasma cell neoplasm,EFO:0000200
plasma cell neoplasm,plasma cell neoplasm,EFO:0000200
plasma cell neoplasm,plasma cell neoplasm,EFO:0000200
Plasma Cell Neoplasm,plasma cell neoplasm,EFO:0000200
monoclonal gammopathy of uncertain significance,monoclonal gammopathy,EFO:0000203
monoclonal gammopathy,monoclonal gammopathy,EFO:0000203
Monoclonal Gammopathy,monoclonal gammopathy,EFO:0000203
stage I endometrioid carcinoma,stage I endometrioid carcinoma,EFO:0000205
stage I endometrioid carcinoma,stage I endometrioid carcinoma,EFO:0000205
stage II endometrioid carcinoma,stage II endometrioid carcinoma,EFO:0000206
stage II endometrioid carcinoma,stage II endometrioid carcinoma,EFO:0000206
adult T-cell leukemia/lymphoma,T-cell acute lymphoblastic leukemia,EFO:0000209
T-cell acute lymphoblastic leukemia,T-cell acute lymphoblastic leukemia,EFO:0000209
T-cell acute lymphoblastic leukemia,T-cell acute lymphoblastic leukemia,EFO:0000209
T-cell acute lymphoblastic leukemia,T-cell acute lymphoblastic leukemia,EFO:0000209
T Acute Lymphoblastic Leukemia,T-cell acute lymphoblastic leukemia,EFO:0000209
lymphocyte,obsolete_T lymphocyte,EFO:0000210
unspecified peripheral T-cell lymphoma,unspecified peripheral T-cell lymphoma,EFO:0000211
"peripheral T-cell lymphoma, not otherwise specified",unspecified peripheral T-cell lymphoma,EFO:0000211
"Peripheral T-Cell Lymphoma, Not Otherwise Specified",unspecified peripheral T-cell lymphoma,EFO:0000211
nephroblastoma,obsolete_Wilms tumor,EFO:0000212
acinar cell carcinoma,acinar cell carcinoma,EFO:0000216
acinar cell carcinoma,acinar cell carcinoma,EFO:0000216
acinar cell carcinoma,acinar cell carcinoma,EFO:0000216
Acinar Cell Carcinoma,acinar cell carcinoma,EFO:0000216
gastritis,gastritis,EFO:0000217
Gastrit,gastritis,EFO:0000217
gastritis,gastritis,EFO:0000217
Gastritis,gastritis,EFO:0000217
acute erythroid leukemia,acute erythroleukemia,EFO:0000218
acute erythroid leukemia,acute erythroleukemia,EFO:0000218
Acute Erythroid Leukemia,acute erythroleukemia,EFO:0000218
obsolete precursor lymphoblastic lymphoma/leukemia,obsolete_acute lymphoblastic leukemia,EFO:0000219
lymphoid leukemia,acute lymphoblastic leukemia,EFO:0000220
acute lymphoblastic leukemia,acute lymphoblastic leukemia,EFO:0000220
acute lymphoblastic leukemia,acute lymphoblastic leukemia,EFO:0000220
Acute lymfatische leukemie,acute lymphoblastic leukemia,EFO:0000220
acute lymphoblastic leukemia,acute lymphoblastic leukemia,EFO:0000220
Acute Lymphoblastic Leukemia,acute lymphoblastic leukemia,EFO:0000220
acute monocytic leukemia,acute monocytic leukemia,EFO:0000221
acute monocytic leukemia,acute monocytic leukemia,EFO:0000221
acute monocytic leukemia,acute monocytic leukemia,EFO:0000221
Acute Monocytic Leukemia,acute monocytic leukemia,EFO:0000221
acute myeloid leukemia,acute myeloid leukemia,EFO:0000222
acute myeloid leukemia,acute myeloid leukemia,EFO:0000222
acute myeloid leukemia,acute myeloid leukemia,EFO:0000222
Acute Myeloid Leukemia,acute myeloid leukemia,EFO:0000222
acute myelomonocytic leukemia,acute myelomonocytic leukemia,EFO:0000223
acute myelomonocytic leukemia,acute myelomonocytic leukemia,EFO:0000223
acute myelomonocytic leukemia M4,acute myelomonocytic leukemia,EFO:0000223
Acute Myelomonocytic Leukemia,acute myelomonocytic leukemia,EFO:0000223
acute promyelocytic leukemia,acute promyelocytic leukemia,EFO:0000224
acute promyelocytic leukemia with PML-RARA,acute promyelocytic leukemia,EFO:0000224
acute promyelocytic leukemia,acute promyelocytic leukemia,EFO:0000224
acute promyelocytic leukemia,acute promyelocytic leukemia,EFO:0000224
Acute Promyelocytic Leukemia with t(15;17)(q24.1;q21.2); PML-RARA,acute promyelocytic leukemia,EFO:0000224
acute quadriplegic myopathy,acute quadriplegic myopathy,EFO:0000225
adductor mandibulae complex,obsolete_adductor mandibulae complex,EFO:0000227
adenocarcinoma,adenocarcinoma,EFO:0000228
adenocarcinoma,adenocarcinoma,EFO:0000228
adenocarcinoma,adenocarcinoma,EFO:0000228
Adenocarcinoma,adenocarcinoma,EFO:0000228
adenohypophyseal placode,obsolete_adenohypophyseal placode,EFO:0000229
adenohypophysis,obsolete_adenohypophysis,EFO:0000230
adenohypophysis,obsolete_adenohypophysis,EFO:0000230
adenoid cystic carcinoma,adenoid cystic carcinoma,EFO:0000231
adenoid cystic carcinoma,adenoid cystic carcinoma,EFO:0000231
adenoid cystic carcinoma,adenoid cystic carcinoma,EFO:0000231
Adenoid Cystic Carcinoma,adenoid cystic carcinoma,EFO:0000231
adenoma,adenoma,EFO:0000232
adenoma,adenoma,EFO:0000232
adenoma,adenoma,EFO:0000232
Adenoma,adenoma,EFO:0000232
adenosquamous lung carcinoma,adenosquamous lung carcinoma,EFO:0000233
adenosquamous lung carcinoma,adenosquamous lung carcinoma,EFO:0000233
adenosquamous lung carcinoma,adenosquamous lung carcinoma,EFO:0000233
Lung Adenosquamous Carcinoma,adenosquamous lung carcinoma,EFO:0000233
adrenal cortex,obsolete_adrenal cortex,EFO:0000237
adrenal cortex,obsolete_adrenal cortex,EFO:0000237
adrenal gland cortex,obsolete_adrenal cortex,EFO:0000237
adrenal cortex,obsolete_adrenal cortex,EFO:0000237
adrenal gland pheochromocytoma,adrenal gland pheochromocytoma,EFO:0000239
adrenal gland pheochromocytoma,adrenal gland pheochromocytoma,EFO:0000239
adrenal gland pheochromocytoma,adrenal gland pheochromocytoma,EFO:0000239
Adrenal Gland Pheochromocytoma,adrenal gland pheochromocytoma,EFO:0000239
malpighian tubule,obsolete_Malpighian tubule,EFO:0000243
adult Malpighian tubule,obsolete_Malpighian tubule,EFO:0000243
Malpighian tubule,obsolete_Malpighian tubule,EFO:0000243
adult midgut progenitor cell,adult midgut precursor,EFO:0000244
Aicardi syndrome,obsolete_Aicardi syndrome,EFO:0000247
alveolar rhabdomyosarcoma,alveolar rhabdomyosarcoma,EFO:0000248
alveolar rhabdomyosarcoma,alveolar rhabdomyosarcoma,EFO:0000248
Alveolair rhabdomyosarcoom,alveolar rhabdomyosarcoma,EFO:0000248
alveolar rhabdomyosarcoma,alveolar rhabdomyosarcoma,EFO:0000248
Alveolar Rhabdomyosarcoma,alveolar rhabdomyosarcoma,EFO:0000248
Alzheimer's disease,obsolete_Alzheimer's disease,EFO:0000249
amnioserosa,obsolete_amnioserosa,EFO:0000250
amygdala,obsolete_amygdala,EFO:0000252
Amygdala,obsolete_amygdala,EFO:0000252
amygdala,obsolete_amygdala,EFO:0000252
amyotrophic lateral sclerosis,obsolete_amyotrophic lateral sclerosis,EFO:0000253
obsolete anal pad specific anlage,anal pad specific anlage,EFO:0000254
angioimmunoblastic T-cell lymphoma,angioimmunoblastic T-cell lymphoma,EFO:0000255
angioimmunoblastic T-cell lymphoma,angioimmunoblastic T-cell lymphoma,EFO:0000255
angioimmunoblastic T-cell lymphoma,angioimmunoblastic T-cell lymphoma,EFO:0000255
"Follicular Helper T-Cell Lymphoma, Angioimmunoblastic-Type",angioimmunoblastic T-cell lymphoma,EFO:0000255
wing disc-derived cell-line,antennal primordium2,EFO:0000258
obsolete anterior endoderm anlage in statu nascendi,anterior endoderm anlage in statu nascendi,EFO:0000260
FBbt_00005524,anterior endoderm primordium,EFO:0000261
obsolete anterior spiracle specific anlage,anterior spiracle specific anlage,EFO:0000263
aorta,obsolete_aorta,EFO:0000265
adult aorta,obsolete_aorta,EFO:0000265
Aorta,obsolete_aorta,EFO:0000265
dorsal aorta,obsolete_aorta,EFO:0000265
aorta,obsolete_aorta,EFO:0000265
dorsal aorta,obsolete_aorta,EFO:0000265
aortic valve stenosis,aortic stenosis,EFO:0000266
apical meristem,obsolete_apical meristem,EFO:0000267
asthma,obsolete_asthma,EFO:0000270
malignant astrocytoma,obsolete_astrocytic tumor,EFO:0000271
malignant astrocytoma,astrocytoma,EFO:0000272
astrocytoma,astrocytoma,EFO:0000272
astrocytoma (excluding glioblastoma),astrocytoma,EFO:0000272
Astrocytoma,astrocytoma,EFO:0000272
Astrocytic Tumor,astrocytoma,EFO:0000272
atopic dermatitis,atopic eczema,EFO:0000274
atopic eczema,atopic eczema,EFO:0000274
Eczema,atopic eczema,EFO:0000274
atrial fibrillation,atrial fibrillation,EFO:0000275
Atrial fibrillation,atrial fibrillation,EFO:0000275
atrial fibrillation,atrial fibrillation,EFO:0000275
Atrial Fibrillation,atrial fibrillation,EFO:0000275
Atrioventricular node,obsolete_atrioventricular node,EFO:0000276
atrioventricular node,obsolete_atrioventricular node,EFO:0000276
myotome somite 14,obsolete_atrioventricular node,EFO:0000276
atrium,obsolete_cardiac atrium,EFO:0000277
heart atrium,obsolete_cardiac atrium,EFO:0000277
Atrium,obsolete_cardiac atrium,EFO:0000277
heart atrium,obsolete_cardiac atrium,EFO:0000277
pancreatitis,pancreatitis,EFO:0000278
pancreatitis,pancreatitis,EFO:0000278
Pancreatitis,pancreatitis,EFO:0000278
spermatogenic failure,azoospermia,EFO:0000279
azoospermia,azoospermia,EFO:0000279
spermatogenic failure,azoospermia,EFO:0000279
Barrett's esophagus,Barrett's esophagus,EFO:0000280
Barrett esophagus,Barrett's esophagus,EFO:0000280
Barrett Esophagus,Barrett's esophagus,EFO:0000280
basal-like breast carcinoma,basal-like breast carcinoma,EFO:0000281
basal-like breast carcinoma,basal-like breast carcinoma,EFO:0000281
Basal-Like Breast Carcinoma,basal-like breast carcinoma,EFO:0000281
prostatic hypertrophy,benign prostatic hyperplasia,EFO:0000284
prostatic adenoma,benign prostatic hyperplasia,EFO:0000284
Benign prostat hiperplazisi,benign prostatic hyperplasia,EFO:0000284
benign prostatic hyperplasia,benign prostatic hyperplasia,EFO:0000284
Benign Prostatic Hyperplasia,benign prostatic hyperplasia,EFO:0000284
bipolar disorder,obsolete_bipolar disorder,EFO:0000289
bladder,obsolete_bladder,EFO:0000290
bladder,obsolete_bladder,EFO:0000290
Urinary bladder,obsolete_bladder,EFO:0000290
urinary bladder,obsolete_bladder,EFO:0000290
bladder,obsolete_bladder,EFO:0000290
bladder carcinoma,obsolete_bladder carcinoma,EFO:0000292
obsolete_bladder carcinoma,obsolete_bladder carcinoma,EFO:0000292
Blaas carcinoom,obsolete_bladder carcinoma,EFO:0000292
Bladder Carcinoma,obsolete_bladder carcinoma,EFO:0000292
bladder tumor,bladder tumor,EFO:0000294
urinary bladder neoplasm,bladder tumor,EFO:0000294
Bladder Neoplasm,bladder tumor,EFO:0000294
blastocyst,obsolete_blastocyst,EFO:0000295
blood,obsolete_blood,EFO:0000296
blood,obsolete_blood,EFO:0000296
central nervous system,obsolete_brain,EFO:0000302
adult brain,obsolete_brain,EFO:0000302
Brain,obsolete_brain,EFO:0000302
brain,obsolete_brain,EFO:0000302
pharyngeal nervous system,obsolete_brain,EFO:0000302
brain,obsolete_brain,EFO:0000302
breast adenocarcinoma,breast adenocarcinoma,EFO:0000304
breast adenocarcinoma,breast adenocarcinoma,EFO:0000304
breast adenocarcinoma,breast adenocarcinoma,EFO:0000304
Breast Adenocarcinoma,breast adenocarcinoma,EFO:0000304
breast carcinoma,breast carcinoma,EFO:0000305
breast carcinoma,breast carcinoma,EFO:0000305
breast carcinoma,breast carcinoma,EFO:0000305
Breast Carcinoma,breast carcinoma,EFO:0000305
luminal breast carcinoma A,breast tumor luminal,EFO:0000306
breast tumor luminal,breast tumor luminal,EFO:0000306
breast tumor luminal A or B,breast tumor luminal,EFO:0000306
bronchiolo-alveolar adenocarcinoma,bronchoalveolar adenocarcinoma,EFO:0000308
bronchoalveolar adenocarcinoma,bronchoalveolar adenocarcinoma,EFO:0000308
minimally invasive lung adenocarcinoma,bronchoalveolar adenocarcinoma,EFO:0000308
Minimally Invasive Lung Adenocarcinoma,bronchoalveolar adenocarcinoma,EFO:0000308
Burkitt lymphoma,Burkitts lymphoma,EFO:0000309
Burkitts lymphoma,Burkitts lymphoma,EFO:0000309
Burkitt lymphoma,Burkitts lymphoma,EFO:0000309
Burkitt Lymphoma,Burkitts lymphoma,EFO:0000309
limb-girdle muscular dystrophy,obsolete_calpainopathy,EFO:0000310
organ system cancer,obsolete_cancer,EFO:0000311
cell type cancer,obsolete_cancer,EFO:0000311
cancer,obsolete_cancer,EFO:0000311
obsolete_cancer,obsolete_cancer,EFO:0000311
Malignant Neoplasm,obsolete_cancer,EFO:0000311
carcinoma,carcinoma,EFO:0000313
carcinoma,carcinoma,EFO:0000313
carcinoma,carcinoma,EFO:0000313
Carcinoma,carcinoma,EFO:0000313
cardiogenic mesoderm,cardiac mesoderm primordium,EFO:0000315
heart ventricle,obsolete_cardiac ventricle,EFO:0000317
heart ventricle,obsolete_cardiac ventricle,EFO:0000317
Ventricle,obsolete_cardiac ventricle,EFO:0000317
heart ventricle,obsolete_cardiac ventricle,EFO:0000317
cardiac ventricle,obsolete_cardiac ventricle,EFO:0000317
cardiomyopathy,cardiomyopathy,EFO:0000318
cardiomyopathy,cardiomyopathy,EFO:0000318
Cardiomyopathy,cardiomyopathy,EFO:0000318
cardiovascular system disease,cardiovascular disease,EFO:0000319
cardiovascular disorder,cardiovascular disease,EFO:0000319
Cardiovascular Disorder,cardiovascular disease,EFO:0000319
cell property,cell property,EFO:0000323
central nervous system cancer,central nervous system cancer,EFO:0000326
central nervous system cancer,central nervous system cancer,EFO:0000326
central nervous system cancer,central nervous system cancer,EFO:0000326
Malignant Central Nervous System Neoplasm,central nervous system cancer,EFO:0000326
Central Nervous System Neoplasm,central nervous system cancer,EFO:0000326
cerebellum,obsolete_cerebellum,EFO:0000327
cerebral cortex,obsolete_cerebral cortex,EFO:0000328
cerebral cortex,obsolete_cerebral cortex,EFO:0000328
adult brain cell body rind,obsolete_cerebral cortex,EFO:0000328
Cerebral cortex,obsolete_cerebral cortex,EFO:0000328
cerebral cortex,obsolete_cerebral cortex,EFO:0000328
cerebrospinal fluid,obsolete_cerebrospinal fluid,EFO:0000329
childhood acute myeloid leukemia,childhood acute myeloid leukemia,EFO:0000330
childhood acute myeloid leukemia,childhood acute myeloid leukemia,EFO:0000330
childhood acute myeloid leukemia,childhood acute myeloid leukemia,EFO:0000330
Childhood Acute Myeloid Leukemia,childhood acute myeloid leukemia,EFO:0000330
chondroblastoma,chondroblastoma,EFO:0000331
chondroblastoma,chondroblastoma,EFO:0000331
Chondroblastom,chondroblastoma,EFO:0000331
chondroblastoma,chondroblastoma,EFO:0000331
Chondroblastoma,chondroblastoma,EFO:0000331
chondromyxoid fibroma,chondromyxoid fibroma,EFO:0000332
chondromyxoid fibroma,chondromyxoid fibroma,EFO:0000332
Chondromyxoid Fibroma,chondromyxoid fibroma,EFO:0000332
chondrosarcoma,chondrosarcoma,EFO:0000333
chondrosarcoma,chondrosarcoma,EFO:0000333
Chondrosarcoma,chondrosarcoma,EFO:0000333
chondrosarcoma,chondrosarcoma,EFO:0000333
Chondrosarcoma,chondrosarcoma,EFO:0000333
chordoma,obsolete_chordoma,EFO:0000334
chromophobe renal cell carcinoma,chromophobe renal cell carcinoma,EFO:0000335
chromophobe renal cell carcinoma,chromophobe renal cell carcinoma,EFO:0000335
chromophobe renal cell carcinoma,chromophobe renal cell carcinoma,EFO:0000335
Chromophobe Renal Cell Carcinoma,chromophobe renal cell carcinoma,EFO:0000335
gastritis,chronic gastritis,EFO:0000337
Chronic gastritis,chronic gastritis,EFO:0000337
chronic gastritis,chronic gastritis,EFO:0000337
Chronic Gastritis,chronic gastritis,EFO:0000337
chronic granulomatous disease,obsolete_chronic granulomatous disease,EFO:0000338
"chronic myelogenous leukemia, BCR-ABL1 positive",chronic myelogenous leukemia,EFO:0000339
chronic myeloid leukemia,chronic myelogenous leukemia,EFO:0000339
chronic myelogenous leukemia,chronic myelogenous leukemia,EFO:0000339
"chronic myelogenous leukemia, BCR-ABL1 positive",chronic myelogenous leukemia,EFO:0000339
"Chronic Myeloid Leukemia, BCR-ABL1 Positive",chronic myelogenous leukemia,EFO:0000339
"Myeloid Leukemia, Philadelphia-Positive",chronic myelogenous leukemia,EFO:0000339
chronic myeloid leukemia,obsolete_chronic myeloid leukemia,EFO:0000340
chronic obstructive pulmonary disease,chronic obstructive pulmonary disease,EFO:0000341
chronic obstructive pulmonary disease,chronic obstructive pulmonary disease,EFO:0000341
Chronic Obstructive Pulmonary Disease,chronic obstructive pulmonary disease,EFO:0000341
chronic pancreatitis,chronic pancreatitis,EFO:0000342
Chronic Pancreatitis,chronic pancreatitis,EFO:0000342
circular visceral muscle primordium,circular visceral mesoderm primordium,EFO:0000344
clear cell adenocarcinoma,clear cell adenocarcinoma,EFO:0000348
clear cell adenocarcinoma,clear cell adenocarcinoma,EFO:0000348
clear cell adenocarcinoma,clear cell adenocarcinoma,EFO:0000348
Clear Cell Adenocarcinoma,clear cell adenocarcinoma,EFO:0000348
Mesonephric Adenocarcinoma,clear cell adenocarcinoma,EFO:0000348
clear cell renal cell carcinoma,clear cell renal carcinoma,EFO:0000349
clear cell renal carcinoma,clear cell renal carcinoma,EFO:0000349
clear cell renal carcinoma,clear cell renal carcinoma,EFO:0000349
Clear Cell Renal Cell Carcinoma,clear cell renal carcinoma,EFO:0000349
kidney clear cell sarcoma,clear cell sarcoma of the kidney,EFO:0000350
clear cell sarcoma of the kidney,clear cell sarcoma of the kidney,EFO:0000350
clear cell sarcoma of kidney,clear cell sarcoma of the kidney,EFO:0000350
Clear Cell Sarcoma of the Kidney,clear cell sarcoma of the kidney,EFO:0000350
cochlea,obsolete_cochlea structure,EFO:0000357
cochlea,obsolete_cochlea structure,EFO:0000357
Cochlea,obsolete_cochlea structure,EFO:0000357
cochlea,obsolete_cochlea structure,EFO:0000357
lagena,obsolete_cochlea structure,EFO:0000357
Cockayne syndrome,obsolete_cockayne syndrome,EFO:0000359
colon,obsolete_colon,EFO:0000361
colon,obsolete_colon,EFO:0000361
Colon,obsolete_colon,EFO:0000361
colon,obsolete_colon,EFO:0000361
colon,obsolete_colon,EFO:0000361
posterior intestine,obsolete_colon,EFO:0000361
colon adenocarcinoma,obsolete_colon adenocarcinoma,EFO:0000362
colon carcinoma,obsolete_colon carcinoma,EFO:0000363
colon mucinous adenocarcinoma,colon mucinous adenocarcinoma,EFO:0000364
colon mucinous adenocarcinoma,colon mucinous adenocarcinoma,EFO:0000364
colon mucinous adenocarcinoma,colon mucinous adenocarcinoma,EFO:0000364
Colon Mucinous Adenocarcinoma,colon mucinous adenocarcinoma,EFO:0000364
colorectal adenocarcinoma,colorectal adenocarcinoma,EFO:0000365
large intestine adenocarcinoma,colorectal adenocarcinoma,EFO:0000365
colorectal adenocarcinoma,colorectal adenocarcinoma,EFO:0000365
colorectal adenocarcinoma,colorectal adenocarcinoma,EFO:0000365
Colorectal Adenocarcinoma,colorectal adenocarcinoma,EFO:0000365
common variable immunodeficiency,obsolete_common variable immunodeficiency,EFO:0000367
dilated cardiomyopathy,obsolete_congestive cardiomyopathy,EFO:0000372
congestive heart failure,congestive heart failure,EFO:0000373
congestive heart failure,congestive heart failure,EFO:0000373
Congestive Heart Failure,congestive heart failure,EFO:0000373
clear cell renal cell carcinoma,obsolete_conventional clear cell renal carcinoma,EFO:0000376
cornea,obsolete_cornea structure,EFO:0000377
corpus allatum,obsolete_corpus allatum,EFO:0000379
corpus allatum primordium,obsolete_corpus allatum,EFO:0000379
corpus allatum,obsolete_corpus allatum,EFO:0000379
corpus cardiacum,obsolete_corpus cardiacum,EFO:0000380
corpus cardiacum,obsolete_corpus cardiacum,EFO:0000380
corpus striatum,obsolete_corpus striatum,EFO:0000381
cerebral cortex,obsolete_cortex,EFO:0000383
Crohn's disease,Crohn's disease,EFO:0000384
Crohn disease,Crohn's disease,EFO:0000384
Crohn Disease,Crohn's disease,EFO:0000384
obsolete crystal cell specific anlage,crystal cell specific anlage,EFO:0000386
skin melanoma,cutaneous melanoma,EFO:0000389
cutaneous melanoma,cutaneous melanoma,EFO:0000389
Cutaan melanoom,cutaneous melanoma,EFO:0000389
cutaneous melanoma,cutaneous melanoma,EFO:0000389
Cutaneous Melanoma,cutaneous melanoma,EFO:0000389
cystic fibrosis,obsolete_cystic fibrosis,EFO:0000390
dedifferentiated chondrosarcoma,dedifferentiated chondrosarcoma,EFO:0000394
dedifferentiated chondrosarcoma,dedifferentiated chondrosarcoma,EFO:0000394
dedifferentiated chondrosarcoma,dedifferentiated chondrosarcoma,EFO:0000394
Dedifferentiated Chondrosarcoma,dedifferentiated chondrosarcoma,EFO:0000394
dermatomyositis,dermatomyositis,EFO:0000398
dermatomyositis,dermatomyositis,EFO:0000398
Dermatomyositis,dermatomyositis,EFO:0000398
diabetes mellitus,diabetes mellitus,EFO:0000400
Diabetes mellitus,diabetes mellitus,EFO:0000400
diabetes mellitus,diabetes mellitus,EFO:0000400
Diabetes Mellitus,diabetes mellitus,EFO:0000400
diabetic autonomic neuropathy,diabetic nephropathy,EFO:0000401
type 1 diabetes nephropathy,diabetic nephropathy,EFO:0000401
type 2 diabetes nephropathy,diabetic nephropathy,EFO:0000401
diabetic kidney disease,diabetic nephropathy,EFO:0000401
Diabetic Nephropathy,diabetic nephropathy,EFO:0000401
gastric diffuse adenocarcinoma,diffuse gastric adenocarcinoma,EFO:0000402
diffuse gastric adenocarcinoma,diffuse gastric adenocarcinoma,EFO:0000402
diffuse gastric adenocarcinoma,diffuse gastric adenocarcinoma,EFO:0000402
Gastric Diffuse Adenocarcinoma,diffuse gastric adenocarcinoma,EFO:0000402
diffuse large B-cell lymphoma,diffuse large B-cell lymphoma,EFO:0000403
diffuse large B-cell lymphoma,diffuse large B-cell lymphoma,EFO:0000403
diffuse large B-cell lymphoma,diffuse large B-cell lymphoma,EFO:0000403
Diffuse Large B-Cell Lymphoma,diffuse large B-cell lymphoma,EFO:0000403
diffuse scleroderma,diffuse scleroderma,EFO:0000404
diffuse scleroderma,diffuse scleroderma,EFO:0000404
Diffuse Cutaneous Systemic Sclerosis,diffuse scleroderma,EFO:0000404
intestinal disease,digestive system disease,EFO:0000405
gastrointestinal system disease,digestive system disease,EFO:0000405
digestive system disorder,digestive system disease,EFO:0000405
Digestive System Disorder,digestive system disease,EFO:0000405
dilated cardiomyopathy,dilated cardiomyopathy,EFO:0000407
Cardiomyopathie dilatée,dilated cardiomyopathy,EFO:0000407
dilated cardiomyopathy,dilated cardiomyopathy,EFO:0000407
dilated cardiomyopathy,dilated cardiomyopathy,EFO:0000407
Dilated Cardiomyopathy,dilated cardiomyopathy,EFO:0000407
disease,disease,EFO:0000408
disease,disease,EFO:0000408
Disease or Disorder,disease,EFO:0000408
disease,disease,EFO:0000408
obsolete dorsal apodeme specific anlage,dorsal apodeme specific anlage,EFO:0000413
ectoderm,obsolete_ectoderm,EFO:0000414
dorsal ectoderm anlage,obsolete_ectoderm,EFO:0000414
obsolete dorsal ectoderm anlage in statu nascendi,dorsal ectoderm anlage in statu nascendi,EFO:0000415
obsolete dorsal ectodermal primordium,dorsal ectoderm primordium,EFO:0000416
wing disc,obsolete_dorsal mesothoracic disc,EFO:0000420
dorsal pharyngeal muscle cell,dorsal prothoracic pharyngeal muscle,EFO:0000423
Duchenne muscular dystrophy,obsolete_Duchenne muscular dystrophy,EFO:0000429
invasive ductal carcinoma,obsolete_ductal breast carcinoma,EFO:0000431
ductal carcinoma in situ,breast ductal carcinoma in situ,EFO:0000432
breast ductal carcinoma in situ,breast ductal carcinoma in situ,EFO:0000432
ductal breast carcinoma in situ,breast ductal carcinoma in situ,EFO:0000432
Breast Ductal Carcinoma In Situ,breast ductal carcinoma in situ,EFO:0000432
obsolete ectoderm anlage in statu nascendi,ectoderm anlage in statu nascendi,EFO:0000435
plant embryo,obsolete_plant embryo,EFO:0000436
plant embryo,obsolete_plant embryo,EFO:0000436
embryonal rhabdomyosarcoma,embryonal rhabdomyosarcoma,EFO:0000437
embryonal rhabdomyosarcoma,embryonal rhabdomyosarcoma,EFO:0000437
Embriyonel rabdomyosarkom,embryonal rhabdomyosarcoma,EFO:0000437
embryonal rhabdomyosarcoma,embryonal rhabdomyosarcoma,EFO:0000437
Embryonal Rhabdomyosarcoma,embryonal rhabdomyosarcoma,EFO:0000437
presumptive embryonic/larval central nervous system,embryonic central nervous system,EFO:0000447
FBbt_00001719,embryonic corpus allatum,EFO:0000448
FBbt_00001720,embryonic corpus cardiacum,EFO:0000449
FBbt_00005625,embryonic cuprophilic cell,EFO:0000450
Emery-Dreifuss muscular dystrophy,obsolete_Emery-Dreifuss muscular dystrophy,EFO:0000463
pulmonary emphysema,emphysema,EFO:0000464
pulmonary emphysema,emphysema,EFO:0000464
Pulmonary Emphysema,emphysema,EFO:0000464
endocarditis,endocarditis,EFO:0000465
Endocardite,endocarditis,EFO:0000465
endocarditis,endocarditis,EFO:0000465
Endocarditis,endocarditis,EFO:0000465
endometrioid carcinoma,endometrioid carcinoma,EFO:0000466
endometrioid adenocarcinoma,endometrioid carcinoma,EFO:0000466
Endometrioid Adenocarcinoma,endometrioid carcinoma,EFO:0000466
epilepsy,epilepsy,EFO:0000474
epilepsy,epilepsy,EFO:0000474
Seizure Disorder,epilepsy,EFO:0000474
epithelial cell of lung,obsolete_epithelial cell of lung,EFO:0000476
esophagus adenocarcinoma,esophageal adenocarcinoma,EFO:0000478
esophageal adenocarcinoma,esophageal adenocarcinoma,EFO:0000478
esophageal adenocarcinoma,esophageal adenocarcinoma,EFO:0000478
Esophageal Adenocarcinoma,esophageal adenocarcinoma,EFO:0000478
essential thrombocythemia,essential thrombocythemia,EFO:0000479
essential thrombocythemia,essential thrombocythemia,EFO:0000479
essential thrombocythemia,essential thrombocythemia,EFO:0000479
Essential Thrombocythemia,essential thrombocythemia,EFO:0000479
extra-adrenal pheochromocytoma,extra-adrenal sympathetic paraganglioma,EFO:0000489
extra-adrenal sympathetic paraganglioma,extra-adrenal sympathetic paraganglioma,EFO:0000489
Extra-Adrenal Sympathetic Paraganglioma,extra-adrenal sympathetic paraganglioma,EFO:0000489
facioscapulohumeral muscular dystrophy,obsolete_facioscapulohumeral muscular dystrophy,EFO:0000491
familial combined hyperlipidemia,obsolete_familial combined hyperlipidemia,EFO:0000492
fetal growth restriction,fetal growth restriction,EFO:0000495
Fetus Small for Gestational Age,fetal growth restriction,EFO:0000495
fibromatosis,fibromatosis,EFO:0000497
fibromatosis,fibromatosis,EFO:0000497
Fibromatosis,fibromatosis,EFO:0000497
thyroid adenoma,follicular thyroid adenoma,EFO:0000499
follicular adenoma,follicular thyroid adenoma,EFO:0000499
follicular thyroid adenoma,follicular thyroid adenoma,EFO:0000499
Adenom štítné žlázy,follicular thyroid adenoma,EFO:0000499
follicular thyroid adenoma,follicular thyroid adenoma,EFO:0000499
Thyroid Gland Follicular Adenoma,follicular thyroid adenoma,EFO:0000499
ganglioneuroma,ganglioneuroma,EFO:0000500
ganglioneuroma,ganglioneuroma,EFO:0000500
Ganglioneurom,ganglioneuroma,EFO:0000500
ganglioneuroma,ganglioneuroma,EFO:0000500
Ganglioneuroma,ganglioneuroma,EFO:0000500
thyroid gland follicular carcinoma,follicular thyroid carcinoma,EFO:0000501
follicular thyroid carcinoma,follicular thyroid carcinoma,EFO:0000501
Carcinoma folicular de tiroides,follicular thyroid carcinoma,EFO:0000501
thyroid gland follicular carcinoma,follicular thyroid carcinoma,EFO:0000501
Thyroid Gland Adenocarcinoma,follicular thyroid carcinoma,EFO:0000501
Thyroid Gland Follicular Carcinoma,follicular thyroid carcinoma,EFO:0000501
ganglioneuroblastoma,ganglioneuroblastoma,EFO:0000502
ganglioneuroblastoma,ganglioneuroblastoma,EFO:0000502
Ganglioneuroblastom,ganglioneuroblastoma,EFO:0000502
ganglioneuroblastoma,ganglioneuroblastoma,EFO:0000502
Ganglioneuroblastoma,ganglioneuroblastoma,EFO:0000502
gastric adenocarcinoma,gastric adenocarcinoma,EFO:0000503
gastric adenocarcinoma,gastric adenocarcinoma,EFO:0000503
gastric adenocarcinoma,gastric adenocarcinoma,EFO:0000503
Gastric Adenocarcinoma,gastric adenocarcinoma,EFO:0000503
gastric intestinal type adenocarcinoma,gastric intestinal type adenocarcinoma,EFO:0000504
gastric intestinal type adenocarcinoma,gastric intestinal type adenocarcinoma,EFO:0000504
Gastric Intestinal-Type Adenocarcinoma,gastric intestinal type adenocarcinoma,EFO:0000504
gastrointestinal stromal tumor,obsolete_gastrointestinal stromal tumor,EFO:0000505
genetic disease,genetic disorder,EFO:0000508
hereditary disease,genetic disorder,EFO:0000508
Genetic Disorder,genetic disorder,EFO:0000508
reproductive system disease,reproductive system disease,EFO:0000512
reproductive system disorder,reproductive system disease,EFO:0000512
Reproductive System Disorder,reproductive system disease,EFO:0000512
germ cell cancer,germ cell tumor,EFO:0000514
embryonal cancer,germ cell tumor,EFO:0000514
germ cell tumor,germ cell tumor,EFO:0000514
germ cell tumor,germ cell tumor,EFO:0000514
Germ Cell Tumor,germ cell tumor,EFO:0000514
giant cell glioblastoma,obsolete_brain tumor glioblastoma,EFO:0000515
glaucoma,obsolete_glaucoma,EFO:0000516
obsolete glial cell (sensu Vertebrata),obsolete_glial cell (sensu Vertebrata),EFO:0000518
glioblastoma,glioblastoma multiforme,EFO:0000519
Glioblastoma multiforme,glioblastoma multiforme,EFO:0000519
Glioblastoma,glioblastoma multiforme,EFO:0000519
glioblastoma,glioblastoma multiforme,EFO:0000519
Glioblastoma,glioblastoma multiforme,EFO:0000519
hematopoietic stem cell,obsolete_hemopoietic progenitor cell,EFO:0000526
hereditary spastic paraplegia,obsolete_hereditary spastic paraplegia,EFO:0000529
Huntington's disease,obsolete_Huntington's disease,EFO:0000533
hyperplasia,hyperplasia,EFO:0000536
Hyperplasia,hyperplasia,EFO:0000536
hypertension,hypertension,EFO:0000537
Hipertansiyon,hypertension,EFO:0000537
hypertensive disorder,hypertension,EFO:0000537
Hypertension,hypertension,EFO:0000537
hypertrophic cardiomyopathy,hypertrophic cardiomyopathy,EFO:0000538
Cardiomyopathie hypertrophique,hypertrophic cardiomyopathy,EFO:0000538
hypertrophic cardiomyopathy,hypertrophic cardiomyopathy,EFO:0000538
Hypertrophic Cardiomyopathy,hypertrophic cardiomyopathy,EFO:0000538
immune system disease,immune system disease,EFO:0000540
immune system disorder,immune system disease,EFO:0000540
Immune System Disorder,immune system disease,EFO:0000540
infertility,infertility,EFO:0000545
infertility disorder,infertility,EFO:0000545
Infertility,infertility,EFO:0000545
injury,injury,EFO:0000546
Injury,injury,EFO:0000546
pancreatic insulin-producing neuroendocrine tumor,insulinoma,EFO:0000549
Pancreatic Insulin-Producing Neuroendocrine Tumor,insulinoma,EFO:0000549
invasive breast ductal and lobular carcinoma,invasive breast ductal and lobular carcinoma,EFO:0000552
invasive ductal and lobular carcinoma,invasive breast ductal and lobular carcinoma,EFO:0000552
Invasive Breast Ductal Carcinoma and Lobular Carcinoma,invasive breast ductal and lobular carcinoma,EFO:0000552
invasive lobular carcinoma,invasive lobular carcinoma,EFO:0000553
invasive lobular carcinoma,invasive lobular carcinoma,EFO:0000553
invasive lobular breast carcinoma,invasive lobular carcinoma,EFO:0000553
Invasive Breast Lobular Carcinoma,invasive lobular carcinoma,EFO:0000553
irritable bowel syndrome,irritable bowel syndrome,EFO:0000555
irritable bowel syndrome,irritable bowel syndrome,EFO:0000555
Irritable Bowel Syndrome,irritable bowel syndrome,EFO:0000555
ischemia,ischemia,EFO:0000556
childhood type dermatomyositis,juvenile dermatomyositis,EFO:0000557
juvenile dermatomyositis,juvenile dermatomyositis,EFO:0000557
Childhood Dermatomyositis,juvenile dermatomyositis,EFO:0000557
Kaposi's sarcoma,Kaposi's sarcoma,EFO:0000558
Kaposi's sarcoma,Kaposi's sarcoma,EFO:0000558
Kapos 肉腫,Kaposi's sarcoma,EFO:0000558
Kaposi's sarcoma,Kaposi's sarcoma,EFO:0000558
Kaposi Sarcoma,Kaposi's sarcoma,EFO:0000558
keratinizing squamous cell carcinoma,keratinizing squamous cell carcinoma,EFO:0000559
keratinizing squamous cell carcinoma,keratinizing squamous cell carcinoma,EFO:0000559
keratinizing squamous cell carcinoma,keratinizing squamous cell carcinoma,EFO:0000559
Keratinizing Squamous Cell Carcinoma,keratinizing squamous cell carcinoma,EFO:0000559
large cell neuroendocrine carcinoma,large cell neuroendocrine carcinoma,EFO:0000563
large cell neuroendocrine carcinoma,large cell neuroendocrine carcinoma,EFO:0000563
large cell neuroendocrine carcinoma,large cell neuroendocrine carcinoma,EFO:0000563
Large Cell Neuroendocrine Carcinoma,large cell neuroendocrine carcinoma,EFO:0000563
leiomyosarcoma,leiomyosarcoma,EFO:0000564
leiomyosarcoma,leiomyosarcoma,EFO:0000564
leiomyosarcoma,leiomyosarcoma,EFO:0000564
Leiomyosarcoma,leiomyosarcoma,EFO:0000564
leukemia,leukemia,EFO:0000565
leukemia,leukemia,EFO:0000565
Leucemia,leukemia,EFO:0000565
leukemia,leukemia,EFO:0000565
Leukemia,leukemia,EFO:0000565
liposarcoma,liposarcoma,EFO:0000569
liposarcoma,liposarcoma,EFO:0000569
liposarcoma,liposarcoma,EFO:0000569
Liposarcoma,liposarcoma,EFO:0000569
invasive lobular carcinoma,obsolete_lobular breast carcinoma,EFO:0000570
lung adenocarcinoma,lung adenocarcinoma,EFO:0000571
lung adenocarcinoma,lung adenocarcinoma,EFO:0000571
non-small cell lung adenocarcinoma,lung adenocarcinoma,EFO:0000571
lung adenocarcinoma,lung adenocarcinoma,EFO:0000571
Lung Adenocarcinoma,lung adenocarcinoma,EFO:0000571
lymphoblast,lymphoblast,EFO:0000572
lymphoma,lymphoma,EFO:0000574
lymphoma,lymphoma,EFO:0000574
lymphoma,lymphoma,EFO:0000574
Lymphoma,lymphoma,EFO:0000574
breast medullary carcinoma,medullary breast carcinoma,EFO:0000580
medullary breast carcinoma,medullary breast carcinoma,EFO:0000580
medullary breast carcinoma,medullary breast carcinoma,EFO:0000580
Breast Medullary Carcinoma,medullary breast carcinoma,EFO:0000580
meningitis,infectious meningitis,EFO:0000584
Menenjit,infectious meningitis,EFO:0000584
infectious meningitis,infectious meningitis,EFO:0000584
Infectious Meningitis,infectious meningitis,EFO:0000584
mesenchymal stem cell,mesenchymal stem cell,EFO:0000586
mesothelioma,mesothelioma,EFO:0000588
mesothelioma,mesothelioma,EFO:0000588
Mesothelioma,mesothelioma,EFO:0000588
disease of metabolism,metabolic disease,EFO:0000589
metabolic disease,metabolic disease,EFO:0000589
Metabolic Disorder,metabolic disease,EFO:0000589
mitochondrial metabolism disease,obsolete_mitochondrial disorder,EFO:0000591
monophasic synovial sarcoma,monophasic synovial sarcoma,EFO:0000595
monophasic synovial sarcoma,monophasic synovial sarcoma,EFO:0000595
monophasic synovial sarcoma,monophasic synovial sarcoma,EFO:0000595
Monophasic Synovial Sarcoma,monophasic synovial sarcoma,EFO:0000595
motoneuron,obsolete_motoneuron,EFO:0000596
motor neuron,obsolete_motoneuron,EFO:0000596
myocardial infarction,myocardial infarction,EFO:0000612
Infarctus du myocarde,myocardial infarction,EFO:0000612
myocardial infarction,myocardial infarction,EFO:0000612
Myocardial Infarction,myocardial infarction,EFO:0000612
myxoid liposarcoma,myxoid liposarcoma,EFO:0000613
mixed-type liposarcoma,myxoid liposarcoma,EFO:0000613
myxoid liposarcoma,myxoid liposarcoma,EFO:0000613
myxoid liposarcoma,myxoid liposarcoma,EFO:0000613
Myxoid Liposarcoma,myxoid liposarcoma,EFO:0000613
narcolepsy,obsolete_narcolepsy with cataplexy,EFO:0000614
disease of cellular proliferation,neoplasm,EFO:0000616
neoplasm,neoplasm,EFO:0000616
Neoplasia,neoplasm,EFO:0000616
neoplasm,neoplasm,EFO:0000616
Neoplasm,neoplasm,EFO:0000616
neuron,obsolete_nerve cell,EFO:0000617
nervous system disease,nervous system disease,EFO:0000618
nervous system disorder,nervous system disease,EFO:0000618
Nervous System Disorder,nervous system disease,EFO:0000618
neuroblastoma,neuroblastoma,EFO:0000621
neuroblastoma,neuroblastoma,EFO:0000621
Neuroblastoma,neuroblastoma,EFO:0000621
neurofibroma,neurofibroma,EFO:0000622
mixed oligodendroglioma-astrocytoma,oligoastrocytoma,EFO:0000630
oligoastrocytoma,oligoastrocytoma,EFO:0000630
oligoastrocytoma,oligoastrocytoma,EFO:0000630
Oligoastrocytoma,oligoastrocytoma,EFO:0000630
mixed oligodendroglioma-astrocytoma,obsolete_oligoastroglioma,EFO:0000631
oligodendroglioma,oligodendroglioma,EFO:0000632
oligodendroglioma,oligodendroglioma,EFO:0000632
Oligodendroglioma,oligodendroglioma,EFO:0000632
osteosarcoma,osteosarcoma,EFO:0000637
osteosarcoma,osteosarcoma,EFO:0000637
Osteosarcoma,osteosarcoma,EFO:0000637
osteosarcoma,osteosarcoma,EFO:0000637
Osteosarcoma,osteosarcoma,EFO:0000637
papillary cystadenocarcinoma,papillary cystadenocarcinoma,EFO:0000639
papillary cystadenocarcinoma,papillary cystadenocarcinoma,EFO:0000639
papillary cystadenocarcinoma,papillary cystadenocarcinoma,EFO:0000639
Papillary Cystadenocarcinoma,papillary cystadenocarcinoma,EFO:0000639
papillary renal cell carcinoma,papillary renal cell carcinoma,EFO:0000640
papillary renal cell carcinoma,papillary renal cell carcinoma,EFO:0000640
papillary renal cell carcinoma,papillary renal cell carcinoma,EFO:0000640
Papillary Renal Cell Carcinoma,papillary renal cell carcinoma,EFO:0000640
thyroid gland papillary carcinoma,papillary thyroid carcinoma,EFO:0000641
papillary thyroid carcinoma,papillary thyroid carcinoma,EFO:0000641
Cancer papillaire de la thyroïde,papillary thyroid carcinoma,EFO:0000641
thyroid gland papillary carcinoma,papillary thyroid carcinoma,EFO:0000641
Thyroid Gland Papillary Carcinoma,papillary thyroid carcinoma,EFO:0000641
periodontitis,periodontitis,EFO:0000649
periodontosis,periodontitis,EFO:0000649
periodontitis,periodontitis,EFO:0000649
Periodontitis,periodontitis,EFO:0000649
pertussis,whooping cough,EFO:0000650
pertussis,whooping cough,EFO:0000650
Whooping Cough,whooping cough,EFO:0000650
phyllodes tumor,phyllodes tumor,EFO:0000653
phyllodes tumor,phyllodes tumor,EFO:0000653
Phyllodes Tumor,phyllodes tumor,EFO:0000653
plexiform neurofibroma,plexiform neurofibroma,EFO:0000658
polycystic ovary syndrome,polycystic ovary syndrome,EFO:0000660
polycystic ovary syndrome,polycystic ovary syndrome,EFO:0000660
Polycystic Ovary Syndrome,polycystic ovary syndrome,EFO:0000660
polymorphonuclear leukocyte,obsolete_polymorphonuclear leukocyte,EFO:0000661
polyp,polyp,EFO:0000662
Polyp,polyp,EFO:0000662
porphyria,obsolete_porphyria,EFO:0000665
portal hypertension,portal hypertension,EFO:0000666
portal hypertension,portal hypertension,EFO:0000666
Portal Hypertension,portal hypertension,EFO:0000666
pre-eclampsia,preeclampsia,EFO:0000668
preeclampsia,preeclampsia,EFO:0000668
Preeclampsia,preeclampsia,EFO:0000668
progeria,obsolete_progeria syndrome,EFO:0000671
prostate adenocarcinoma,prostate adenocarcinoma,EFO:0000673
prostate adenocarcinoma,prostate adenocarcinoma,EFO:0000673
prostate adenocarcinoma,prostate adenocarcinoma,EFO:0000673
Prostate Adenocarcinoma,prostate adenocarcinoma,EFO:0000673
psoriasis,psoriasis,EFO:0000676
psoriasis,psoriasis,EFO:0000676
Psoriasis,psoriasis,EFO:0000676
disease of mental health,mental or behavioural disorder,EFO:0000677
psychotic disorder,mental or behavioural disorder,EFO:0000677
mental disorder,mental or behavioural disorder,EFO:0000677
Psychiatric Disorder,mental or behavioural disorder,EFO:0000677
pterygium,pterygium,EFO:0000678
pterygium,pterygium,EFO:0000678
pterygium,pterygium,EFO:0000678
Pterygium,pterygium,EFO:0000678
renal cell carcinoma,renal cell carcinoma,EFO:0000681
renal cell carcinoma,renal cell carcinoma,EFO:0000681
Carcinoma de células renales,renal cell carcinoma,EFO:0000681
renal cell carcinoma,renal cell carcinoma,EFO:0000681
Renal Cell Carcinoma,renal cell carcinoma,EFO:0000681
clear cell renal cell carcinoma,obsolete_renal clear cell carcinoma,EFO:0000682
respiratory system disease,respiratory system disease,EFO:0000684
respiratory system disorder,respiratory system disease,EFO:0000684
Respiratory System Disorder,respiratory system disease,EFO:0000684
rheumatoid arthritis,rheumatoid arthritis,EFO:0000685
Artritis reumatoide,rheumatoid arthritis,EFO:0000685
rheumatoid arthritis,rheumatoid arthritis,EFO:0000685
Rheumatoid Arthritis,rheumatoid arthritis,EFO:0000685
sarcoidosis,obsolete_sarcoidosis,EFO:0000690
sarcoma,sarcoma,EFO:0000691
sarcoma,sarcoma,EFO:0000691
sarcoma,sarcoma,EFO:0000691
Sarcoma,sarcoma,EFO:0000691
schizophrenia,obsolete_schizophrenia,EFO:0000692
acoustic neuroma,schwannoma,EFO:0000693
neurilemmoma,schwannoma,EFO:0000693
cellular schwannoma,schwannoma,EFO:0000693
plexiform schwannoma,schwannoma,EFO:0000693
obsolete benign neurilemmoma,schwannoma,EFO:0000693
schwannoma,schwannoma,EFO:0000693
Schwannoma,schwannoma,EFO:0000693
severe acute respiratory syndrome,severe acute respiratory syndrome,EFO:0000694
severe acute respiratory syndrome,severe acute respiratory syndrome,EFO:0000694
Severe Acute Respiratory Syndrome,severe acute respiratory syndrome,EFO:0000694
sickle cell anemia,obsolete_sickle cell disease,EFO:0000697
signet ring cell adenocarcinoma,signet ring cell carcinoma,EFO:0000698
signet ring cell carcinoma,signet ring cell carcinoma,EFO:0000698
signet ring cell carcinoma,signet ring cell carcinoma,EFO:0000698
Signet Ring Cell Carcinoma,signet ring cell carcinoma,EFO:0000698
Sjogren's syndrome,Sjogren syndrome,EFO:0000699
Mikulicz disease,Sjogren syndrome,EFO:0000699
Sjogren syndrome,Sjogren syndrome,EFO:0000699
Sjogren Syndrome,Sjogren syndrome,EFO:0000699
skin disease,skin disease,EFO:0000701
skin disorder,skin disease,EFO:0000701
Skin Disorder,skin disease,EFO:0000701
lung small cell carcinoma,small cell lung carcinoma,EFO:0000702
lung oat cell carcinoma,small cell lung carcinoma,EFO:0000702
small cell lung carcinoma,small cell lung carcinoma,EFO:0000702
small cell lung carcinoma,small cell lung carcinoma,EFO:0000702
Lung Small Cell Carcinoma,small cell lung carcinoma,EFO:0000702
spindle cell tumor,spindle cell tumor,EFO:0000705
spindle cell neoplasm,spindle cell tumor,EFO:0000705
Spindle Cell Neoplasm,spindle cell tumor,EFO:0000705
spondyloarthropathy,spondyloarthropathy,EFO:0000706
spondyloarthropathy,spondyloarthropathy,EFO:0000706
Spondyloarthritis,spondyloarthropathy,EFO:0000706
squamous cell carcinoma,squamous cell carcinoma,EFO:0000707
squamous cell carcinoma,squamous cell carcinoma,EFO:0000707
squamous cell carcinoma,squamous cell carcinoma,EFO:0000707
Squamous Cell Carcinoma,squamous cell carcinoma,EFO:0000707
lung squamous cell carcinoma,squamous cell lung carcinoma,EFO:0000708
squamous cell lung carcinoma,squamous cell lung carcinoma,EFO:0000708
squamous cell lung carcinoma,squamous cell lung carcinoma,EFO:0000708
Lung Squamous Cell Carcinoma,squamous cell lung carcinoma,EFO:0000708
Accident cérébrovasculaire,stroke,EFO:0000712
stroke disorder,stroke,EFO:0000712
Stroke,stroke,EFO:0000712
Hemorragia subaracnoidea,subarachnoid hemorrhage,EFO:0000713
subarachnoid hemorrhage,subarachnoid hemorrhage,EFO:0000713
systemic scleroderma,systemic scleroderma,EFO:0000717
systemic sclerosis,systemic scleroderma,EFO:0000717
Systemic Scleroderma,systemic scleroderma,EFO:0000717
ulcerative colitis,ulcerative colitis,EFO:0000729
Colite ulcéreuse,ulcerative colitis,EFO:0000729
ulcerative colitis,ulcerative colitis,EFO:0000729
Ulcerative Colitis,ulcerative colitis,EFO:0000729
undifferentiated sarcoma,undifferentiated sarcoma,EFO:0000730
undifferentiated (embryonal) sarcoma,undifferentiated sarcoma,EFO:0000730
Liver Embryonal Sarcoma,undifferentiated sarcoma,EFO:0000730
uterine fibroid,uterine fibroid,EFO:0000731
uterine fibroid,uterine fibroid,EFO:0000731
Leiomioma uterino,uterine fibroid,EFO:0000731
uterine corpus leiomyoma,uterine fibroid,EFO:0000731
Uterine Corpus Leiomyoma,uterine fibroid,EFO:0000731
Myofibroma,uterine fibroid,EFO:0000731
vitamin B12 deficiency,vitamin B12 deficiency,EFO:0000734
B12 vitamini eksikliği,vitamin B12 deficiency,EFO:0000734
vitamin B12 deficiency,vitamin B12 deficiency,EFO:0000734
Vitamin B12 Deficiency,vitamin B12 deficiency,EFO:0000734
well-differentiated liposarcoma,well-differentiated liposarcoma,EFO:0000736
well-differentiated liposarcoma,well-differentiated liposarcoma,EFO:0000736
Well Differentiated Liposarcoma,well-differentiated liposarcoma,EFO:0000736
well-differentiated sarcoma,well-differentiated sarcoma,EFO:0000737
aJCC grade 1 sarcoma,well-differentiated sarcoma,EFO:0000737
AJCC Grade 1 Sarcoma,well-differentiated sarcoma,EFO:0000737
leukocyte,obsolete_white blood cell,EFO:0000738
melanoma,melanoma,EFO:0000756
melanoma,melanoma,EFO:0000756
Melanom,melanoma,EFO:0000756
melanoma,melanoma,EFO:0000756
Melanoma,melanoma,EFO:0000756
muscular dystrophy,obsolete_muscular dystrophy,EFO:0000757
limb-girdle muscular dystrophy,obsolete_limb-girdle muscular dystrophy,EFO:0000758
lipoma,lipoma,EFO:0000759
lipoma,lipoma,EFO:0000759
lipoma,lipoma,EFO:0000759
Lipoma,lipoma,EFO:0000759
malignant peripheral nerve sheath tumor,malignant peripheral nerve sheath tumor,EFO:0000760
malignant peripheral nerve sheath tumor,malignant peripheral nerve sheath tumor,EFO:0000760
Malignant Peripheral Nerve Sheath Tumor,malignant peripheral nerve sheath tumor,EFO:0000760
hepatocellular adenoma,hepatocellular adenoma,EFO:0000762
hepatocellular adenoma,hepatocellular adenoma,EFO:0000762
hepatocellular adenoma,hepatocellular adenoma,EFO:0000762
Hepatocellular Adenoma,hepatocellular adenoma,EFO:0000762
viral infectious disease,viral disease,EFO:0000763
viral infectious disease,viral disease,EFO:0000763
Viral Infection,viral disease,EFO:0000763
human immunodeficiency virus infectious disease,HIV infection,EFO:0000764
HIV infectious disease,HIV infection,EFO:0000764
HIV Infection,HIV infection,EFO:0000764
acquired immunodeficiency syndrome,AIDS,EFO:0000765
AIDS,AIDS,EFO:0000765
Acquired Immunodeficiency Syndrome,AIDS,EFO:0000765
idiopathic cardiomyopathy,idiopathic cardiomyopathy,EFO:0000767
Idiopathic Cardiomyopathy,idiopathic cardiomyopathy,EFO:0000767
idiopathic pulmonary fibrosis,idiopathic pulmonary fibrosis,EFO:0000768
idiopathic pulmonary fibrosis,idiopathic pulmonary fibrosis,EFO:0000768
Idiopathic Pulmonary Fibrosis,idiopathic pulmonary fibrosis,EFO:0000768
Epstein-Barr virus infection,Epstein-Barr virus infection,EFO:0000769
EBV Infection,Epstein-Barr virus infection,EFO:0000769
malignant pleural mesothelioma,malignant pleural mesothelioma,EFO:0000770
malignant pleural mesothelioma,malignant pleural mesothelioma,EFO:0000770
malignant pleural mesothelioma,malignant pleural mesothelioma,EFO:0000770
Pleural Malignant Mesothelioma,malignant pleural mesothelioma,EFO:0000770
bacterial infectious disease,bacterial disease,EFO:0000771
bacterial infectious disease,bacterial disease,EFO:0000771
Bacterial Infection,bacterial disease,EFO:0000771
pneumococcal infection,pneumococcal infection,EFO:0000772
temporal lobe epilepsy,temporal lobe epilepsy,EFO:0000773
temporal lobe epilepsy,temporal lobe epilepsy,EFO:0000773
Temporal Lobe Epilepsy,temporal lobe epilepsy,EFO:0000773
tuberculosis,obsolete_tuberculosis,EFO:0000774
Whipple disease,Whipple's disease,EFO:0000775
Whipple disease,Whipple's disease,EFO:0000775
Whipple Disease,Whipple's disease,EFO:0000775
Aeromonas hydrophila infectious disease,Aeromonas hydrophila infection,EFO:0000776
human granulocytic anaplasmosis,human granulocytic anaplasmosis,EFO:0000777
human granulocytic ehrlichiosis,human granulocytic anaplasmosis,EFO:0000777
anthrax disease,anthrax infection,EFO:0000778
anthrax infection,anthrax infection,EFO:0000778
Anthrax,anthrax infection,EFO:0000778
Drosophila C virus infection,Drosophila C virus infection,EFO:0000779
Enterococcus faecalis infection,Enterococcus faecalis infection,EFO:0000780
Pectobacterium carotovorum infection,Pectobacterium carotovorum infection,EFO:0000781
myositis,myositis,EFO:0000783
myositis disease,myositis,EFO:0000783
Myositis,myositis,EFO:0000783
adipose tissue,obsolete_adipose tissue,EFO:0000790
adipose system,obsolete_adipose tissue,EFO:0000790
adipose tissue,obsolete_adipose tissue,EFO:0000790
cardiovascular system,obsolete_cardiovascular system,EFO:0000791
cardiovascular system,obsolete_cardiovascular system,EFO:0000791
circulatory system,obsolete_cardiovascular system,EFO:0000791
Cardiovascular system,obsolete_cardiovascular system,EFO:0000791
cardiovascular system,obsolete_cardiovascular system,EFO:0000791
cardiovascular system,obsolete_cardiovascular system,EFO:0000791
cardiovascular system,obsolete_cardiovascular system,EFO:0000791
adult head,craniofacial tissue,EFO:0000792
cranium,craniofacial tissue,EFO:0000792
head,craniofacial tissue,EFO:0000792
alimentary system,obsolete_digestive system component,EFO:0000793
digestive system,obsolete_digestive system component,EFO:0000793
Alimentary system,obsolete_digestive system component,EFO:0000793
alimentary system,obsolete_digestive system component,EFO:0000793
alimentary system,obsolete_digestive system component,EFO:0000793
alimentary system,obsolete_digestive system component,EFO:0000793
digestive system,obsolete_digestive system component,EFO:0000793
embryo,animal developmental tissue,EFO:0000795
gland,obsolete_gland,EFO:0000797
adult endocrine system,obsolete_gland,EFO:0000797
endocrine gland,obsolete_gland,EFO:0000797
exocrine gland,obsolete_gland,EFO:0000797
endocrine system,obsolete_gland,EFO:0000797
hematopoietic system,obsolete_haemopoietic system,EFO:0000798
hematological system,obsolete_haemopoietic system,EFO:0000798
liver and biliary system,obsolete_liver and biliary system,EFO:0000800
hepatobiliary system,obsolete_liver and biliary system,EFO:0000800
liver and biliary system,obsolete_liver and biliary system,EFO:0000800
liver and biliary system,obsolete_liver and biliary system,EFO:0000800
muscular system,obsolete_muscular system,EFO:0000801
muscle system,obsolete_muscular system,EFO:0000801
muscle organ,obsolete_muscular system,EFO:0000801
muscular system,obsolete_muscular system,EFO:0000801
musculature system,obsolete_muscular system,EFO:0000801
nervous system,obsolete_nervous system,EFO:0000802
nervous system,obsolete_nervous system,EFO:0000802
nervous system,obsolete_nervous system,EFO:0000802
Nervous system,obsolete_nervous system,EFO:0000802
nervous system,obsolete_nervous system,EFO:0000802
nervous system,obsolete_nervous system,EFO:0000802
nervous system,obsolete_nervous system,EFO:0000802
nervous system,obsolete_nervous system,EFO:0000802
respiratory system,obsolete_respiratory system structure,EFO:0000804
respiratory system,obsolete_respiratory system structure,EFO:0000804
tracheal system,obsolete_respiratory system structure,EFO:0000804
Respiratory system,obsolete_respiratory system structure,EFO:0000804
respiratory system,obsolete_respiratory system structure,EFO:0000804
respiratory system,obsolete_respiratory system structure,EFO:0000804
sense organ,obsolete_sensory system,EFO:0000805
sensory organ system,obsolete_sensory system,EFO:0000805
AWC-ON,obsolete_sensory system,EFO:0000805
sensory system,obsolete_sensory system,EFO:0000805
skeleton,obsolete_skeletal system,EFO:0000806
Skeleton,obsolete_skeletal system,EFO:0000806
skeletal system,obsolete_skeletal system,EFO:0000806
skeletal system,obsolete_skeletal system,EFO:0000806
integument,obsolete_integumental system,EFO:0000807
integumental system,obsolete_integumental system,EFO:0000807
organ system,obsolete_integumental system,EFO:0000807
Integumentary system,obsolete_integumental system,EFO:0000807
integumental system,obsolete_integumental system,EFO:0000807
epithelial system,obsolete_integumental system,EFO:0000807
dermal system,obsolete_integumental system,EFO:0000807
Subdivision of cardinal body part,animal body part,EFO:0000808
organism subdivision,animal body part,EFO:0000808
reproductive system,obsolete_animal reproductive system,EFO:0000809
reproductive system,obsolete_animal reproductive system,EFO:0000809
Genital system,obsolete_animal reproductive system,EFO:0000809
genital system,obsolete_animal reproductive system,EFO:0000809
fat body,obsolete_fat body sensu invertebrata,EFO:0000810
white adipose tissue,obsolete_white fat,EFO:0000813
artery,obsolete_artery,EFO:0000814
arterial system,obsolete_artery,EFO:0000814
Artery,obsolete_artery,EFO:0000814
arterial blood vessel,obsolete_artery,EFO:0000814
artery,obsolete_artery,EFO:0000814
artery,obsolete_artery,EFO:0000814
heart,obsolete_heart,EFO:0000815
heart,obsolete_heart,EFO:0000815
adult heart,obsolete_heart,EFO:0000815
Heart,obsolete_heart,EFO:0000815
heart,obsolete_heart,EFO:0000815
heart,obsolete_heart,EFO:0000815
vein,obsolete_vein,EFO:0000816
venous system,obsolete_vein,EFO:0000816
Vein,obsolete_vein,EFO:0000816
venous blood vessel,obsolete_vein,EFO:0000816
vein,obsolete_vein,EFO:0000816
vein,obsolete_vein,EFO:0000816
blood vessel,obsolete_blood vessel,EFO:0000817
cardiac muscle,obsolete_myocardium,EFO:0000819
myocardium,obsolete_myocardium,EFO:0000819
EMAPA_16208,obsolete_myocardium,EFO:0000819
Myocardium,obsolete_myocardium,EFO:0000819
myocardium layer,obsolete_myocardium,EFO:0000819
myocardium,obsolete_myocardium,EFO:0000819
myocardium,obsolete_myocardium,EFO:0000819
pericardium,obsolete_pericardium,EFO:0000820
EMAPA_17174,obsolete_pericardium,EFO:0000820
Pericardium,obsolete_pericardium,EFO:0000820
pericardium,obsolete_pericardium,EFO:0000820
endocardium,obsolete_endocardium,EFO:0000821
endocardial tissue,obsolete_endocardium,EFO:0000821
Endocardium,obsolete_endocardium,EFO:0000821
heart endocardium,obsolete_endocardium,EFO:0000821
endocardium,obsolete_endocardium,EFO:0000821
mouth,obsolete_mouth structure,EFO:0000825
oral region,obsolete_mouth structure,EFO:0000825
adult mouth,obsolete_mouth structure,EFO:0000825
Mouth,obsolete_mouth structure,EFO:0000825
oral region,obsolete_mouth structure,EFO:0000825
buccal cavity,obsolete_mouth structure,EFO:0000825
oral cavity,obsolete_mouth structure,EFO:0000825
mouth,obsolete_mouth structure,EFO:0000825
mouth,obsolete_mouth structure,EFO:0000825
ear,obsolete_ear,EFO:0000826
ear,obsolete_ear,EFO:0000826
Ear,obsolete_ear,EFO:0000826
ear,obsolete_ear,EFO:0000826
auditory apparatus,obsolete_ear,EFO:0000826
vestibuloauditory system,obsolete_ear,EFO:0000826
eye,obsolete_eye structure,EFO:0000827
eye,obsolete_eye structure,EFO:0000827
eye,obsolete_eye structure,EFO:0000827
Eye,obsolete_eye structure,EFO:0000827
eye,obsolete_eye structure,EFO:0000827
eye,obsolete_eye structure,EFO:0000827
eye,obsolete_eye structure,EFO:0000827
nose,obsolete_nose structure,EFO:0000828
nose,obsolete_nose structure,EFO:0000828
chemosensory sensory organ,obsolete_nose structure,EFO:0000828
Nose,obsolete_nose structure,EFO:0000828
nose,obsolete_nose structure,EFO:0000828
obsolete olfactory apparatus,obsolete_nose structure,EFO:0000828
nostril,obsolete_nose structure,EFO:0000828
olfactory system,obsolete_nose structure,EFO:0000828
gustatory sensory organ,obsolete_taste system,EFO:0000830
Gustatory system,obsolete_taste system,EFO:0000830
gustatory system,obsolete_taste system,EFO:0000830
cranium,obsolete_cranium,EFO:0000831
cranium,obsolete_cranium,EFO:0000831
Skeletal system of head,obsolete_cranium,EFO:0000831
cranium,obsolete_cranium,EFO:0000831
cranium,obsolete_cranium,EFO:0000831
retina,obsolete_retina structure,EFO:0000832
retina,obsolete_retina structure,EFO:0000832
retina,obsolete_retina structure,EFO:0000832
Retina,obsolete_retina structure,EFO:0000832
retina,obsolete_retina structure,EFO:0000832
retina,obsolete_retina structure,EFO:0000832
retina,obsolete_retina structure,EFO:0000832
tongue,obsolete_tongue,EFO:0000833
EMAPA_18870,obsolete_tongue,EFO:0000833
Tongue,obsolete_tongue,EFO:0000833
tongue,obsolete_tongue,EFO:0000833
tongue,obsolete_tongue,EFO:0000833
intestine,obsolete_intestine,EFO:0000834
Intestine,obsolete_intestine,EFO:0000834
intestine,obsolete_intestine,EFO:0000834
intestine,obsolete_intestine,EFO:0000834
intestine,obsolete_intestine,EFO:0000834
intestine,obsolete_intestine,EFO:0000834
esophagus,obsolete_esophagus,EFO:0000835
esophagus,obsolete_esophagus,EFO:0000835
esophagus,obsolete_esophagus,EFO:0000835
Esophagus,obsolete_esophagus,EFO:0000835
esophagus,obsolete_esophagus,EFO:0000835
esophagus,obsolete_esophagus,EFO:0000835
pharynx,obsolete_pharynx structure,EFO:0000836
pharynx,obsolete_pharynx structure,EFO:0000836
pharynx,obsolete_pharynx structure,EFO:0000836
Pharynx,obsolete_pharynx structure,EFO:0000836
pharynx,obsolete_pharynx structure,EFO:0000836
pharynx,obsolete_pharynx structure,EFO:0000836
stomach,obsolete_stomach,EFO:0000837
stomach,obsolete_stomach,EFO:0000837
Stomach,obsolete_stomach,EFO:0000837
stomach,obsolete_stomach,EFO:0000837
larynx,obsolete_larynx,EFO:0000838
larynx,obsolete_larynx,EFO:0000838
Larynx,obsolete_larynx,EFO:0000838
larynx,obsolete_larynx,EFO:0000838
large intestine,obsolete_large intestine,EFO:0000840
large intestine,obsolete_large intestine,EFO:0000840
Large intestine,obsolete_large intestine,EFO:0000840
large intestine,obsolete_large intestine,EFO:0000840
large intestine,obsolete_large intestine,EFO:0000840
posterior intestine,obsolete_large intestine,EFO:0000840
small intestine,obsolete_small intestine,EFO:0000841
Rectum,obsolete_small intestine,EFO:0000841
small intestine,obsolete_small intestine,EFO:0000841
small intestine,obsolete_small intestine,EFO:0000841
mid intestine,obsolete_small intestine,EFO:0000841
colon ascendens,obsolete_ascending colon,EFO:0000843
Ascending colon,obsolete_ascending colon,EFO:0000843
colon transversum,obsolete_transverse colon,EFO:0000844
Transverse colon,obsolete_transverse colon,EFO:0000844
colon descendens,obsolete_descending colon,EFO:0000845
Descending colon,obsolete_descending colon,EFO:0000845
colon sigmoideum,obsolete_sigmoid colon,EFO:0000846
Sigmoid colon,obsolete_sigmoid colon,EFO:0000846
anal region,obsolete_anal region,EFO:0000847
anal pad,obsolete_anal region,EFO:0000847
Anal canal,obsolete_anal region,EFO:0000847
intestine,obsolete_anal region,EFO:0000847
cloaca,obsolete_anal region,EFO:0000847
cloaca,obsolete_anal region,EFO:0000847
cloacal chamber,obsolete_anal region,EFO:0000847
rectum,obsolete_rectum,EFO:0000848
rectum,obsolete_rectum,EFO:0000848
rectum,obsolete_rectum,EFO:0000848
Rectum,obsolete_rectum,EFO:0000848
rectum,obsolete_rectum,EFO:0000848
rectum,obsolete_rectum,EFO:0000848
rectum,obsolete_rectum,EFO:0000848
vermiform appendix,obsolete_appendix,EFO:0000849
Appendix,obsolete_appendix,EFO:0000849
cecum,obsolete_caecum,EFO:0000850
Cecum,obsolete_caecum,EFO:0000850
duodenum,obsolete_duodenum,EFO:0000851
duodenum,obsolete_duodenum,EFO:0000851
Duodenum,obsolete_duodenum,EFO:0000851
duodenum,obsolete_duodenum,EFO:0000851
duodenum,obsolete_duodenum,EFO:0000851
adrenal medulla,obsolete_adrenal medulla,EFO:0000852
adrenal medulla,obsolete_adrenal medulla,EFO:0000852
Adrenal medulla,obsolete_adrenal medulla,EFO:0000852
adrenal gland medulla,obsolete_adrenal medulla,EFO:0000852
adrenal medulla,obsolete_adrenal medulla,EFO:0000852
gall bladder,obsolete_gall bladder,EFO:0000853
gallbladder,obsolete_gall bladder,EFO:0000853
Gallbladder,obsolete_gall bladder,EFO:0000853
gall bladder,obsolete_gall bladder,EFO:0000853
gall bladder,obsolete_gall bladder,EFO:0000853
mammary gland,obsolete_mammary gland,EFO:0000854
mammary gland,obsolete_mammary gland,EFO:0000854
Lactiferous gland,obsolete_mammary gland,EFO:0000854
mammary gland,obsolete_mammary gland,EFO:0000854
pancreas,obsolete_pancreas,EFO:0000855
EMAPA_18816,obsolete_pancreas,EFO:0000855
Pancreas,obsolete_pancreas,EFO:0000855
endocrine pancreas,obsolete_pancreas,EFO:0000855
exocrine pancreas,obsolete_pancreas,EFO:0000855
pancreas,obsolete_pancreas,EFO:0000855
pancreas,obsolete_pancreas,EFO:0000855
pancreatic islet,obsolete_islet of Langerhans,EFO:0000856
hypophysis,obsolete_pituitary,EFO:0000857
future adenohypophysis,obsolete_pituitary,EFO:0000857
Pituitary gland,obsolete_pituitary,EFO:0000857
pancreatic islet,obsolete_pituitary,EFO:0000857
hypophysis,obsolete_pituitary,EFO:0000857
prostate gland,obsolete_prostate,EFO:0000858
prostate gland,obsolete_prostate,EFO:0000858
Prostate,obsolete_prostate,EFO:0000858
prostate gland,obsolete_prostate,EFO:0000858
salivary gland,obsolete_salivary gland,EFO:0000859
salivary gland,obsolete_salivary gland,EFO:0000859
salivary gland,obsolete_salivary gland,EFO:0000859
Salivary gland,obsolete_salivary gland,EFO:0000859
salivary gland,obsolete_salivary gland,EFO:0000859
thymus,obsolete_thymus,EFO:0000860
thymus,obsolete_thymus,EFO:0000860
Thymus,obsolete_thymus,EFO:0000860
thymus,obsolete_thymus,EFO:0000860
thymus,obsolete_thymus,EFO:0000860
thymus,obsolete_thymus,EFO:0000860
thyroid gland,obsolete_thyroid,EFO:0000861
EMAPA_18827,obsolete_thyroid,EFO:0000861
Thyroid gland,obsolete_thyroid,EFO:0000861
thyroid gland,obsolete_thyroid,EFO:0000861
thyroid,obsolete_thyroid,EFO:0000861
thyroid follicle,obsolete_thyroid,EFO:0000861
hatching gland,obsolete_hatching gland,EFO:0000863
hatching gland,obsolete_hatching gland,EFO:0000863
neurohemal organ,obsolete_neurohemal organ,EFO:0000864
pineal gland,obsolete_pineal gland,EFO:0000865
Pineal body,obsolete_pineal gland,EFO:0000865
pineal gland,obsolete_pineal gland,EFO:0000865
pineal gland,obsolete_pineal gland,EFO:0000865
meninx,obsolete_meninges,EFO:0000867
diencephalon meninges,obsolete_meninges,EFO:0000867
Meninx,obsolete_meninges,EFO:0000867
ligament,obsolete_meninges,EFO:0000867
bone marrow,obsolete_bone marrow,EFO:0000868
Bone marrow,obsolete_bone marrow,EFO:0000868
bone marrow,obsolete_bone marrow,EFO:0000868
bone marrow,obsolete_bone marrow,EFO:0000868
spleen,obsolete_spleen,EFO:0000869
spleen,obsolete_spleen,EFO:0000869
Spleen,obsolete_spleen,EFO:0000869
spleen,obsolete_spleen,EFO:0000869
spleen,obsolete_spleen,EFO:0000869
spleen,obsolete_spleen,EFO:0000869
lymphatic system,obsolete_lymphatic system,EFO:0000870
Lymph node,obsolete_lymphatic system,EFO:0000870
lymph node,obsolete_lymphatic system,EFO:0000870
lymph,obsolete_lymph,EFO:0000871
Lymph,obsolete_lymph,EFO:0000871
lymph,obsolete_lymph,EFO:0000871
lymph node,obsolete_lymph node,EFO:0000872
Lymph node,obsolete_lymph node,EFO:0000872
lymph vessel,obsolete_lymph vessel,EFO:0000873
Lymphatic vessel,obsolete_lymph vessel,EFO:0000873
lymphatic vessel,obsolete_lymph vessel,EFO:0000873
lymph vessel,obsolete_lymph vessel,EFO:0000873
antenna,obsolete_antenna,EFO:0000874
antenna,obsolete_antenna,EFO:0000874
limb,obsolete_vertebrate limb,EFO:0000876
Limb,obsolete_vertebrate limb,EFO:0000876
limb,obsolete_vertebrate limb,EFO:0000876
limb,obsolete_vertebrate limb,EFO:0000876
zeugopod,obsolete_zeugopod,EFO:0000878
stylopod,obsolete_stylopod,EFO:0000879
hindlimb digit,obsolete_digit,EFO:0000881
forelimb digit,obsolete_digit,EFO:0000881
forelimb,obsolete_forelimb,EFO:0000882
forelimb,obsolete_forelimb,EFO:0000882
Upper limb,obsolete_forelimb,EFO:0000882
forelimb,obsolete_forelimb,EFO:0000882
forelimb,obsolete_forelimb,EFO:0000882
hindlimb,obsolete_hindlimb,EFO:0000883
hindlimb,obsolete_hindlimb,EFO:0000883
Lower limb,obsolete_hindlimb,EFO:0000883
hindlimb,obsolete_hindlimb,EFO:0000883
hindlimb,obsolete_hindlimb,EFO:0000883
leg,invertebrate limb,EFO:0000884
wing,obsolete_wing,EFO:0000885
wing,obsolete_wing,EFO:0000885
haltere,obsolete_haltere,EFO:0000886
liver,obsolete_liver,EFO:0000887
liver,obsolete_liver,EFO:0000887
Liver,obsolete_liver,EFO:0000887
liver,obsolete_liver,EFO:0000887
liver,obsolete_liver,EFO:0000887
liver,obsolete_liver,EFO:0000887
smooth muscle,smooth muscle,EFO:0000889
adult visceral muscle cell,smooth muscle,EFO:0000889
smooth muscle,smooth muscle,EFO:0000889
ganglion,invertebrate ganglion,EFO:0000890
peripheral nervous system,obsolete_peripheral nervous system,EFO:0000891
peripheral nervous system,obsolete_peripheral nervous system,EFO:0000891
peripheral nervous system,obsolete_peripheral nervous system,EFO:0000891
peripheral nervous system,obsolete_peripheral nervous system,EFO:0000891
sympathetic nervous system,obsolete_sympathetic nervous system,EFO:0000893
sympathetic nervous system,obsolete_sympathetic nervous system,EFO:0000893
Sympathetic nervous system,obsolete_sympathetic nervous system,EFO:0000893
sympathetic nervous system,obsolete_sympathetic nervous system,EFO:0000893
sympathetic chain,obsolete_sympathetic nervous system,EFO:0000893
peripheral nervous system,obsolete_sympathetic nervous system,EFO:0000893
parasympathetic nervous system,obsolete_parasympathetic nervous system,EFO:0000894
parasympathetic nervous system,obsolete_parasympathetic nervous system,EFO:0000894
Parasympathetic nervous system,obsolete_parasympathetic nervous system,EFO:0000894
parasympathetic nervous system,obsolete_parasympathetic nervous system,EFO:0000894
peripheral nervous system,obsolete_parasympathetic nervous system,EFO:0000894
enteric nervous system,obsolete_enteric nervous system,EFO:0000895
Enteric nervous system,obsolete_enteric nervous system,EFO:0000895
enteric nervous system,obsolete_enteric nervous system,EFO:0000895
enteric nervous system,obsolete_enteric nervous system,EFO:0000895
ventral nerve cord,obsolete_ventral nerve cord,EFO:0000896
larval ventral nerve cord,obsolete_ventral nerve cord,EFO:0000896
pharyngeal nervous system,pharyngeal nervous system,EFO:0000897
somatic nervous system,obsolete_somatic nervous system,EFO:0000898
ganglion,obsolete_ganglion,EFO:0000899
central nervous system ganglion,obsolete_ganglion,EFO:0000899
ganglion,obsolete_ganglion,EFO:0000899
dorsal root ganglion,obsolete_dorsal root ganglion,EFO:0000900
tail dorsal root ganglion,obsolete_dorsal root ganglion,EFO:0000900
Spinal ganglion,obsolete_dorsal root ganglion,EFO:0000900
dorsal root ganglion,obsolete_dorsal root ganglion,EFO:0000900
ganglion,obsolete_dorsal root ganglion,EFO:0000900
dorsal root ganglion,obsolete_dorsal root ganglion,EFO:0000900
cranial ganglion,obsolete_cranial ganglion,EFO:0000902
trigeminal ganglion,obsolete_trigeminal ganglion,EFO:0000903
Trigeminal ganglion,obsolete_trigeminal ganglion,EFO:0000903
trigeminal V ganglion,obsolete_trigeminal ganglion,EFO:0000903
trigeminal ganglion,obsolete_trigeminal ganglion,EFO:0000903
basal ganglion,obsolete_basal ganglion,EFO:0000904
Set of basal ganglia,obsolete_basal ganglion,EFO:0000904
basal ganglia,obsolete_basal ganglion,EFO:0000904
globus pallidus,obsolete_globus pallidus,EFO:0000905
Globus pallidus,obsolete_globus pallidus,EFO:0000905
globus pallidus,obsolete_globus pallidus,EFO:0000905
nucleus accumbens,obsolete_accumbens nucleus,EFO:0000906
Nucleus accumbens,obsolete_accumbens nucleus,EFO:0000906
accumbens nucleus,obsolete_accumbens nucleus,EFO:0000906
caudate nucleus,obsolete_caudate nucleus,EFO:0000907
caudate nucleus,obsolete_caudate nucleus,EFO:0000907
Caudate nucleus,obsolete_caudate nucleus,EFO:0000907
caudate-putamen,obsolete_caudate nucleus,EFO:0000907
central nervous system,obsolete_central nervous system,EFO:0000908
central nervous system,obsolete_central nervous system,EFO:0000908
Neuraxis,obsolete_central nervous system,EFO:0000908
central nervous system,obsolete_central nervous system,EFO:0000908
central nervous system,obsolete_central nervous system,EFO:0000908
forebrain,obsolete_forebrain,EFO:0000909
forebrain,obsolete_forebrain,EFO:0000909
Forebrain,obsolete_forebrain,EFO:0000909
forebrain,obsolete_forebrain,EFO:0000909
forebrain,obsolete_forebrain,EFO:0000909
forebrain,obsolete_forebrain,EFO:0000909
thalamus,obsolete_thalamus,EFO:0000910
thalamus,obsolete_thalamus,EFO:0000910
Thalamus,obsolete_thalamus,EFO:0000910
thalamus,obsolete_thalamus,EFO:0000910
thalamus,obsolete_thalamus,EFO:0000910
diencephalon,obsolete_diencephalon,EFO:0000911
diencephalon,obsolete_diencephalon,EFO:0000911
Diencephalon,obsolete_diencephalon,EFO:0000911
diencephalon,obsolete_diencephalon,EFO:0000911
diencephalon,obsolete_diencephalon,EFO:0000911
diencephalon,obsolete_diencephalon,EFO:0000911
telencephalon,obsolete_telencephalon,EFO:0000912
telencephalon,obsolete_telencephalon,EFO:0000912
Communicating branch of phrenic nerve to internal thoracic plexus,obsolete_telencephalon,EFO:0000912
telencephalon,obsolete_telencephalon,EFO:0000912
telencephalon,obsolete_telencephalon,EFO:0000912
telencephalon,obsolete_telencephalon,EFO:0000912
frontal lobe,obsolete_frontal lobe,EFO:0000913
Frontal lobe,obsolete_frontal lobe,EFO:0000913
parietal lobe,obsolete_parietal lobe,EFO:0000914
Parietal lobe,obsolete_parietal lobe,EFO:0000914
occipital lobe,obsolete_occipital lobe,EFO:0000915
Occipital lobe,obsolete_occipital lobe,EFO:0000915
visual cortex,obsolete_visual cortex,EFO:0000916
Striate cortex,obsolete_visual cortex,EFO:0000916
primary visual cortex,obsolete_visual cortex,EFO:0000916
temporal lobe,obsolete_temporal lobe,EFO:0000917
temporal lobe,obsolete_temporal lobe,EFO:0000917
Temporal lobe,obsolete_temporal lobe,EFO:0000917
epithalamus,obsolete_epithalamus,EFO:0000918
epithalamus,obsolete_epithalamus,EFO:0000918
Epithalamus,obsolete_epithalamus,EFO:0000918
epithalamus,obsolete_epithalamus,EFO:0000918
epithalamus,obsolete_epithalamus,EFO:0000918
midbrain,obsolete_midbrain,EFO:0000919
midbrain,obsolete_midbrain,EFO:0000919
Midbrain,obsolete_midbrain,EFO:0000919
midbrain,obsolete_midbrain,EFO:0000919
midbrain,obsolete_midbrain,EFO:0000919
midbrain,obsolete_midbrain,EFO:0000919
tectum mesencephali,obsolete_tectum,EFO:0000920
tectum,obsolete_tectum,EFO:0000920
Midbrain tectum,obsolete_tectum,EFO:0000920
tectum,obsolete_tectum,EFO:0000920
ZFA_0001353,obsolete_tectum,EFO:0000920
substantia nigra,obsolete_substantia nigra,EFO:0000922
Substantia nigra,obsolete_substantia nigra,EFO:0000922
substantia nigra,obsolete_substantia nigra,EFO:0000922
hindbrain,obsolete_hindbrain,EFO:0000923
hindbrain,obsolete_hindbrain,EFO:0000923
Hindbrain,obsolete_hindbrain,EFO:0000923
hindbrain,obsolete_hindbrain,EFO:0000923
hindbrain,obsolete_hindbrain,EFO:0000923
hindbrain,obsolete_hindbrain,EFO:0000923
medulla oblongata,obsolete_medulla oblongata,EFO:0000924
medulla oblongata,obsolete_medulla oblongata,EFO:0000924
Medulla oblongata,obsolete_medulla oblongata,EFO:0000924
medulla oblongata,obsolete_medulla oblongata,EFO:0000924
medulla oblongata,obsolete_medulla oblongata,EFO:0000924
mushroom body,obsolete_mushroom body,EFO:0000925
mushroom body,obsolete_mushroom body,EFO:0000925
pars intercerebralis,obsolete_pars intercerebralis,EFO:0000926
pronephros,obsolete_pronephros,EFO:0000927
pronephros,obsolete_pronephros,EFO:0000927
pronephric kidney,obsolete_pronephros,EFO:0000927
pronephros,obsolete_pronephros,EFO:0000927
mesonephron,obsolete_mesonephros,EFO:0000928
bladder,obsolete_mesonephros,EFO:0000928
kidney,obsolete_mesonephros,EFO:0000928
kidney,obsolete_kidney,EFO:0000929
metanephros,obsolete_kidney,EFO:0000929
Kidney,obsolete_kidney,EFO:0000929
kidney,obsolete_kidney,EFO:0000929
excretory canal,obsolete_kidney,EFO:0000929
ureter,obsolete_ureter,EFO:0000930
ureter,obsolete_ureter,EFO:0000930
Ureter,obsolete_ureter,EFO:0000930
ureter,obsolete_ureter,EFO:0000930
excretory duct cell,obsolete_ureter,EFO:0000930
excretory duct,obsolete_ureter,EFO:0000930
ureter,obsolete_ureter,EFO:0000930
urethra,obsolete_urethra,EFO:0000931
urethra of male,obsolete_urethra,EFO:0000931
Urethra,obsolete_urethra,EFO:0000931
urethra,obsolete_urethra,EFO:0000931
excretory duct,obsolete_urethra,EFO:0000931
urethra,obsolete_urethra,EFO:0000931
bronchus,obsolete_bronchus,EFO:0000932
main bronchus,obsolete_bronchus,EFO:0000932
Bronchus,obsolete_bronchus,EFO:0000932
bronchus,obsolete_bronchus,EFO:0000932
bronchus,obsolete_bronchus,EFO:0000932
gill,obsolete_gill,EFO:0000933
external gill,obsolete_gill,EFO:0000933
gill,obsolete_gill,EFO:0000933
lung,obsolete_lung,EFO:0000934
lung,obsolete_lung,EFO:0000934
Lung,obsolete_lung,EFO:0000934
lung,obsolete_lung,EFO:0000934
lung,obsolete_lung,EFO:0000934
trachea,obsolete_trachea,EFO:0000935
trachea,obsolete_trachea,EFO:0000935
tracheal section,obsolete_trachea,EFO:0000935
Trachea,obsolete_trachea,EFO:0000935
trachea,obsolete_trachea,EFO:0000935
trachea,obsolete_trachea,EFO:0000935
diaphragm,obsolete_diaphragm,EFO:0000937
diaphragm,obsolete_diaphragm,EFO:0000937
Diaphragm,obsolete_diaphragm,EFO:0000937
chaeta,sensory bristle,EFO:0000938
chordotonal organ,obsolete_chordotonal organ,EFO:0000940
lateral line system,obsolete_lateral line system,EFO:0000941
lateral line system,obsolete_lateral line system,EFO:0000941
axial skeleton,obsolete_axial skeleton structure,EFO:0000942
Axial skeleton,obsolete_axial skeleton structure,EFO:0000942
axial skeleton,obsolete_axial skeleton structure,EFO:0000942
postcranial axial skeleton,obsolete_axial skeleton structure,EFO:0000942
cranium,obsolete_craniofacial skeleton bone,EFO:0000943
Skull,obsolete_craniofacial skeleton bone,EFO:0000943
Skeletal system of head,obsolete_craniofacial skeleton bone,EFO:0000943
cranium,obsolete_craniofacial skeleton bone,EFO:0000943
cranium,obsolete_craniofacial skeleton bone,EFO:0000943
cuticle,obsolete_exoskeleton,EFO:0000944
limb bone,obsolete_limb bone,EFO:0000945
joint,obsolete_joint,EFO:0000948
leg joint,obsolete_joint,EFO:0000948
Set of all joints,obsolete_joint,EFO:0000948
Joint,obsolete_joint,EFO:0000948
joint,obsolete_joint,EFO:0000948
joint,obsolete_joint,EFO:0000948
cartilage,cartilage,EFO:0000949
cartilage tissue,cartilage,EFO:0000949
cartilage tissue,cartilage,EFO:0000949
paired fin skeleton,obsolete_paired fin skeleton,EFO:0000951
dermis,obsolete_dermis,EFO:0000953
dermis,obsolete_dermis,EFO:0000953
Dermis,obsolete_dermis,EFO:0000953
dermis,obsolete_dermis,EFO:0000953
dermis,obsolete_dermis,EFO:0000953
dermis,obsolete_dermis,EFO:0000953
epidermis,obsolete_epidermis,EFO:0000954
epidermis,obsolete_epidermis,EFO:0000954
adult epidermis,obsolete_epidermis,EFO:0000954
Epidermis,obsolete_epidermis,EFO:0000954
epidermis,obsolete_epidermis,EFO:0000954
hypodermis,obsolete_epidermis,EFO:0000954
epidermis,obsolete_epidermis,EFO:0000954
feather,obsolete_feather,EFO:0000955
forelimb digit 1 nail,obsolete_nail,EFO:0000956
Nail,obsolete_nail,EFO:0000956
nail,obsolete_nail,EFO:0000956
branchial arch,obsolete_pharyngeal arch,EFO:0000959
pharyngeal arch,obsolete_pharyngeal arch,EFO:0000959
scale,obsolete_scale,EFO:0000960
segment,obsolete_adult segment,EFO:0000961
tail,obsolete_tail,EFO:0000963
tail,obsolete_tail,EFO:0000963
tail,obsolete_tail,EFO:0000963
tail,obsolete_tail,EFO:0000963
tail,obsolete_tail,EFO:0000963
post-vent region,obsolete_tail,EFO:0000963
head,obsolete_head,EFO:0000964
head,obsolete_head,EFO:0000964
Head,obsolete_head,EFO:0000964
head,obsolete_head,EFO:0000964
head,obsolete_head,EFO:0000964
thorax,obsolete_thorax,EFO:0000965
thorax,obsolete_thorax,EFO:0000965
Thorax,obsolete_thorax,EFO:0000965
trunk,obsolete_trunk,EFO:0000966
Trunk,obsolete_trunk,EFO:0000966
trunk,obsolete_trunk,EFO:0000966
neck,obsolete_neck,EFO:0000967
Neck,obsolete_neck,EFO:0000967
abdomen,obsolete_abdomen,EFO:0000968
abdomen,obsolete_abdomen,EFO:0000968
Abdomen,obsolete_abdomen,EFO:0000968
female reproductive system,obsolete_female reproductive system,EFO:0000969
female reproductive system,obsolete_female reproductive system,EFO:0000969
female reproductive system,obsolete_female reproductive system,EFO:0000969
Female genital system,obsolete_female reproductive system,EFO:0000969
female reproductive system,obsolete_female reproductive system,EFO:0000969
female genitalia,obsolete_female reproductive system,EFO:0000969
female organism,obsolete_female reproductive system,EFO:0000969
male reproductive system,obsolete_male reproductive system,EFO:0000970
male reproductive system,obsolete_male reproductive system,EFO:0000970
Male genital system,obsolete_male reproductive system,EFO:0000970
male reproductive system,obsolete_male reproductive system,EFO:0000970
obsolete male reproductive system,obsolete_male reproductive system,EFO:0000970
male genitalia,obsolete_male reproductive system,EFO:0000970
male organism,obsolete_male reproductive system,EFO:0000970
hermaphrodite gonad,obsolete_hermaphrodite gonad,EFO:0000971
oocyte,obsolete_unfertilized egg,EFO:0000972
unfertilized egg,obsolete_unfertilized egg,EFO:0000972
female germ cell,obsolete_unfertilized egg,EFO:0000972
ZFA_0009008,obsolete_unfertilized egg,EFO:0000972
ovary,obsolete_animal ovary,EFO:0000973
ovary,obsolete_animal ovary,EFO:0000973
Ovary,obsolete_animal ovary,EFO:0000973
ovary,obsolete_animal ovary,EFO:0000973
ovary,obsolete_animal ovary,EFO:0000973
ovary,obsolete_animal ovary,EFO:0000973
oviduct,obsolete_oviduct,EFO:0000974
oviduct,obsolete_oviduct,EFO:0000974
oviduct,obsolete_oviduct,EFO:0000974
Uterine tube,obsolete_oviduct,EFO:0000974
oviduct,obsolete_oviduct,EFO:0000974
oviduct,obsolete_oviduct,EFO:0000974
uterus,obsolete_uterus,EFO:0000975
uterine horn,obsolete_uterus,EFO:0000975
uterus,obsolete_uterus,EFO:0000975
Uterus,obsolete_uterus,EFO:0000975
uterus,obsolete_uterus,EFO:0000975
uterus,obsolete_uterus,EFO:0000975
vagina,obsolete_vagina,EFO:0000976
vagina,obsolete_vagina,EFO:0000976
genital chamber,obsolete_vagina,EFO:0000976
Vagina,obsolete_vagina,EFO:0000976
vagina,obsolete_vagina,EFO:0000976
spermatheca,obsolete_spermathecum,EFO:0000977
spermatheca,obsolete_spermathecum,EFO:0000977
uterine cervix,obsolete_cervix,EFO:0000979
Cervix of uterus,obsolete_cervix,EFO:0000979
uterine endometrium,obsolete_endometrium,EFO:0000980
Endometrium,obsolete_endometrium,EFO:0000980
ductus deferens,obsolete_ductus deferens,EFO:0000981
vas deferens,obsolete_ductus deferens,EFO:0000981
Deferent duct,obsolete_ductus deferens,EFO:0000981
vas deferens,obsolete_ductus deferens,EFO:0000981
vas deferens,obsolete_ductus deferens,EFO:0000981
epididymis,obsolete_epididymus,EFO:0000982
epididymis,obsolete_epididymus,EFO:0000982
Epididymis,obsolete_epididymus,EFO:0000982
epididymis,obsolete_epididymus,EFO:0000982
testis,obsolete_testis,EFO:0000984
male germ cell,obsolete_testis,EFO:0000984
obsolete sperm,obsolete_testis,EFO:0000984
ejaculatory duct,obsolete_ejaculatory duct,EFO:0000985
ejaculatory duct,obsolete_ejaculatory duct,EFO:0000985
ejaculatory duct,obsolete_ejaculatory duct,EFO:0000985
Ejaculatory duct,obsolete_ejaculatory duct,EFO:0000985
seminal vesicle,obsolete_seminal vesicle,EFO:0000986
seminal vesicle,obsolete_seminal vesicle,EFO:0000986
Seminal vesicle,obsolete_seminal vesicle,EFO:0000986
penis,obsolete_penis,EFO:0000987
penis,obsolete_penis,EFO:0000987
aedeagus,obsolete_penis,EFO:0000987
Penis,obsolete_penis,EFO:0000987
penis,obsolete_penis,EFO:0000987
gametophyte,gametophyte,EFO:0000988
OBSOLETE gametophyte,gametophyte,EFO:0000988
root,root structure,EFO:0000989
root,root structure,EFO:0000989
seed,seed structure,EFO:0000991
seed,seed structure,EFO:0000991
shoot,shoot,EFO:0000992
leaf,obsolete_leaf,EFO:0000993
vascular leaf,obsolete_leaf,EFO:0000993
pollen tube,pollen tube,EFO:0001004
OBSOLETE pollen tube,pollen tube,EFO:0001004
plant sperm cell,plant sperm,EFO:0001005
root lateral meristem,lateral root meristem,EFO:0001010
fascia dentata,obsolete_taproot,EFO:0001011
root cap,obsolete_root cap,EFO:0001014
root cap,obsolete_root cap,EFO:0001014
tuber,obsolete_tuber,EFO:0001015
shoot axis tuber,obsolete_tuber,EFO:0001015
cambium,obsolete_cambium,EFO:0001016
cambium,obsolete_cambium,EFO:0001016
shoot lateral meristem,lateral shoot meristem,EFO:0001018
radicle,obsolete_radicle,EFO:0001019
radicle,obsolete_radicle,EFO:0001019
endosperm,obsolete_endosperm,EFO:0001020
endosperm,obsolete_endosperm,EFO:0001020
seed coat,obsolete_seed coat,EFO:0001021
seed coat,obsolete_seed coat,EFO:0001021
cotyledon,obsolete_cotyledon,EFO:0001022
cotyledon,obsolete_cotyledon,EFO:0001022
bud,obsolete_bud,EFO:0001023
bud,obsolete_bud,EFO:0001023
petal,obsolete_petal,EFO:0001025
petal,obsolete_petal,EFO:0001025
sepal,obsolete_sepal,EFO:0001026
sepal,obsolete_sepal,EFO:0001026
fruit,obsolete_fruit,EFO:0001028
fruit,obsolete_fruit,EFO:0001028
inflorescence,obsolete_inflorescence,EFO:0001029
inflorescence,obsolete_inflorescence,EFO:0001029
tassel inflorescence,obsolete_female inflorescence,EFO:0001035
leaf,obsolete_phyllid,EFO:0001036
stem,obsolete_stem,EFO:0001040
stem,obsolete_stem,EFO:0001040
xylem,obsolete_xylem,EFO:0001042
xylem,obsolete_xylem,EFO:0001042
phloem,obsolete_phloem,EFO:0001044
phloem,obsolete_phloem,EFO:0001044
nectar,nectar,EFO:0001046
bulb,bulb,EFO:0001048
stamen,obsolete_stamen,EFO:0001050
stamen,obsolete_stamen,EFO:0001050
carpel,obsolete_carpel,EFO:0001051
carpel,obsolete_carpel,EFO:0001051
plant ovary,obsolete_plant ovary,EFO:0001052
plant ovary,obsolete_plant ovary,EFO:0001052
leprosy,leprosy,EFO:0001054
leprosy,leprosy,EFO:0001054
Leprosy,leprosy,EFO:0001054
borderline leprosy,borderline leprosy,EFO:0001055
borderline leprosy,borderline leprosy,EFO:0001055
tuberculoid leprosy,tuberculoid leprosy,EFO:0001056
tuberculoid leprosy,tuberculoid leprosy,EFO:0001056
lepromatous leprosy,lepromatous leprosy,EFO:0001057
lepromatous leprosy,lepromatous leprosy,EFO:0001057
sensory system disease,sensory system disease,EFO:0001058
cataract,obsolete_cataract,EFO:0001059
celiac disease,celiac disease,EFO:0001060
celiac disease,celiac disease,EFO:0001060
Celiac Disease,celiac disease,EFO:0001060
cervix carcinoma,cervical carcinoma,EFO:0001061
cervical carcinoma,cervical carcinoma,EFO:0001061
cervical carcinoma,cervical carcinoma,EFO:0001061
Cervical Carcinoma,cervical carcinoma,EFO:0001061
cytomegalovirus infection,cytomegalovirus infection,EFO:0001062
Cytomegaloviral Infection,cytomegalovirus infection,EFO:0001062
Down syndrome,Down syndrome,EFO:0001064
Down syndrome,Down syndrome,EFO:0001064
Down Syndrome,Down syndrome,EFO:0001064
endometriosis,endometriosis,EFO:0001065
Endometriose,endometriosis,EFO:0001065
endometriosis,endometriosis,EFO:0001065
Endometriosis,endometriosis,EFO:0001065
experimental autoimmune encephalomyelitis,experimental autoimmune encephalomyelitis,EFO:0001066
parasitic infectious disease,parasitic infection,EFO:0001067
parasitic infectious disease,parasitic infection,EFO:0001067
Parasitic Infection,parasitic infection,EFO:0001067
malaria,malaria,EFO:0001068
malaria,malaria,EFO:0001068
Malaria,malaria,EFO:0001068
nutrition disease,nutritional disorder,EFO:0001069
nutritional disorder,nutritional disorder,EFO:0001069
Nutritional Disorder,nutritional disorder,EFO:0001069
lung carcinoma,lung carcinoma,EFO:0001071
lung carcinoma,lung carcinoma,EFO:0001071
lung carcinoma,lung carcinoma,EFO:0001071
Lung Carcinoma,lung carcinoma,EFO:0001071
obesity,obesity,EFO:0001073
Obesidad,obesity,EFO:0001073
obesity disorder,obesity,EFO:0001073
Obesity,obesity,EFO:0001073
morbid obesity,morbid obesity,EFO:0001074
morbid obesity,morbid obesity,EFO:0001074
ovarian carcinoma,ovarian carcinoma,EFO:0001075
ovarian carcinoma,ovarian carcinoma,EFO:0001075
ovarian carcinoma,ovarian carcinoma,EFO:0001075
Ovarian Carcinoma,ovarian carcinoma,EFO:0001075
Pseudomonas infection,Pseudomonas infection,EFO:0001076
Pseudomonas aeruginosa CF5 infection,Pseudomonas aeruginosa CF5 infection,EFO:0001077
Pseudomonas aeruginosa PA14 infection,Pseudomonas aeruginosa PA14 infection,EFO:0001078
Rett syndrome,obsolete_Rett syndrome,EFO:0001079
A-549 cell,A549,EFO:0001086
A549 cell,A549,EFO:0001086
AU-565 cell,AU565,EFO:0001087
AU565 cell,AU565,EFO:0001087
BT-549 cell,BT549,EFO:0001096
BT-549 cell,BT549,EFO:0001096
CACO-2 cell,Caco-2,EFO:0001099
Caco-2 cell,Caco-2,EFO:0001099
CAMA-1 cell,CAMA1,EFO:0001100
CAMA-1 cell,CAMA1,EFO:0001100
HCC1143 cell,HCC1143,EFO:0001169
HCC-1500 cell,HCC1500,EFO:0001172
HCC1500 cell,HCC1500,EFO:0001172
HCC1937 cell,HCC1937,EFO:0001174
HCC-1954 cell,HCC1954,EFO:0001175
HCC1954 cell,HCC1954,EFO:0001175
HCC202 cell,HCC202,EFO:0001176
HCC2157 cell,HCC2157,EFO:0001177
HEK-293 cell,HEK293,EFO:0001182
HEK293,HEK293,EFO:0001182
HEK-293T cell,HEK293T,EFO:0001184
HEK293T cell,HEK293T,EFO:0001184
HeLa cell,HeLa,EFO:0001185
HeLa cell,HeLa,EFO:0001185
Hepa-RG cell,HepaRG,EFO:0001186
Hep G2 cell,HepG2,EFO:0001187
HT-29 cell,HT-29,EFO:0001193
HT-29 cell,HT-29,EFO:0001193
IMR-32 cell,IMR-32,EFO:0001195
IMR-32 cell,IMR-32,EFO:0001195
IMR-90 cell,IMR-90,EFO:0001196
IMR-90 cell,IMR-90,EFO:0001196
MCF-12A cell,MCF12A,EFO:0001202
MCF-7 cell,MCF-7,EFO:0001203
MDA-MB-134-VI cell,MDAMB134VI,EFO:0001205
MDA-MB-231 cell,MDAMB231,EFO:0001209
MDA-MB-231 cell,MDAMB231,EFO:0001209
MDA-MB-361 cell,MDAMB361,EFO:0001211
MDA-MB-361 cell,MDAMB361,EFO:0001211
MDA-MB-436 cell,MDAMB436,EFO:0001214
MDA-MB-436 cell,MDAMB436,EFO:0001214
MDA-MB-453 cell,MDAMB453,EFO:0001215
MDA-MB-453 cell,MDAMB453,EFO:0001215
MDA-MB-468 cell,MDAMB468,EFO:0001216
MDA-MB-468 cell,MDAMB468,EFO:0001216
MOLT-4 cell,MOLT-4,EFO:0001220
MOLT-4 cell,MOLT-4,EFO:0001220
NCI-H929 cell,NCI-H929,EFO:0001221
NCI-H929 cell,NCI-H929,EFO:0001221
NIH-3T3 cell,NIH3T3,EFO:0001222
SCHNEIDER-2 cell,S2,EFO:0001233
SK-BR-3 cell,SKBR3,EFO:0001236
SKBR3 cell,SKBR3,EFO:0001236
SUM1315MO2 cell,SUM1315MO2,EFO:0001239
SUM-149PT cell,SUM149PT,EFO:0001240
SUM149PT cell,SUM149PT,EFO:0001240
SUM-159PT cell,SUM159PT,EFO:0001241
SUM-185PE cell,SUM185PE,EFO:0001242
SUM185PE cell,SUM185PE,EFO:0001242
SUM-52PE cell,SUM52PE,EFO:0001246
SUM52PE cell,SUM52PE,EFO:0001246
THP-1 cell,THP-1,EFO:0001253
THP-1 cell,THP-1,EFO:0001253
U-266 cell,U266,EFO:0001254
U-266 cell,U266,EFO:0001254
U-373MG cell,U373,EFO:0001255
U373 MG cell,U373,EFO:0001255
U-937 cell,U937,EFO:0001257
WI-38 cell,WI38,EFO:0001260
WI 38 cell,WI38,EFO:0001260
WI-38 cell,WI38,EFO:0001260
ZR-75-1 cell,ZR751,EFO:0001262
ZR-75-1 cell,ZR751,EFO:0001262
h minus,mating type h minus,EFO:0001269
alpha mating type (yeast),mating type alpha,EFO:0001270
mixed sex,mixed sex population,EFO:0001271
adult stage,adult,EFO:0001272
adult Ce,adult,EFO:0001272
obsolete frog,adult,EFO:0001272
Blastula:128-cell,blastula 128-cell,EFO:0001273
Blastula:1k-cell,blastula 1k-cell,EFO:0001274
a mating type (yeast),mating type a,EFO:0001275
Blastula:256-cell,blastula 256-cell,EFO:0001276
Blastula:30%-epiboly,blastula 30%-epiboly,EFO:0001277
Blastula:512-cell,blastula 512-cell,EFO:0001278
Blastula:Dome,blastula dome,EFO:0001279
Blastula:High,blastula high,EFO:0001280
Blastula:Oblong,blastula oblong,EFO:0001281
blastoderm stage,obsolete_blastula stage,EFO:0001282
blastula embryo Ce,obsolete_blastula stage,EFO:0001282
blastula stage,obsolete_blastula stage,EFO:0001282
Blastula:Sphere,blastula sphere,EFO:0001283
Cleavage:16-cell,cleavage 16-cell,EFO:0001284
Cleavage:2-cell,cleavage 2-cell,EFO:0001285
Cleavage:32-cell,cleavage 32-cell,EFO:0001286
Cleavage:4-cell,cleavage 4-cell,EFO:0001287
Cleavage:64-cell,cleavage 64-cell,EFO:0001288
Cleavage:8-cell,cleavage 8-cell,EFO:0001289
Gastrula:50%-epiboly,gastrula 50%-epiboly,EFO:0001291
Gastrula:75%-epiboly,gastrula 75%-epiboly,EFO:0001292
Gastrula:90%-epiboly,gastrula 90%-epiboly,EFO:0001293
Gastrula:Bud,gastrula bud,EFO:0001294
Gastrula:Germ-ring,gastrula germ-ring,EFO:0001295
gastrula stage,obsolete_gastrula stage,EFO:0001296
gastrulating embryo Ce,obsolete_gastrula stage,EFO:0001296
gastrula stage,obsolete_gastrula stage,EFO:0001296
Gastrula:Shield,gastrula shield,EFO:0001297
Hatching:Long-pec,hatching stage,EFO:0001298
Hatching:Pec-fin,hatching pec-fin,EFO:0001299
juvenile frog stage,obsolete_juvenile stage,EFO:0001300
Juvenile:Days 30-44,juvenile days 30-44,EFO:0001301
Juvenile:Days 45-89,juvenile days 45-89,EFO:0001302
larval stage,obsolete_larval stage,EFO:0001303
larva Ce,obsolete_larval stage,EFO:0001303
tadpole stage,obsolete_larval stage,EFO:0001303
Larval:Day 4,larval day 4,EFO:0001304
Larval:Day 5,larval day 5,EFO:0001305
Larval:Day 6,larval day 6,EFO:0001306
Larval:Days 14-20,larval day 14-20,EFO:0001307
Larval:Days 21-29,larval day 21-29,EFO:0001308
Larval:Days 7-13,larval day 7-13,EFO:0001309
Pharyngula:High-pec,pharyngula high-pec,EFO:0001311
Pharyngula:Prim-15,pharyngula prim-15,EFO:0001312
Pharyngula:Prim-25,pharyngula prim-25,EFO:0001313
Pharyngula:Prim-5,pharyngula prim-5,EFO:0001314
Segmentation:1-4 somites,segmentation 1-4 somites,EFO:0001316
Segmentation:5-9 somites,segmentation 5-9 somites,EFO:0001317
Segmentation:10-13 somites,segmentation 10-13 somites,EFO:0001318
Segmentation:14-19 somites,segmentation 14-19 somites,EFO:0001319
Segmentation:20-25 somites,segmentation 20-25 somites,EFO:0001320
Segmentation:26+ somites,segmentation 26+ somites,EFO:0001321
1-cell stage embryo,fertilized egg stage,EFO:0001322
fertilized egg stage,fertilized egg stage,EFO:0001322
zygote,fertilized egg stage,EFO:0001322
Kupffer's vesicle,fertilized egg stage,EFO:0001322
Zygote:1-cell,fertilized egg stage,EFO:0001322
jejunum,obsolete_jejunum,EFO:0001333
Jejunum,obsolete_jejunum,EFO:0001333
jejunum,obsolete_jejunum,EFO:0001333
ileum,obsolete_ileum,EFO:0001334
Ileum,obsolete_ileum,EFO:0001334
ileum,obsolete_ileum,EFO:0001334
ileum,obsolete_ileum,EFO:0001334
disease of mental health,obsolete_behavioural disease,EFO:0001335
familial amyotrophic lateral sclerosis,familial amyotrophic lateral sclerosis,EFO:0001356
sporatic amyotrophic lateral sclerosis,sporadic amyotrophic lateral sclerosis,EFO:0001357
sporadic amyotrophic lateral sclerosis,sporadic amyotrophic lateral sclerosis,EFO:0001357
post-traumatic stress disorder,post-traumatic stress disorder,EFO:0001358
post-traumatic stress disorder,post-traumatic stress disorder,EFO:0001358
Post-Traumatic Stress Disorder,post-traumatic stress disorder,EFO:0001358
type 1 diabetes mellitus,obsolete_type I diabetes mellitus,EFO:0001359
type 2 diabetes mellitus,obsolete_type II diabetes mellitus,EFO:0001360
pulmonary hypertension,pulmonary arterial hypertension,EFO:0001361
pulmonary arterial hypertension,pulmonary arterial hypertension,EFO:0001361
inner ear,obsolete_inner ear structure,EFO:0001363
spiral organ,obsolete_organ of corti,EFO:0001364
age related macular degeneration,age-related macular degeneration,EFO:0001365
macular degeneration,age-related macular degeneration,EFO:0001365
age-related macular degeneration,age-related macular degeneration,EFO:0001365
Age-Related Macular Degeneration,age-related macular degeneration,EFO:0001365
dentate gyrus,obsolete_dentate gyrus,EFO:0001366
EMAPA_19148,obsolete_dentate gyrus,EFO:0001366
hippocampus,obsolete_dentate gyrus,EFO:0001366
embryo Ce,obsolete_embryo stage,EFO:0001367
Intercostal muscle,obsolete_intercostal muscle,EFO:0001368
axial skeleton,vertebral column structure,EFO:0001369
Vertebral column,vertebral column structure,EFO:0001369
axial skeleton,vertebral column structure,EFO:0001369
postcranial axial skeleton,vertebral column structure,EFO:0001369
Intervertebral disk,obsolete_intervertebral disc,EFO:0001370
intervertebral disc,obsolete_intervertebral disc,EFO:0001370
Vertebra,obsolete_vertebra,EFO:0001371
vertebra,obsolete_vertebra,EFO:0001371
Precentral gyrus,obsolete_precentral gyrus,EFO:0001373
synovial sarcoma,synovial sarcoma,EFO:0001376
synovial sarcoma,synovial sarcoma,EFO:0001376
Sarcoma sinovial,synovial sarcoma,EFO:0001376
synovial sarcoma,synovial sarcoma,EFO:0001376
Synovial Sarcoma,synovial sarcoma,EFO:0001376
multiple myeloma,multiple myeloma,EFO:0001378
multiple myeloma,multiple myeloma,EFO:0001378
plasma cell myeloma,multiple myeloma,EFO:0001378
Multiple Myeloma,multiple myeloma,EFO:0001378
endocrine system disease,endocrine system disease,EFO:0001379
endocrine system disorder,endocrine system disease,EFO:0001379
Endocrine System Disorder,endocrine system disease,EFO:0001379
hypopituitarism,hypopituitarism,EFO:0001380
hypopituitarism,hypopituitarism,EFO:0001380
Hypopituitarism,hypopituitarism,EFO:0001380
Peyer's gland,obsolete_Peyer's patch,EFO:0001381
Postcentral gyrus,obsolete_postcentral gyrus,EFO:0001383
prefrontal cortex,obsolete_prefrontal cortex,EFO:0001384
Prefrontal cortex,obsolete_prefrontal cortex,EFO:0001384
Tibialis anterior,obsolete_tibialis anterior muscle,EFO:0001385
Uvula,obsolete_uvula,EFO:0001386
submandibular gland,obsolete_submandibular gland,EFO:0001387
hypopharynx,obsolete_laryngopharynx,EFO:0001388
tear gland,obsolete_lacrimal gland,EFO:0001389
corpus callosum,obsolete_corpus callosum,EFO:0001390
subthalamic nucleus,obsolete_subthalamic nucleus,EFO:0001392
pons,obsolete_pons,EFO:0001394
femur,obsolete_femur,EFO:0001396
pulmonary artery,obsolete_pulmonary artery,EFO:0001399
scapula,obsolete_scapula,EFO:0001400
tonsil,obsolete_tonsil,EFO:0001401
trigeminal nerve,obsolete_trigeminal nerve,EFO:0001402
Corneoscleral junction,obsolete_corneal limbus,EFO:0001403
seminiferous tubule,seminiferous tubules,EFO:0001404
extraembryonic component,obsolete_extraembryonic tissue,EFO:0001406
extraembryonic structure,obsolete_extraembryonic tissue,EFO:0001406
extraembryonic structure,obsolete_extraembryonic tissue,EFO:0001406
placenta,obsolete_placenta,EFO:0001407
Placenta,obsolete_placenta,EFO:0001407
placenta,obsolete_placenta,EFO:0001407
talus,obsolete_ankle,EFO:0001409
gastrocnemius,obsolete_gastrocnemius,EFO:0001413
umbilical cord,obsolete_umbilical cord,EFO:0001415
Umbilical cord,obsolete_umbilical cord,EFO:0001415
cervical adenocarcinoma,cervical adenocarcinoma,EFO:0001416
cervical adenocarcinoma,cervical adenocarcinoma,EFO:0001416
cervical adenocarcinoma,cervical adenocarcinoma,EFO:0001416
Cervical Adenocarcinoma,cervical adenocarcinoma,EFO:0001416
sciatic nerve,obsolete_sciatic nerve,EFO:0001417
Sciatic nerve,obsolete_sciatic nerve,EFO:0001417
liver disease,liver disease,EFO:0001421
liver disorder,liver disease,EFO:0001421
Liver and Intrahepatic Bile Duct Disorder,liver disease,EFO:0001421
liver cirrhosis,cirrhosis of liver,EFO:0001422
cirrhosis of liver,cirrhosis of liver,EFO:0001422
Cirrhosis,cirrhosis of liver,EFO:0001422
encephalomyelitis,encephalomyelitis,EFO:0001423
encephalomyelitis,encephalomyelitis,EFO:0001423
Encephalomyelitis,encephalomyelitis,EFO:0001423
masseter,obsolete_masseter muscle,EFO:0001424
lymphoid neoplasm,lymphoid neoplasm,EFO:0001642
lymphoid neoplasm,lymphoid neoplasm,EFO:0001642
Lymphocytic Neoplasm,lymphoid neoplasm,EFO:0001642
stria vascularis,obsolete_stria vascularis,EFO:0001644
coronary artery disease,coronary artery disease,EFO:0001645
coronary artery disorder,coronary artery disease,EFO:0001645
Coronary Artery Disease,coronary artery disease,EFO:0001645
prostate carcinoma,prostate carcinoma,EFO:0001663
prostate carcinoma,prostate carcinoma,EFO:0001663
prostate carcinoma,prostate carcinoma,EFO:0001663
Prostate Carcinoma,prostate carcinoma,EFO:0001663
prepuce,obsolete_foreskin,EFO:0001664
aortic aneurysm,aortic aneurysm,EFO:0001666
Aneurisma aórtico,aortic aneurysm,EFO:0001666
aortic aneurysm,aortic aneurysm,EFO:0001666
aortic aneurysm,aortic aneurysm,EFO:0001666
Human papillomavirus infectious disease,human papilloma virus infection,EFO:0001668
human papilloma virus infection,human papilloma virus infection,EFO:0001668
Human Papillomavirus Infection,human papilloma virus infection,EFO:0001668
simian immunodeficiency virus infection,simian immunodeficiency virus infection,EFO:0001675
size,size,EFO:0001695
area,area,EFO:0001696
temperature,temperature,EFO:0001702
volume,volume,EFO:0001715
aerial part,aerial part,EFO:0001901
articular cartilage,obsolete_articular cartilage,EFO:0001902
blood plasma,obsolete_blood plasma,EFO:0001905
capillary,obsolete_capillary,EFO:0001906
caudal fin,obsolete_caudal fin,EFO:0001909
caudate putamen,obsolete_caudate putamen,EFO:0001912
cervix epithelium,obsolete_cervix epithelium,EFO:0001913
brain ventricle,obsolete_brain ventricle,EFO:0001914
choroid plexus,obsolete_choroid plexus,EFO:0001915
corneal epithelium,obsolete_corneal epithelium,EFO:0001917
dorsal raphe nucleus,obsolete_dorsal raphe nucleus,EFO:0001919
Entorhinal area,obsolete_entorhinal cortex,EFO:0001920
extraocular muscle,obsolete_extraocular muscle,EFO:0001921
Extra-ocular muscle,obsolete_extraocular muscle,EFO:0001921
flower bud,obsolete_flower bud,EFO:0001924
gingiva,obsolete_gum,EFO:0001925
Gingiva,obsolete_gum,EFO:0001925
gynoecium,obsolete_gynoecium,EFO:0001926
gynoecium,obsolete_gynoecium,EFO:0001926
adult head capsule,obsolete_head capsule,EFO:0001927
hindlimb muscle,obsolete_hindlimb muscle,EFO:0001928
hypoblast,obsolete_hypoblast,EFO:0001930
hypocotyl,obsolete_hypocotyl,EFO:0001931
hypocotyl,obsolete_hypocotyl,EFO:0001931
hypopharynx,obsolete_hypopharynx,EFO:0001932
Ventral tegmental area,obsolete_ventral tegmental area,EFO:0001935
Ventral striatum,obsolete_ventral striatum,EFO:0001936
vastus lateralis,obsolete_vastus lateralis,EFO:0001937
quadriceps,obsolete_quadricep muscle,EFO:0001938
urine,obsolete_urine,EFO:0001939
umbilical vein,obsolete_umbilical vein,EFO:0001940
Superior temporal gyrus,obsolete_superior temporal gyrus,EFO:0001944
superior cervical ganglion,obsolete_superior cervical ganglion,EFO:0001945
soleus,obsolete_soleus muscle,EFO:0001946
shoot tip,obsolete_shoot apex,EFO:0001947
shoot axis apex,obsolete_shoot apex,EFO:0001947
muscle,obsolete_muscle,EFO:0001949
midgut,obsolete_midgut,EFO:0001950
midgut,obsolete_midgut,EFO:0001950
Internal carotid artery,obsolete_internal carotid artery,EFO:0001952
External carotid artery,obsolete_external carotid artery,EFO:0001953
Subdivision of common carotid artery,division of carotid artery,EFO:0001954
interventricular septum,obsolete_interventricular septum,EFO:0001956
Interventricular septum,obsolete_interventricular septum,EFO:0001956
Knee joint,obsolete_knee joint,EFO:0001957
lateral root,obsolete_lateral root,EFO:0001960
lateral ventricle,obsolete_lateral ventricle,EFO:0001961
brain stem,obsolete_brain stem,EFO:0001962
locus ceruleus,obsolete_locus coeruleus,EFO:0001963
male accessory gland,obsolete_male accessory gland,EFO:0001964
mandible,obsolete_mandible,EFO:0001965
Ligament,obsolete_ligament,EFO:0001966
Medial geniculate body,obsolete_medial geniculate nucleus,EFO:0001968
medial geniculate nucleus,obsolete_medial geniculate nucleus,EFO:0001968
Medulla of thymus,obsolete_medulla of thymus,EFO:0001969
myometrium,obsolete_myometrium,EFO:0001970
Nucleus of stria terminalis,obsolete_nucleus of terminal stria,EFO:0001971
bed nucleus of stria terminalis,obsolete_nucleus of terminal stria,EFO:0001971
olfactory epithelium,obsolete_olfactory epithelium,EFO:0001972
Olfactory epithelium,obsolete_olfactory epithelium,EFO:0001972
Olfactory system,obsolete_olfactory system,EFO:0001973
olfactory system,obsolete_olfactory system,EFO:0001973
olfactory system,obsolete_olfactory system,EFO:0001973
olfactory system,obsolete_olfactory system,EFO:0001973
Optic disc,obsolete_optic disc,EFO:0001974
Oral cavity,obsolete_oral cavity,EFO:0001975
Oropharynx,obsolete_oropharynx,EFO:0001976
Palatine tonsil,obsolete_palatine tonsil,EFO:0001977
perirhinal cortex,obsolete_perirhinal cortex,EFO:0001978
Plantaris,obsolete_plantaris muscle,EFO:0001979
pleura,obsolete_pleura,EFO:0001980
Mesoderm,obsolete_mesoderm,EFO:0001981
presomitic mesoderm,obsolete_presomitic mesoderm,EFO:0001982
segmental plate,obsolete_presomitic mesoderm,EFO:0001982
rosette,obsolete_rosette leaf,EFO:0001984
rosette leaf,obsolete_rosette leaf,EFO:0001984
Peduncle of midbrain,obsolete_cerebral peduncle,EFO:0001987
Lateral geniculate body,obsolete_lateral geniculate nucleus,EFO:0001988
lateral geniculate nucleus,obsolete_lateral geniculate nucleus,EFO:0001988
Orbitofrontal cortex,obsolete_orbitofrontal cortex,EFO:0001990
Superior frontal gyrus,obsolete_superior frontal gyrus,EFO:0001991
seedling,obsolete_seedling,EFO:0001992
seedling,obsolete_seedling,EFO:0001992
BC-3 cell,BC-3,EFO:0002046
BC-3 cell,BC-3,EFO:0002046
HaCaT cell,HaCaT,EFO:0002056
HL-60 cell,obsolete_HL60,EFO:0002058
JEG-3 cell,JEG3,EFO:0002066
JEG-3 cell,JEG3,EFO:0002066
K-562 cell,K562,EFO:0002067
KELLY cell,KELLY,EFO:0002069
LNCaP cell,LNCAP,EFO:0002071
PC-3 cell,PC-3,EFO:0002074
PC-3 cell,PC-3,EFO:0002074
RAMOS (RA.1) cell,Ramos,EFO:0002077
RAMOS cell,Ramos,EFO:0002077
SK-MEL-2 cell,SK-MEL-2,EFO:0002079
SK-MEL-2 cell,SK-MEL-2,EFO:0002079
SW-480 cell,SW480,EFO:0002083
SW480 cell,SW480,EFO:0002083
T-84 cell,T84,EFO:0002084
T84 cell,T84,EFO:0002084
T-98G cell,T98G,EFO:0002085
T98G cell,T98G,EFO:0002085
fibrosarcoma,fibrosarcoma,EFO:0002087
fibrosarcoma,fibrosarcoma,EFO:0002087
Fibrosarcoma,fibrosarcoma,EFO:0002087
fibrosarcoma,fibrosarcoma,EFO:0002087
Fibrosarcoma,fibrosarcoma,EFO:0002087
CWR22-Rv1 cell,22Rv1,EFO:0002095
22RV1 cell,22Rv1,EFO:0002095
22Rv1 cell,22Rv1,EFO:0002095
5637 cell,5637,EFO:0002096
5637 cell,5637,EFO:0002096
A-172 cell,A172,EFO:0002101
A172 cell,A172,EFO:0002101
RCB2530 cell,A172,EFO:0002101
A-204 cell,A204,EFO:0002102
A-204 cell,A204,EFO:0002102
A-375 cell,A375,EFO:0002103
A-375 cell,A375,EFO:0002103
A498 cell,A498,EFO:0002105
A7 cell,A7,EFO:0002107
AsPC-1 cell,AsPC1,EFO:0002112
C-33A cell,C33A,EFO:0002120
C-33 A cell,C33A,EFO:0002120
CCRF-CEM cell,CCRFCEM,EFO:0002128
CCRF-CEM cell,CCRFCEM,EFO:0002128
CAOV-3 cell,CaOv3,EFO:0002148
Caov-3 cell,CaOv3,EFO:0002148
Caki-2 cell,Caki2,EFO:0002150
Caki-2 cell,Caki2,EFO:0002150
Calu-6 cell,Calu6,EFO:0002152
Calu-6 cell,Calu6,EFO:0002152
D-283MED cell,D283Med,EFO:0002156
D283 Med cell,D283Med,EFO:0002156
DB cell,DB,EFO:0002158
DG-75 cell,DG75,EFO:0002160
DG-75 cell,DG75,EFO:0002160
DOHH2 cell,DOHH2,EFO:0002167
DU4475 cell,DU4475,EFO:0002168
DAUDI cell,Daudi,EFO:0002169
Daudi cell,Daudi,EFO:0002169
Detroit-562 cell,Detroit562,EFO:0002170
Detroit 562 cell,Detroit562,EFO:0002170
FaDu cell,FaDu,EFO:0002178
FaDu cell,FaDu,EFO:0002178
H4 neuroglioma cell,H4,EFO:0002184
H4 cell,H4,EFO:0002184
HCT-15 cell,HCT15,EFO:0002188
HCT-15 cell,HCT15,EFO:0002188
HCT-8 cell,HCT8,EFO:0002189
HEC-1-A cell,HEC1A,EFO:0002191
HEC-1-A cell,HEC1A,EFO:0002191
HUT-78 cell,HuT78,EFO:0002209
HuT 78 cell,HuT78,EFO:0002209
J-82 cell,J82,EFO:0002210
J82 cell,J82,EFO:0002210
KG-1 cell,KG1,EFO:0002218
KG-1 cell,KG1,EFO:0002218
KU-812 cell,KU812,EFO:0002222
KU-812 cell,KU812,EFO:0002222
KU812 cell,KU812,EFO:0002222
LS-174T cell,LS174T,EFO:0002227
LS 174T cell,LS174T,EFO:0002227
LS174T cell,LS174T,EFO:0002227
MEC-1 cell,MEC1,EFO:0002231
MEG-01 cell,MEG01,EFO:0002232
MEG-01 cell,MEG01,EFO:0002232
MALME-3M cell,Malme3M,EFO:0002243
Malme-3M cell,Malme3M,EFO:0002243
NALM-6 cell,NALM6,EFO:0002245
NALM-6 cell,NALM6,EFO:0002245
NAMALWA cell,NAMALWA,EFO:0002246
NAMALWA cell,NAMALWA,EFO:0002246
NCI-H1437 cell,NCI-H1437,EFO:0002254
NCI-H1437 cell,NCI-H1437,EFO:0002254
NCI-H1703 cell,NCI-H1703,EFO:0002264
NCI-H1703 cell,NCI-H1703,EFO:0002264
NCI-H1792 cell,NCI-H1792,EFO:0002266
NCI-H1792 cell,NCI-H1792,EFO:0002266
NCI-H1975 cell,NCI-H1975,EFO:0002271
NCI-H1975 cell,NCI-H1975,EFO:0002271
NCI-H2009 cell,NCI-H2009,EFO:0002273
NCI-H2009 cell,NCI-H2009,EFO:0002273
NCI-H2122 cell,NCI-H2122,EFO:0002279
NCI-H2122 cell,NCI-H2122,EFO:0002279
NCI-H23 cell,NCI-H23,EFO:0002286
NCI-H23 cell,NCI-H23,EFO:0002286
NCI-H2347 cell,NCI-H2347,EFO:0002287
NCI-H2347 cell,NCI-H2347,EFO:0002287
NCI-H295R cell,NCI-H295R,EFO:0002289
NCI-H441 cell,NCI-H441,EFO:0002292
NCI-H441 cell,NCI-H441,EFO:0002292
blood-lymph,NCI-H69,EFO:0002300
OV-90 cell,OV90,EFO:0002311
OV-90 cell,OV90,EFO:0002311
RCH-ACV cell,RCHACV,EFO:0002314
RD cell,RD,EFO:0002315
R D cell,RD,EFO:0002315
RD cell,RD,EFO:0002315
RPMI-8226 cell,RPMI8226,EFO:0002322
RPMI 8226 cell,RPMI8226,EFO:0002322
RWPE-1 cell,RWPE1,EFO:0002323
RWPE-1 cell,RWPE1,EFO:0002323
RAJI cell,Raji,EFO:0002324
Raji cell,Raji,EFO:0002324
SJSA-1 cell,SJSA1,EFO:0002330
SJSA-1 cell,SJSA1,EFO:0002330
SK-LMS-1 cell,SKLMS1,EFO:0002331
SK-LMS-1 cell,SKLMS1,EFO:0002331
SK-MES-1 cell,SKMES1,EFO:0002334
SK-MES-1 cell,SKMES1,EFO:0002334
SK-N-DZ cell,obsolete_SKNDZ,EFO:0002336
SK-UT-1 cell,SKUT1,EFO:0002341
SK-UT-1 cell,SKUT1,EFO:0002341
SNU-16 cell,SNU16,EFO:0002344
SNU-16 cell,SNU16,EFO:0002344
SW1353 cell,SW1353,EFO:0002360
SW-48 cell,SW48,EFO:0002367
SW48 cell,SW48,EFO:0002367
SW-620 cell,SW620,EFO:0002368
SW620 cell,SW620,EFO:0002368
SiHa cell,SiHa,EFO:0002379
SiHa cell,SiHa,EFO:0002379
WM-115 cell,WM115,EFO:0002390
WM-115 cell,WM115,EFO:0002390
Y79 cell,Y79,EFO:0002392
benign neoplasm,benign neoplasm,EFO:0002422
cell type benign neoplasm,benign neoplasm,EFO:0002422
organ system benign neoplasm,benign neoplasm,EFO:0002422
benign neoplasm,benign neoplasm,EFO:0002422
benign neoplasm,benign neoplasm,EFO:0002422
Benign Neoplasm,benign neoplasm,EFO:0002422
osteoma,osteoma,EFO:0002423
Osteom,osteoma,EFO:0002423
osteoma,osteoma,EFO:0002423
Osteoma,osteoma,EFO:0002423
fibroma,fibroma,EFO:0002424
fibroma,fibroma,EFO:0002424
fibroma,fibroma,EFO:0002424
Fibroma,fibroma,EFO:0002424
neoplasm of immature B and T cells,neoplasm of immature B and T cells,EFO:0002425
neoplasm of immature B and T cells,neoplasm of immature B and T cells,EFO:0002425
neoplasm of mature T-cells or NK-cells,neoplasm of mature T-cells or NK-cells,EFO:0002426
neoplasm of mature T-cells or NK-cells,neoplasm of mature T-cells or NK-cells,EFO:0002426
Mature T-Cell and NK-Cell Neoplasm,neoplasm of mature T-cells or NK-cells,EFO:0002426
myeloid neoplasm,myeloid neoplasm,EFO:0002427
myeloid neoplasm,myeloid neoplasm,EFO:0002427
myeloid neoplasm,myeloid neoplasm,EFO:0002427
Myeloid Neoplasm,myeloid neoplasm,EFO:0002427
myeloproliferative neoplasm,chronic myeloproliferative disorder,EFO:0002428
myeloproliferative disorder,chronic myeloproliferative disorder,EFO:0002428
myeloproliferative neoplasm,chronic myeloproliferative disorder,EFO:0002428
Myeloproliferative Neoplasm,chronic myeloproliferative disorder,EFO:0002428
polycythemia vera,polycythemia vera,EFO:0002429
polycythemia vera,polycythemia vera,EFO:0002429
acquired polycythemia vera,polycythemia vera,EFO:0002429
Polycythemia Vera,polycythemia vera,EFO:0002429
myelofibrosis,primary myelofibrosis,EFO:0002430
primary myelofibrosis,primary myelofibrosis,EFO:0002430
primary myelofibrosis,primary myelofibrosis,EFO:0002430
Primary Myelofibrosis,primary myelofibrosis,EFO:0002430
peripheral nervous system neoplasm,tumour of cranial and spinal nerves,EFO:0002431
peripheral nervous system neoplasm,tumour of cranial and spinal nerves,EFO:0002431
Peripheral Nervous System Neoplasm,tumour of cranial and spinal nerves,EFO:0002431
mesophyll cell,mesophyll cell,EFO:0002439
ZFA_0009008,obsolete_oocyte,EFO:0002443
HUVEC cell,HUVEC cell,EFO:0002451
hippocampus CA1,obsolete_hippocampus CA1,EFO:0002454
hippocampus CA3,obsolete_hippocampus CA3,EFO:0002456
Core region of nucleus accumbens,obsolete_nucleus accumbens core,EFO:0002458
Shell region of nucleus accumbens,obsolete_nucleus accumbens shell,EFO:0002459
skeletal system disorder,skeletal system disease,EFO:0002461
hair follicle,obsolete_hair follicle,EFO:0002464
inferior colliculus,obsolete_inferior colliculus,EFO:0002465
Middle temporal gyrus,obsolete_middle temporal gyrus,EFO:0002466
Oculomotor nuclear complex,obsolete_oculomotor nucleus,EFO:0002468
superior colliculus,obsolete_superior colliculus,EFO:0002474
actinic keratosis,actinic keratosis,EFO:0002496
Actinic keratosis,actinic keratosis,EFO:0002496
actinic keratosis,actinic keratosis,EFO:0002496
Actinic Keratosis,actinic keratosis,EFO:0002496
acute hypotension,acute hypotension,EFO:0002497
aggressive insulitis,aggressive insulitis,EFO:0002498
anaplastic astrocytoma,anaplastic astrocytoma,EFO:0002499
anaplastic astrocytoma,anaplastic astrocytoma,EFO:0002499
anaplastic astrocytoma,anaplastic astrocytoma,EFO:0002499
Anaplastic Astrocytoma,anaplastic astrocytoma,EFO:0002499
anaplastic oligoastrocytoma,anaplastic oligoastrocytoma,EFO:0002500
anaplastic oligoastrocytoma,anaplastic oligoastrocytoma,EFO:0002500
Anaplastic Oligoastrocytoma,anaplastic oligoastrocytoma,EFO:0002500
anaplastic oligodendroglioma,anaplastic oligodendroglioma,EFO:0002501
anaplastic oligodendroglioma,anaplastic oligodendroglioma,EFO:0002501
anaplastic oligodendroglioma,anaplastic oligodendroglioma,EFO:0002501
Anaplastic Oligodendroglioma,anaplastic oligodendroglioma,EFO:0002501
benign insulitis,benign insulitis,EFO:0002502
cardiac hypertrophy,cardiac hypertrophy,EFO:0002503
serous cystadenoma,serous cystadenoma,EFO:0002504
serous cystadenoma,serous cystadenoma,EFO:0002504
Serous Cystadenoma,serous cystadenoma,EFO:0002504
multiple system atrophy,obsolete_multiple system atrophy,EFO:0002505
osteoarthritis,obsolete_osteoarthritis,EFO:0002506
Osteoarthritis,obsolete_osteoarthritis,EFO:0002506
ovarian adenoma benign,ovarian adenoma benign,EFO:0002507
ovarian adenoma benign,ovarian adenoma benign,EFO:0002507
Parkinson's disease,obsolete_Parkinson's disease,EFO:0002508
chronic progressive external ophthalmoplegia,progressive external ophthalmoplegia,EFO:0002509
Oftalmoplejia externa progresiva,progressive external ophthalmoplegia,EFO:0002509
progressive external ophthalmoplegia,progressive external ophthalmoplegia,EFO:0002509
ovarian serous cystadenofibroma,serous cystadenofibroma,EFO:0002510
serous cystadenofibroma,serous cystadenofibroma,EFO:0002510
serous cystadenofibroma,serous cystadenofibroma,EFO:0002510
Ovarian Serous Cystadenofibroma,serous cystadenofibroma,EFO:0002510
ovarian cystadenoma,simple cystadenoma,EFO:0002511
simple cystadenoma,simple cystadenoma,EFO:0002511
ovarian cystadenoma,simple cystadenoma,EFO:0002511
Ovarian Cystadenoma,simple cystadenoma,EFO:0002511
progressive supranuclear palsy,"obsolete_supranuclear palsy, progressive",EFO:0002512
corneal stroma,obsolete_corneal stroma,EFO:0002514
Ductus arteriosus,obsolete_ductus arteriosus,EFO:0002515
Ductus arterioso permeable,obsolete_ductus arteriosus,EFO:0002515
Inferior ganglion of vagus nerve,obsolete_inferior ganglion of vagus nerve,EFO:0002516
pancreatic ductal adenocarcinoma,obsolete_pancreatic ductal adenocarcinoma,EFO:0002517
pancreatic ductal carcinoma,obsolete_pancreatic ductal adenocarcinoma,EFO:0002517
cerebral hemisphere,obsolete_cerebral hemisphere,EFO:0002521
Abdominal aorta,obsolete_abdominal aorta,EFO:0002524
Thoracic aorta,obsolete_thoracic aorta,EFO:0002525
Descending thoracic aorta,obsolete_descending thoracic aorta,EFO:0002527
INS-1 cell,INS-1,EFO:0002529
endoderm,obsolete_endoderm,EFO:0002545
Endoderm,obsolete_endoderm,EFO:0002545
Anormal glikoz toleransı,abnormal glucose tolerance,EFO:0002546
cardiovascular system endothelium,obsolete_endothelium,EFO:0002548
Brachiocephalic artery,obsolete_brachiocephalic artery,EFO:0002550
Mucosa of tongue,obsolete_tongue mucosa,EFO:0002553
Fundus of stomach,obsolete_gastric fundus,EFO:0002554
Epithelium of pancreatic duct,obsolete_pancreatic duct epithelium,EFO:0002556
Ciliary ganglion,obsolete_ciliary ganglion,EFO:0002559
Definitive endoderm,obsolete_definitive endoderm,EFO:0002574
AIDS dementia complex,AIDS dementia,EFO:0002608
AIDS Dementia,AIDS dementia,EFO:0002608
juvenile rheumatoid arthritis,juvenile idiopathic arthritis,EFO:0002609
juvenile idiopathic arthritis,juvenile idiopathic arthritis,EFO:0002609
Juvenile Idiopathic Arthritis,juvenile idiopathic arthritis,EFO:0002609
Juvenile Chronic Polyarthritis,juvenile idiopathic arthritis,EFO:0002609
cocaine dependence,cocaine dependence,EFO:0002610
cocaine dependence,cocaine dependence,EFO:0002610
Cocaine Dependence,cocaine dependence,EFO:0002610
hereditary breast ovarian cancer syndrome,obsolete_hereditary breast and ovarian cancer,EFO:0002611
human herpesvirus 8 infection,human herpesvirus 8 infection,EFO:0002612
HHV8 Infection,human herpesvirus 8 infection,EFO:0002612
iatrogenic Kaposi's sarcoma,iatrogenic Kaposi's sarcoma,EFO:0002613
iatrogenic Kaposi's sarcoma,iatrogenic Kaposi's sarcoma,EFO:0002613
Iatrogenic Kaposi Sarcoma,iatrogenic Kaposi's sarcoma,EFO:0002613
Insulin resistance,insulin resistance,EFO:0002614
insulin resistance,insulin resistance,EFO:0002614
internal carotid artery stenosis,internal carotid artery stenosis,EFO:0002615
macroglobulinemia,macroglobulinemia,EFO:0002616
macroglobulinemia,macroglobulinemia,EFO:0002616
macroglobulinemia,macroglobulinemia,EFO:0002616
Lymphoplasmacytic Lymphoma,macroglobulinemia,EFO:0002616
Waldenstrom Macroglobulinemia,macroglobulinemia,EFO:0002616
metastatic melanoma,metastatic melanoma,EFO:0002617
metastatic melanoma,metastatic melanoma,EFO:0002617
Metastatic Melanoma,metastatic melanoma,EFO:0002617
pancreatic carcinoma,pancreatic carcinoma,EFO:0002618
pancreatic carcinoma,pancreatic carcinoma,EFO:0002618
exocrine pancreatic carcinoma,pancreatic carcinoma,EFO:0002618
Pancreatic Carcinoma,pancreatic carcinoma,EFO:0002618
pituitary adenoma,obsolete_pituitary adenoma,EFO:0002619
primary hyperparathyroidism,obsolete_primary hyperparathyroidism,EFO:0002620
Hiperparatiroidismo primario,obsolete_primary hyperparathyroidism,EFO:0002620
prostate intraepithelial neoplasia,prostate intraepithelial neoplasia,EFO:0002621
prostate intraepithelial neoplasia,prostate intraepithelial neoplasia,EFO:0002621
increased prostate intraepithelial neoplasia incidence,prostate intraepithelial neoplasia,EFO:0002621
Prostatic Intraepithelial Neoplasia,prostate intraepithelial neoplasia,EFO:0002621
Rotavirus infection,rotavirus infection,EFO:0002622
septic peritonitis,septic peritonitis,EFO:0002623
autosomal dominant cerebellar ataxia,obsolete_spinocerebellar ataxia,EFO:0002624
teratozoospermia,obsolete_teratozoospermia,EFO:0002625
thymus neoplasm,thymus neoplasm,EFO:0002626
thymus neoplasm,thymus neoplasm,EFO:0002626
Thymus Neoplasm,thymus neoplasm,EFO:0002626
vulvar intraepithelial neoplasia,vulvar intraepithelial neoplasia,EFO:0002627
vulvar intraepithelial neoplasia,vulvar intraepithelial neoplasia,EFO:0002627
Vulvar Intraepithelial Neoplasia,vulvar intraepithelial neoplasia,EFO:0002627
peripartum cardiomyopathy,peripartum cardiomyopathy,EFO:0002628
peripartum cardiomyopathy,peripartum cardiomyopathy,EFO:0002628
Peripartum Cardiomyopathy,peripartum cardiomyopathy,EFO:0002628
viral dilated cardiomyopathy,viral cardiomyopathy,EFO:0002629
restrictive cardiomyopathy,restrictive cardiomyopathy,EFO:0002630
restrictive cardiomyopathy,restrictive cardiomyopathy,EFO:0002630
Restrictive Cardiomyopathy,restrictive cardiomyopathy,EFO:0002630
pupa,obsolete_pupa,EFO:0002684
atopic IgE-mediated allergic disorder,atopy,EFO:0002686
ischemia reperfusion injury,ischemia reperfusion injury,EFO:0002687
antiphospholipid syndrome,antiphospholipid syndrome,EFO:0002689
antiphospholipid syndrome,antiphospholipid syndrome,EFO:0002689
Antiphospholipid Syndrome,antiphospholipid syndrome,EFO:0002689
systemic lupus erythematosus,obsolete_systemic lupus erythematosus,EFO:0002690
BxPC-3 cell,BxPC-3,EFO:0002709
BxPC-3 cell,BxPC-3,EFO:0002709
T3M4 cell,Panc89,EFO:0002714
RCB1021 cell,Panc89,EFO:0002714
SH-SY5Y cell,SH-SY5Y,EFO:0002717
SH-SY5Y cell,SH-SY5Y,EFO:0002717
Hatching:Long-pec,hatching long-pec,EFO:0002718
L2 larva Ce,L2 larva,EFO:0002719
L3 larva Ce,L3 larva,EFO:0002720
tail bud,obsolete_tail bud,EFO:0002748
aortic smooth muscle,aorta smooth muscle,EFO:0002775
BJ cell,BJ,EFO:0002779
BJ cell,BJ,EFO:0002779
chorion,obsolete_chorion,EFO:0002780
HL-60 cell,HL-60,EFO:0002793
HL-60 cell,HL-60,EFO:0002793
JURKAT cell,Jurkat,EFO:0002796
JURKAT cell,Jurkat,EFO:0002796
NB-4 cell,NB4,EFO:0002798
NB-4 cell,NB4,EFO:0002798
pelvis,obsolete_pelvis,EFO:0002805
3T3-F442A cell,3T3-F442A,EFO:0002811
BJAB cell,BJAB,EFO:0002815
Calu-3 cell,Calu3,EFO:0002819
Calu-3 cell,Calu3,EFO:0002819
CTLL-2 cell,CTLL-2,EFO:0002821
blood-lymph,obsolete_H69,EFO:0002823
vas efferens,HCT116,EFO:0002824
HCT 116 cell,HCT116,EFO:0002824
JURKAT cell,obsolete_Jurkat,EFO:0002825
KS-IMM cell,KS-IMM,EFO:0002826
MIN-6 cell,MIN6,EFO:0002829
MKN-1 cell,MKN1,EFO:0002830
MKN-28 cell,MKN28,EFO:0002831
MKN-45 cell,MKN45,EFO:0002832
MKN-74 cell,MKN74,EFO:0002834
MRC-5 cell,MRC5,EFO:0002835
MRC-5 cell,MRC5,EFO:0002835
MSTO-211H cell,MSTO-211H,EFO:0002839
NCI-N87 cell,NCI-N87,EFO:0002841
PC-9 cell,PC-9,EFO:0002847
RCB4455 cell,PC-9,EFO:0002847
SK-N-MC cell,SK-N-MC,EFO:0002860
SK-N-MC cell,SK-N-MC,EFO:0002860
T24 cell,T24,EFO:0002864
U-2 OS cell,U2OS,EFO:0002869
renal carcinoma,renal carcinoma,EFO:0002890
renal carcinoma,renal carcinoma,EFO:0002890
renal carcinoma,renal carcinoma,EFO:0002890
Kidney Carcinoma,renal carcinoma,EFO:0002890
thyroid gland carcinoma,thyroid carcinoma,EFO:0002892
obsolete_Thyroid Gland Carcinoma,thyroid carcinoma,EFO:0002892
Carcinoma de tiroides,thyroid carcinoma,EFO:0002892
thyroid gland carcinoma,thyroid carcinoma,EFO:0002892
Thyroid Gland Carcinoma,thyroid carcinoma,EFO:0002892
choriocarcinoma,choriocarcinoma,EFO:0002893
choriocarcinoma,choriocarcinoma,EFO:0002893
Choriocarcinoma,choriocarcinoma,EFO:0002893
choriocarcinoma,choriocarcinoma,EFO:0002893
Choriocarcinoma,choriocarcinoma,EFO:0002893
skin amelanotic melanoma,amelanotic skin melanoma,EFO:0002894
amelanotic skin melanoma,amelanotic skin melanoma,EFO:0002894
amelanotic skin melanoma,amelanotic skin melanoma,EFO:0002894
Amelanotic Cutaneous Melanoma,amelanotic skin melanoma,EFO:0002894
MKN-7 cell,MKN7,EFO:0002895
primary cutaneous T-cell non-Hodgkin lymphoma,Cutaneous T-cell lymphoma,EFO:0002913
Cutaneous T-cell lymphoma,Cutaneous T-cell lymphoma,EFO:0002913
primary cutaneous T-cell non-Hodgkin lymphoma,Cutaneous T-cell lymphoma,EFO:0002913
Primary Cutaneous T-Cell Non-Hodgkin Lymphoma,Cutaneous T-cell lymphoma,EFO:0002913
uterine corpus sarcoma,uterine sarcoma,EFO:0002914
uterine sarcoma,uterine sarcoma,EFO:0002914
uterine corpus sarcoma,uterine sarcoma,EFO:0002914
Uterine Corpus Sarcoma,uterine sarcoma,EFO:0002914
esophageal carcinoma,esophageal carcinoma,EFO:0002916
esophageal carcinoma,esophageal carcinoma,EFO:0002916
carcinoma of esophagus,esophageal carcinoma,EFO:0002916
Esophageal Carcinoma,esophageal carcinoma,EFO:0002916
ovarian serous carcinoma,ovarian serous adenocarcinoma,EFO:0002917
ovary serous adenocarcinoma,ovarian serous adenocarcinoma,EFO:0002917
ovarian serous adenocarcinoma,ovarian serous adenocarcinoma,EFO:0002917
ovarian serous adenocarcinoma,ovarian serous adenocarcinoma,EFO:0002917
Ovarian Serous Adenocarcinoma,ovarian serous adenocarcinoma,EFO:0002917
rhabdomyosarcoma,rhabdomyosarcoma,EFO:0002918
rhabdomyosarcoma,rhabdomyosarcoma,EFO:0002918
Rabdomiosarcoma,rhabdomyosarcoma,EFO:0002918
rhabdomyosarcoma,rhabdomyosarcoma,EFO:0002918
Rhabdomyosarcoma,rhabdomyosarcoma,EFO:0002918
uterine carcinoma,uterine carcinoma,EFO:0002919
uterine carcinoma,uterine carcinoma,EFO:0002919
vulvar sarcoma,vulva sarcoma,EFO:0002920
vulva sarcoma,vulva sarcoma,EFO:0002920
vulva sarcoma,vulva sarcoma,EFO:0002920
Vulvar Sarcoma,vulva sarcoma,EFO:0002920
vulva carcinoma,vulvar carcinoma,EFO:0002921
vulvar carcinoma,vulvar carcinoma,EFO:0002921
vulvar carcinoma,vulvar carcinoma,EFO:0002921
Vulvar Carcinoma,vulvar carcinoma,EFO:0002921
hypopharyngeal carcinoma,hypopharyngeal carcinoma,EFO:0002938
hypopharyngeal carcinoma,hypopharyngeal carcinoma,EFO:0002938
Hypopharyngeal Carcinoma,hypopharyngeal carcinoma,EFO:0002938
medulloblastoma,medulloblastoma,EFO:0002939
cerebellar medulloblastoma,medulloblastoma,EFO:0002939
medulloblastoma,medulloblastoma,EFO:0002939
medulloblastoma,medulloblastoma,EFO:0002939
Medulloblastoma,medulloblastoma,EFO:0002939
familial cardiomyopathy,familial cardiomyopathy,EFO:0002945
alpha 1-antitrypsin deficiency,obsolete_alpha-1-antitrypsin deficiency,EFO:0002946
Endocrine system,obsolete_endocrine system,EFO:0002969
muscular disease,muscular disease,EFO:0002970
breast fibrocystic disease,breast fibrocystic disease,EFO:0003014
breast fibrocystic disease,breast fibrocystic disease,EFO:0003014
breast fibrocystic disease,breast fibrocystic disease,EFO:0003014
Breast Fibrocystic Change,breast fibrocystic disease,EFO:0003014
collecting duct carcinoma,collecting duct carcinoma,EFO:0003016
collecting duct carcinoma,collecting duct carcinoma,EFO:0003016
collecting duct carcinoma,collecting duct carcinoma,EFO:0003016
Collecting Duct Carcinoma,collecting duct carcinoma,EFO:0003016
renal pelvis transitional cell carcinoma,transitional cell carcinoma of kidney,EFO:0003017
transitional cell carcinoma of kidney,transitional cell carcinoma of kidney,EFO:0003017
renal pelvis urothelial carcinoma,transitional cell carcinoma of kidney,EFO:0003017
Renal Pelvis Urothelial Carcinoma,transitional cell carcinoma of kidney,EFO:0003017
acute megakaryocytic leukemia,acute megakaryoblastic leukaemia,EFO:0003025
acute megakaryoblastic leukaemia,acute megakaryoblastic leukaemia,EFO:0003025
acute megakaryoblastic leukemia,acute megakaryoblastic leukaemia,EFO:0003025
Acute Megakaryoblastic Leukemia,acute megakaryoblastic leukaemia,EFO:0003025
acute myeloid leukemia with minimal differentiation,minimally differentiated acute myeloblastic leukemia,EFO:0003026
minimally differentiated acute myeloblastic leukemia,minimally differentiated acute myeloblastic leukemia,EFO:0003026
acute myeloid leukemia with minimal differentiation,minimally differentiated acute myeloblastic leukemia,EFO:0003026
Acute Myeloid Leukemia with Minimal Differentiation,minimally differentiated acute myeloblastic leukemia,EFO:0003026
acute myeloid leukemia without maturation,acute myeloblastic leukemia without maturation,EFO:0003027
acute myeloblastic leukemia without maturation,acute myeloblastic leukemia without maturation,EFO:0003027
acute myeloblastic leukemia without maturation,acute myeloblastic leukemia without maturation,EFO:0003027
Acute Myeloid Leukemia without Maturation,acute myeloblastic leukemia without maturation,EFO:0003027
acute myeloid leukemia with maturation,acute myeloblastic leukemia with maturation,EFO:0003028
acute myeloblastic leukemia with maturation,acute myeloblastic leukemia with maturation,EFO:0003028
acute myeloblastic leukemia with maturation,acute myeloblastic leukemia with maturation,EFO:0003028
Acute Myeloid Leukemia with Maturation,acute myeloblastic leukemia with maturation,EFO:0003028
acute basophilic leukemia,acute basophilic leukemia,EFO:0003029
acute basophilic leukemia,acute basophilic leukemia,EFO:0003029
acute basophilic leukemia,acute basophilic leukemia,EFO:0003029
Acute Basophilic Leukemia,acute basophilic leukemia,EFO:0003029
abscess,abscess,EFO:0003030
Abscess,abscess,EFO:0003030
anaplastic large cell lymphoma,anaplastic large cell lymphoma,EFO:0003032
anaplastic large cell lymphoma,anaplastic large cell lymphoma,EFO:0003032
anaplastic large cell lymphoma,anaplastic large cell lymphoma,EFO:0003032
Anaplastic Large Cell Lymphoma,anaplastic large cell lymphoma,EFO:0003032
bacterial sepsis,bacteriemia,EFO:0003033
bacterial infectious disease with sepsis,bacteriemia,EFO:0003033
cellulitis,cellulitis,EFO:0003035
Cellulite,cellulitis,EFO:0003035
cellulitis,cellulitis,EFO:0003035
Cellulitis,cellulitis,EFO:0003035
colonic mucosa,obsolete_colon mucosa,EFO:0003038
EAhy 926 cell,EAhy 926 cell,EFO:0003039
embryonic cell line,embryonic cell line,EFO:0003040
NCI-H1299 cell,NCI-H1299,EFO:0003043
NCI-H460 cell,NCI-H460,EFO:0003044
NCI-H460 cell,NCI-H460,EFO:0003044
hepatitis C,hepatitis C virus infection,EFO:0003047
hepatitis C virus infection,hepatitis C virus infection,EFO:0003047
Hepatitis C Infection,hepatitis C virus infection,EFO:0003047
lung large cell carcinoma,large cell lung carcinoma,EFO:0003050
large cell lung carcinoma,large cell lung carcinoma,EFO:0003050
anaplastic lung carcinoma,large cell lung carcinoma,EFO:0003050
lung large cell carcinoma,large cell lung carcinoma,EFO:0003050
Lung Large Cell Carcinoma,large cell lung carcinoma,EFO:0003050
Fibula,obsolete_fibula,EFO:0003052
Tibia,obsolete_tibia,EFO:0003054
M14 melanoma cell,M14,EFO:0003056
lung non-small cell carcinoma,non-small cell lung carcinoma,EFO:0003060
non-small cell lung carcinoma,non-small cell lung carcinoma,EFO:0003060
Carcinoma de pulmón de células no pequeñas,non-small cell lung carcinoma,EFO:0003060
non-small cell lung carcinoma,non-small cell lung carcinoma,EFO:0003060
Lung Non-Small Cell Carcinoma,non-small cell lung carcinoma,EFO:0003060
OVCAR-3 cell,OVCAR3,EFO:0003061
OVCAR-3 cell,OVCAR3,EFO:0003061
polymyositis,polymyositis,EFO:0003063
polymyositis,polymyositis,EFO:0003063
Polymyositis,polymyositis,EFO:0003063
Rib,obsolete_rib,EFO:0003066
Latissimus dorsi,latissimus dorsi,EFO:0003067
Shoulder,obsolete_shoulder,EFO:0003068
Elbow,obsolete_elbow,EFO:0003069
Sacrum,obsolete_sacrum,EFO:0003071
SK-N-SH cell,SK-N-SH,EFO:0003072
SK-N-SH cell,SK-N-SH,EFO:0003072
smoldering myeloma,asymptomatic myeloma,EFO:0003073
asymptomatic myeloma,asymptomatic myeloma,EFO:0003073
smoldering plasma cell myeloma,asymptomatic myeloma,EFO:0003073
Smoldering Multiple Myeloma,asymptomatic myeloma,EFO:0003073
Ksantelazma,xanthoma,EFO:0003075
xanthoma,xanthoma,EFO:0003075
Xanthoma,xanthoma,EFO:0003075
thyroid epithelial cell,thyrocyte,EFO:0003076
Yolk sac,obsolete_yolk sac,EFO:0003078
X-linked agammaglobulinemia,obsolete_X-linked agammaglobulinemia,EFO:0003079
pleomorphic liposarcoma,pleomorphic liposarcoma,EFO:0003083
pleomorphic liposarcoma,pleomorphic liposarcoma,EFO:0003083
pleomorphic liposarcoma,pleomorphic liposarcoma,EFO:0003083
Pleomorphic Liposarcoma,pleomorphic liposarcoma,EFO:0003083
cellular myxoid liposarcoma,round cell liposarcoma,EFO:0003084
round cell liposarcoma,round cell liposarcoma,EFO:0003084
round cell liposarcoma,round cell liposarcoma,EFO:0003084
Round Cell Liposarcoma,round cell liposarcoma,EFO:0003084
dedifferentiated liposarcoma,dedifferentiated liposarcoma,EFO:0003085
dedifferentiated liposarcoma,dedifferentiated liposarcoma,EFO:0003085
dedifferentiated liposarcoma,dedifferentiated liposarcoma,EFO:0003085
Dedifferentiated Liposarcoma,dedifferentiated liposarcoma,EFO:0003085
kidney disease,kidney disease,EFO:0003086
kidney disorder,kidney disease,EFO:0003086
Kidney Disorder,kidney disease,EFO:0003086
myocardium of ventricle,obsolete_ventricular myocardium,EFO:0003088
neurofibromatosis,obsolete_neurofibromatosis,EFO:0003092
ganglioglioma,ganglioglioma,EFO:0003094
ganglioglioma,ganglioglioma,EFO:0003094
ganglioglioma,ganglioglioma,EFO:0003094
Ganglioglioma,ganglioglioma,EFO:0003094
metabolic dysfunction-associated steatotic liver disease,non-alcoholic fatty liver disease,EFO:0003095
non-alcoholic fatty liver,non-alcoholic fatty liver disease,EFO:0003095
non-alcoholic fatty liver,non-alcoholic fatty liver disease,EFO:0003095
metabolic dysfunction-associated steatotic liver disease,non-alcoholic fatty liver disease,EFO:0003095
Nonalcoholic Fatty Liver Disease,non-alcoholic fatty liver disease,EFO:0003095
Pick's disease,Pick disease,EFO:0003096
Pick disease,Pick disease,EFO:0003096
Pick's Disease,Pick disease,EFO:0003096
empyema,empyema,EFO:0003097
Empyema,empyema,EFO:0003097
meningioma,obsolete_meningioma,EFO:0003098
obsolete Cushing's syndrome,Cushing syndrome,EFO:0003099
Cushing syndrome,Cushing syndrome,EFO:0003099
Cushing Syndrome,Cushing syndrome,EFO:0003099
obsolete peripheral neuropathy,peripheral neuropathy,EFO:0003100
neuropathy,peripheral neuropathy,EFO:0003100
neuropathy,peripheral neuropathy,EFO:0003100
peripheral neuropathy,peripheral neuropathy,EFO:0003100
Peripheral Neuropathy,peripheral neuropathy,EFO:0003100
Neuropathy,peripheral neuropathy,EFO:0003100
testis seminoma,testicular seminoma,EFO:0003101
testicular seminoma,testicular seminoma,EFO:0003101
Seminom varlete,testicular seminoma,EFO:0003101
testicular seminoma,testicular seminoma,EFO:0003101
Testicular Seminoma,testicular seminoma,EFO:0003101
osteomyelitis,osteomyelitis,EFO:0003102
Osteomielitis,osteomyelitis,EFO:0003102
osteomyelitis,osteomyelitis,EFO:0003102
Osteomyelitis,osteomyelitis,EFO:0003102
urinary tract infection,urinary tract infection,EFO:0003103
urinary tract infection,urinary tract infection,EFO:0003103
adrenal cortical adenoma,adrenocortical adenoma,EFO:0003104
adrenal adenoma,adrenocortical adenoma,EFO:0003104
adrenocortical adenoma,adrenocortical adenoma,EFO:0003104
Adenoma adrenocortical,adrenocortical adenoma,EFO:0003104
adrenal cortex adenoma,adrenocortical adenoma,EFO:0003104
Adrenal Cortical Adenoma,adrenocortical adenoma,EFO:0003104
spina bifida,spina bifida,EFO:0003105
Espina bífida,spina bifida,EFO:0003105
spina bifida,spina bifida,EFO:0003105
Spina Bifida,spina bifida,EFO:0003105
pneumonia,pneumonia,EFO:0003106
pneumonia,pneumonia,EFO:0003106
Pneumonia,pneumonia,EFO:0003106
essential tremor,essential tremor,EFO:0003108
essential tremor,essential tremor,EFO:0003108
alopecia,obsolete_alopecia,EFO:0003109
placental villitis,villitis,EFO:0003110
NCI-H520 cell,NCI-H520,EFO:0003124
NCI-H520 cell,NCI-H520,EFO:0003124
heart failure,heart failure,EFO:0003144
Heart Failure,heart failure,EFO:0003144
high output heart failure,high output heart failure,EFO:0003145
symptomatic heart failure,symptomatic heart failure,EFO:0003146
mild heart failure,mild heart failure,EFO:0003147
moderate heart failure,moderate heart failure,EFO:0003148
advanced heart failure,advanced heart failure,EFO:0003149
FBbt_00000448,posterior midgut proper primordium,EFO:0003370
hypopharyngeal organ,hypopharyngeal sense organ,EFO:0003397
FBbt_00005626,embryonic midgut interstitial cell,EFO:0003410
olfactory placode,obsolete_olfactory placode,EFO:0003420
presumptive segmental plate,obsolete_presumptive segmental plate,EFO:0003421
presumptive neural plate,obsolete_presumptive neural plate,EFO:0003424
axial chorda mesoderm,obsolete_axial chorda mesoderm,EFO:0003426
germ ring,obsolete_germ ring,EFO:0003427
liver primordium,obsolete_liver primordium,EFO:0003428
otic placode,obsolete_otic placode,EFO:0003429
presumptive midbrain,obsolete_presumptive midbrain,EFO:0003432
trigeminal placode,obsolete_trigeminal placode,EFO:0003433
pancreas primordium,obsolete_pancreas primordium,EFO:0003434
presumptive endoderm,obsolete_presumptive endoderm,EFO:0003437
presumptive spinal cord,obsolete_presumptive spinal cord,EFO:0003438
presumptive blood,obsolete_presumptive blood,EFO:0003439
presumptive hindbrain,obsolete_presumptive hindbrain,EFO:0003440
presumptive paraxial mesoderm,obsolete_presumptive paraxial mesoderm,EFO:0003443
presumptive shield,obsolete_presumptive shield,EFO:0003444
presumptive midbrain hindbrain boundary,obsolete_presumptive midbrain hindbrain boundary,EFO:0003446
presumptive rhombomere 7,obsolete_presumptive rhombomere 7,EFO:0003447
presumptive rhombomere 6,obsolete_presumptive rhombomere 6,EFO:0003448
presumptive rhombomere 5,obsolete_presumptive rhombomere 5,EFO:0003449
presumptive rhombomere 4,obsolete_presumptive rhombomere 4,EFO:0003450
presumptive rhombomere 3,obsolete_presumptive rhombomere 3,EFO:0003451
presumptive rhombomere 8,obsolete_presumptive rhombomere 8,EFO:0003452
presumptive hypochord,obsolete_presumptive hypochord,EFO:0003453
presumptive floor plate,obsolete_presumptive floor plate,EFO:0003454
epibranchial placode,obsolete_epibranchial placode,EFO:0003455
neurogenic placode,obsolete_neurogenic placode,EFO:0003460
presumptive enteric nervous system,obsolete_presumptive enteric nervous system,EFO:0003462
presumptive forebrain midbrain boundary,obsolete_presumptive forebrain midbrain boundary,EFO:0003463
presumptive ectoderm,obsolete_presumptive ectoderm,EFO:0003466
presumptive mesoderm,obsolete_presumptive mesoderm,EFO:0003467
pancreatic bud,obsolete_pancreatic bud,EFO:0003470
caudal artery,obsolete_caudal artery,EFO:0003472
floor plate,obsolete_floor plate,EFO:0003473
hypochord,obsolete_hypochord,EFO:0003475
postoptic commissure,obsolete_postoptic commissure,EFO:0003478
pronephric mesoderm,obsolete_pronephric mesoderm,EFO:0003479
rhombomere 6,obsolete_rhombomere 6,EFO:0003480
swim bladder,obsolete_swim bladder,EFO:0003483
trigeminal neural crest,obsolete_trigeminal neural crest,EFO:0003484
trunk mesenchyme,obsolete_trunk mesenchyme,EFO:0003485
blood island,obsolete_blood island,EFO:0003489
brain vasculature,obsolete_brain vasculature,EFO:0003491
head mesenchyme,obsolete_head mesenchyme,EFO:0003492
lens placode,obsolete_lens placode,EFO:0003494
olfactory pit,obsolete_olfactory pit,EFO:0003496
neural keel,obsolete_neural keel,EFO:0003497
neural rod,obsolete_neural rod,EFO:0003498
rhombomere 8,obsolete_rhombomere 8,EFO:0003500
obsolete_basibranchial bone,obsolete_basibranchial bone,EFO:0003503
basibranchial,obsolete_basibranchial bone,EFO:0003503
bulbus arteriosus,obsolete_bulbus arteriosus,EFO:0003505
cleithrum,obsolete_cleithrum,EFO:0003507
dentary,obsolete_dentary,EFO:0003508
neuromast,obsolete_neuromast,EFO:0003513
paraxial mesoderm,obsolete_paraxial mesoderm,EFO:0003515
ventral telencephalon,obsolete_ventral telencephalon,EFO:0003522
cephalic musculature,obsolete_cephalic musculature,EFO:0003524
olfactory region,obsolete_olfactory region,EFO:0003525
heart tube,obsolete_heart tube,EFO:0003526
hyoid muscle,obsolete_hyoid muscle,EFO:0003536
otolith organ,obsolete_otolith organ,EFO:0003539
dorsal fin musculature,obsolete_dorsal fin musculature,EFO:0003551
gill filament,obsolete_gill filament,EFO:0003554
horizontal myoseptum,obsolete_horizontal myoseptum,EFO:0003555
segmental intercostal artery,obsolete_segmental intercostal artery,EFO:0003558
telencephalic ventricle,obsolete_telencephalic ventricle,EFO:0003562
basal plate midbrain region,obsolete_basal plate midbrain region,EFO:0003567
floor plate rhombomere 2,obsolete_floor plate rhombomere 2,EFO:0003568
floor plate rhombomere 5,obsolete_floor plate rhombomere 5,EFO:0003569
floor plate rhombomere 8,obsolete_floor plate rhombomere 8,EFO:0003570
mesenchyme derived from head neural crest,obsolete_mesenchyme derived from head neural crest,EFO:0003572
neural crest diencephalon,obsolete_neural crest diencephalon,EFO:0003573
neural crest telencephalon,obsolete_neural crest telencephalon,EFO:0003574
nucleus of the medial longitudinal fasciculus medulla oblongata,obsolete_nucleus of the medial longitudinal fasciculus medulla oblongata,EFO:0003577
rhombomere 2,obsolete_rhombomere 2,EFO:0003579
rhombomere 5,obsolete_rhombomere 5,EFO:0003580
floor plate rhombomere 1,obsolete_floor plate rhombomere 1,EFO:0003584
floor plate rhombomere 3,obsolete_floor plate rhombomere 3,EFO:0003586
floor plate rhombomere 6,obsolete_floor plate rhombomere 6,EFO:0003587
floor plate rhombomere 4,obsolete_floor plate rhombomere 4,EFO:0003588
floor plate rhombomere 7,obsolete_floor plate rhombomere 7,EFO:0003589
lateral mesenchyme derived from mesoderm,obsolete_lateral mesenchyme derived from mesoderm,EFO:0003590
neural crest midbrain,obsolete_neural crest midbrain,EFO:0003591
middle lateral line neuromast,obsolete_middle lateral line neuromast,EFO:0003592
pectoral fin skeleton,obsolete_pectoral fin skeleton,EFO:0003594
posterior lateral line,obsolete_posterior lateral line,EFO:0003595
rhombomere 3,obsolete_rhombomere 3,EFO:0003596
rhombomere 7,obsolete_rhombomere 7,EFO:0003597
lateral wall spinal cord,obsolete_lateral wall spinal cord,EFO:0003602
mesenchyme pectoral fin,obsolete_mesenchyme pectoral fin,EFO:0003604
trunk neural crest,obsolete_trunk neural crest,EFO:0003605
occipital lateral line neuromast,obsolete_occipital lateral line neuromast,EFO:0003606
supraorbital lateral line neuromast,obsolete_supraorbital lateral line neuromast,EFO:0003607
rhombomere 1,obsolete_rhombomere 1,EFO:0003608
rhombomere 4,obsolete_rhombomere 4,EFO:0003609
primitive mesencephalic artery,obsolete_primitive mesencephalic artery,EFO:0003615
rhombomere,obsolete_rhombomere,EFO:0003617
neural arch,obsolete_neural arch,EFO:0003618
presumptive pronephric mesoderm,obsolete_presumptive pronephric mesoderm,EFO:0003619
thymus primordium,obsolete_thymus primordium,EFO:0003622
chordo neural hinge,obsolete_chordo neural hinge,EFO:0003623
ventricular zone,obsolete_ventricular zone,EFO:0003624
pharyngeal pouch,obsolete_pharyngeal pouch,EFO:0003627
thecal cell layer,obsolete_thecal cell layer,EFO:0003629
pharyngeal pouch 1,obsolete_pharyngeal pouch 1,EFO:0003631
pharyngeal pouch 2,obsolete_pharyngeal pouch 2,EFO:0003633
pharyngeal pouch 3,obsolete_pharyngeal pouch 3,EFO:0003634
pharyngeal pouch 6,obsolete_pharyngeal pouch 6,EFO:0003635
pharyngeal pouch 5,obsolete_pharyngeal pouch 5,EFO:0003636
pharyngeal pouch 4,obsolete_pharyngeal pouch 4,EFO:0003637
non neural ectoderm,obsolete_non neural ectoderm,EFO:0003643
pelvic fin,obsolete_pelvic fin,EFO:0003644
cranial neural crest,obsolete_cranial neural crest,EFO:0003645
axial mesoderm,obsolete_axial mesoderm,EFO:0003647
gonad primordium,obsolete_gonad primordium,EFO:0003651
ovarian follicle stage IV,obsolete_ovarian follicle stage IV,EFO:0003653
blastema,obsolete_blastema,EFO:0003658
palatoquadrate arch,obsolete_palatoquadrate arch,EFO:0003659
renal tubule,obsolete_renal tubule,EFO:0003666
renal glomerulus,obsolete_renal glomerulus,EFO:0003667
ciliary marginal zone,obsolete_ciliary marginal zone,EFO:0003668
facial ganglion,obsolete_facial ganglion,EFO:0003669
dorsal anterior lateral line ganglion,obsolete_dorsal anterior lateral line ganglion,EFO:0003674
neurocranial trabecula,obsolete_neurocranial trabecula,EFO:0003677
terminal nerve,obsolete_terminal nerve,EFO:0003678
ethmoid cartilage,obsolete_ethmoid cartilage,EFO:0003685
hyosymplectic cartilage,obsolete_hyosymplectic cartilage,EFO:0003686
pharyngeal arch cartilage,obsolete_pharyngeal arch cartilage,EFO:0003689
chondrocranium cartilage,obsolete_chondrocranium cartilage,EFO:0003690
aortic arch,obsolete_aortic arch,EFO:0003695
anterior lateral plate mesoderm,obsolete_anterior lateral plate mesoderm,EFO:0003704
posterior lateral plate mesoderm,obsolete_posterior lateral plate mesoderm,EFO:0003705
vascular cord,obsolete_vascular cord,EFO:0003709
autism spectrum disorder,autism spectrum disorder,EFO:0003756
atypical autism,autism spectrum disorder,EFO:0003756
pervasive developmental disorder - not otherwise specified,autism spectrum disorder,EFO:0003756
autism spectrum disorder,autism spectrum disorder,EFO:0003756
Autism Spectrum Disorder,autism spectrum disorder,EFO:0003756
Asperger syndrome,Asperger syndrome,EFO:0003757
Asperger syndrome,Asperger syndrome,EFO:0003757
Asperger Syndrome,Asperger syndrome,EFO:0003757
autistic disorder,autism,EFO:0003758
Autism,autism,EFO:0003758
autism,autism,EFO:0003758
Autism,autism,EFO:0003758
atypical autism,pervasive developmental disorder - not otherwise specified,EFO:0003759
Central nervous system cyst,central nervous system cyst,EFO:0003760
central nervous system cyst,central nervous system cyst,EFO:0003760
Central Nervous System Cyst,central nervous system cyst,EFO:0003760
major depressive disorder,unipolar depression,EFO:0003761
melancholic depression,unipolar depression,EFO:0003761
obsolete melancholia,unipolar depression,EFO:0003761
major depressive episode,unipolar depression,EFO:0003761
major depressive disorder,unipolar depression,EFO:0003761
Unipolar Depression,unipolar depression,EFO:0003761
cerebrovascular disease,cerebrovascular disorder,EFO:0003763
cerebrovascular disorder,cerebrovascular disorder,EFO:0003763
Cerebrovascular Disorder,cerebrovascular disorder,EFO:0003763
transient cerebral ischemia,transient ischemic attack,EFO:0003764
Accident ischémique transitoire,transient ischemic attack,EFO:0003764
transient ischemic attack,transient ischemic attack,EFO:0003764
Transient Ischemic Attack,transient ischemic attack,EFO:0003764
inflammatory bowel disease,inflammatory bowel disease,EFO:0003767
inflammatory bowel disease,inflammatory bowel disease,EFO:0003767
Inflammatory Bowel Disease,inflammatory bowel disease,EFO:0003767
nicotine dependence,nicotine dependence,EFO:0003768
nicotine dependence,nicotine dependence,EFO:0003768
Nicotine Dependence,nicotine dependence,EFO:0003768
endocrine gland cancer,endocrine neoplasm,EFO:0003769
endocrine gland neoplasm,endocrine neoplasm,EFO:0003769
Endocrine Neoplasm,endocrine neoplasm,EFO:0003769
diabetic retinopathy,diabetic retinopathy,EFO:0003770
diabetic retinopathy,diabetic retinopathy,EFO:0003770
Diabetic Retinopathy,diabetic retinopathy,EFO:0003770
hyper IgE recurrent infection syndrome 1,obsolete_Job's syndrome,EFO:0003775
heart disease,heart disease,EFO:0003777
heart disorder,heart disease,EFO:0003777
Heart Disorder,heart disease,EFO:0003777
psoriatic arthritis,psoriatic arthritis,EFO:0003778
psoriatic arthritis,psoriatic arthritis,EFO:0003778
Psoriatic Arthritis,psoriatic arthritis,EFO:0003778
autoimmune thyroiditis,Hashimoto's thyroiditis,EFO:0003779
Hashimoto thyroiditis,Hashimoto's thyroiditis,EFO:0003779
Hashimoto Thyroiditis,Hashimoto's thyroiditis,EFO:0003779
Behcet's disease,Behcet's syndrome,EFO:0003780
Behcet disease,Behcet's syndrome,EFO:0003780
Behcet Syndrome,Behcet's syndrome,EFO:0003780
carotid artery disease,carotid artery disease,EFO:0003781
carotid artery disorder,carotid artery disease,EFO:0003781
Carotid Artery Disorder,carotid artery disease,EFO:0003781
motor neuron disease,motor neuron disease,EFO:0003782
motor neuron disorder,motor neuron disease,EFO:0003782
progressive bulbar palsy,progressive bulbar palsy,EFO:0003783
progressive bulbar palsy,progressive bulbar palsy,EFO:0003783
Progressive Bulbar Palsy,progressive bulbar palsy,EFO:0003783
allergic disease,obsolete_allergy,EFO:0003785
refractory anemia,refractory anemia,EFO:0003802
myelodysplastic syndrome with single lineage dysplasia,refractory anemia,EFO:0003802
Refractory Anemia,refractory anemia,EFO:0003802
"Myelodysplastic Syndrome, Not Otherwise Specified with Single Lineage Dysplasia",refractory anemia,EFO:0003802
refractory anemia with excess blasts,refractory anemia with excess blasts,EFO:0003811
myelodysplastic syndrome with excess blasts,refractory anemia with excess blasts,EFO:0003811
Myelodysplastic Syndrome with Excess Blasts,refractory anemia with excess blasts,EFO:0003811
refractory anemia with ringed sideroblasts,refractory anemia with ringed sideroblasts,EFO:0003812
myelodysplastic syndrome with ring sideroblasts,refractory anemia with ringed sideroblasts,EFO:0003812
Myelodysplastic Syndrome with Ring Sideroblasts,refractory anemia with ringed sideroblasts,EFO:0003812
larynx cancer,laryngeal neoplasm,EFO:0003817
laryngeal neoplasm,laryngeal neoplasm,EFO:0003817
Laryngeal Neoplasm,laryngeal neoplasm,EFO:0003817
lung disease,lung disease,EFO:0003818
lung disorder,lung disease,EFO:0003818
Lung Disorder,lung disease,EFO:0003818
dental caries,dental caries,EFO:0003819
dental caries,dental caries,EFO:0003819
bone cancer,bone neoplasm,EFO:0003820
bone neoplasm,bone neoplasm,EFO:0003820
Bone Neoplasm,bone neoplasm,EFO:0003820
migraine,obsolete_migraine disorder,EFO:0003821
eye neoplasm,eye neoplasm,EFO:0003824
Eye Neoplasm,eye neoplasm,EFO:0003824
serous cystadenocarcinoma,serous adenocarcinoma,EFO:0003825
serous adenocarcinoma,serous adenocarcinoma,EFO:0003825
serous adenocarcinoma,serous adenocarcinoma,EFO:0003825
Serous Adenocarcinoma,serous adenocarcinoma,EFO:0003825
salivary gland cancer,salivary gland neoplasm,EFO:0003826
pulmonary embolism,pulmonary embolism,EFO:0003827
Embolia pulmonar,pulmonary embolism,EFO:0003827
pulmonary embolism,pulmonary embolism,EFO:0003827
Pulmonary Embolism,pulmonary embolism,EFO:0003827
spinal cord neoplasm,spinal cord neoplasm,EFO:0003828
Spinal Cord Neoplasm,spinal cord neoplasm,EFO:0003828
alcohol dependence,obsolete_alcohol dependence,EFO:0003829
prostatitis,prostatitis,EFO:0003830
Prostatit,prostatitis,EFO:0003830
prostatitis,prostatitis,EFO:0003830
Prostatitis,prostatitis,EFO:0003830
gallbladder disease,gallbladder disease,EFO:0003832
gallbladder disorder,gallbladder disease,EFO:0003832
Gallbladder Disorder,gallbladder disease,EFO:0003832
brain cancer,brain neoplasm,EFO:0003833
brain neoplasm,brain neoplasm,EFO:0003833
Brain Neoplasm,brain neoplasm,EFO:0003833
cutaneous lupus erythematosus,cutaneous lupus erythematosus,EFO:0003834
cutaneous lupus erythematosus,cutaneous lupus erythematosus,EFO:0003834
Cutaneous Lupus Erythematosus,cutaneous lupus erythematosus,EFO:0003834
anus cancer,anal neoplasm,EFO:0003835
anus benign neoplasm,anal neoplasm,EFO:0003835
anus neoplasm,anal neoplasm,EFO:0003835
Anal Neoplasm,anal neoplasm,EFO:0003835
calcinosis,calcification,EFO:0003837
retinal disease,retinopathy,EFO:0003839
retinal disorder,retinopathy,EFO:0003839
Retinal Disorder,retinopathy,EFO:0003839
Retinopathy,retinopathy,EFO:0003839
secondary progressive multiple sclerosis,chronic progressive multiple sclerosis,EFO:0003840
primary progressive multiple sclerosis,chronic progressive multiple sclerosis,EFO:0003840
progressive relapsing multiple sclerosis,chronic progressive multiple sclerosis,EFO:0003840
chronic progressive multiple sclerosis,chronic progressive multiple sclerosis,EFO:0003840
thyroid adenoma,thyroid neoplasm,EFO:0003841
thyroid tumor,thyroid neoplasm,EFO:0003841
Thyroid Gland Neoplasm,thyroid neoplasm,EFO:0003841
ureter cancer,ureteral neoplasm,EFO:0003844
ureter neoplasm,ureteral neoplasm,EFO:0003844
Ureter Neoplasm,ureteral neoplasm,EFO:0003844
urethra cancer,urethral neoplasm,EFO:0003846
urethra neoplasm,urethral neoplasm,EFO:0003846
Urethra Neoplasm,urethral neoplasm,EFO:0003846
intellectual disability,obsolete_intellectual disability,EFO:0003847
palatal neoplasm,palatal neoplasm,EFO:0003849
palatal neoplasm,palatal neoplasm,EFO:0003849
Palate Neoplasm,palatal neoplasm,EFO:0003849
adrenal gland cancer,adrenal gland neoplasm,EFO:0003850
adrenal gland neoplasm,adrenal gland neoplasm,EFO:0003850
Adrenal Gland Neoplasm,adrenal gland neoplasm,EFO:0003850
tumor of meninges,meningeal neoplasm,EFO:0003851
Meningeal Neoplasm,meningeal neoplasm,EFO:0003851
developmental disability,developmental disability,EFO:0003852
Neoplasia del aparato respiratorio,respiratory system neoplasm,EFO:0003853
respiratory tract neoplasm,respiratory system neoplasm,EFO:0003853
Respiratory System Neoplasm,respiratory system neoplasm,EFO:0003853
postmenopausal osteoporosis,postmenopausal osteoporosis,EFO:0003854
Intestinal polyp,intestinal polyp,EFO:0003855
intestinal polyp,intestinal polyp,EFO:0003855
dissection,dissection,EFO:0003856
arthrogryposis,arthrogryposis,EFO:0003857
Arthrogryposis,arthrogryposis,EFO:0003857
uterine cancer,uterine neoplasm,EFO:0003859
tumor of uterus,uterine neoplasm,EFO:0003859
Uterine Neoplasm,uterine neoplasm,EFO:0003859
pancreatic cancer,pancreatic neoplasm,EFO:0003860
pancreatic neoplasm,pancreatic neoplasm,EFO:0003860
Pancreatic Neoplasm,pancreatic neoplasm,EFO:0003860
dementia,obsolete_dementia,EFO:0003862
kidney cancer,kidney neoplasm,EFO:0003865
kidney neoplasm,kidney neoplasm,EFO:0003865
Kidney Neoplasm,kidney neoplasm,EFO:0003865
paranasal sinus benign neoplasm,paranasal sinus neoplasm,EFO:0003866
paranasal sinus neoplasm,paranasal sinus neoplasm,EFO:0003866
Neoplasia del seno paranasal,paranasal sinus neoplasm,EFO:0003866
paranasal sinus neoplasm,paranasal sinus neoplasm,EFO:0003866
Paranasal Sinus Neoplasm,paranasal sinus neoplasm,EFO:0003866
oral cavity neoplasm,mouth neoplasm,EFO:0003868
Oral Cavity Neoplasm,mouth neoplasm,EFO:0003868
Meme neoplazisi,breast neoplasm,EFO:0003869
breast neoplasm,breast neoplasm,EFO:0003869
Breast Neoplasm,breast neoplasm,EFO:0003869
intracranial aneurysm,brain aneurysm,EFO:0003870
brain aneurysm,brain aneurysm,EFO:0003870
tongue cancer,tongue neoplasm,EFO:0003871
tongue neoplasm,tongue neoplasm,EFO:0003871
Tongue Neoplasm,tongue neoplasm,EFO:0003871
colitis,colitis,EFO:0003872
Colite,colitis,EFO:0003872
colitis,colitis,EFO:0003872
Colitis,colitis,EFO:0003872
parotid gland neoplasm,parotid neoplasm,EFO:0003873
Parotid Gland Neoplasm,parotid neoplasm,EFO:0003873
flatfoot,flatfoot,EFO:0003874
Flat Foot,flatfoot,EFO:0003874
peripheral vascular disease,peripheral vascular disease,EFO:0003875
peripheral vascular disease,peripheral vascular disease,EFO:0003875
Peripheral Vascular Disorder,peripheral vascular disease,EFO:0003875
intermittent claudication,intermittent vascular claudication,EFO:0003876
intermittent vascular claudication,intermittent vascular claudication,EFO:0003876
sleep apnea,sleep apnea,EFO:0003877
Apnea del sueño,sleep apnea,EFO:0003877
sleep apnea syndrome,sleep apnea,EFO:0003877
Sleep-Disordered Breathing,sleep apnea,EFO:0003877
urethritis,urethritis,EFO:0003878
Urethrite,urethritis,EFO:0003878
urethritis,urethritis,EFO:0003878
Urethritis,urethritis,EFO:0003878
appendiceal neoplasm,appendiceal neoplasm,EFO:0003880
appendiceal neoplasm,appendiceal neoplasm,EFO:0003880
Appendix Neoplasm,appendiceal neoplasm,EFO:0003880
osteoporosis,osteoporosis,EFO:0003882
osteoporosis,osteoporosis,EFO:0003882
Osteoporosis,osteoporosis,EFO:0003882
brain ischemia,obsolete_brain ischemia,EFO:0003883
chronic kidney disease,chronic kidney disease,EFO:0003884
chronic kidney disease,chronic kidney disease,EFO:0003884
Chronic Kidney Disease,chronic kidney disease,EFO:0003884
multiple sclerosis,obsolete_multiple sclerosis,EFO:0003885
attention deficit hyperactivity disorder,attention deficit hyperactivity disorder,EFO:0003888
attention deficit-hyperactivity disorder,attention deficit hyperactivity disorder,EFO:0003888
Attention Deficit Hyperactivity Disorder,attention deficit hyperactivity disorder,EFO:0003888
drug dependence,drug dependence,EFO:0003890
drug dependence,drug dependence,EFO:0003890
Drug Dependence,drug dependence,EFO:0003890
biliary tract benign neoplasm,biliary tract neoplasm,EFO:0003891
biliary tract neoplasm,biliary tract neoplasm,EFO:0003891
Biliary tract neoplasm,biliary tract neoplasm,EFO:0003891
biliary tract neoplasm,biliary tract neoplasm,EFO:0003891
ovarian neoplasm,ovarian neoplasm,EFO:0003893
Ovarian Neoplasm,ovarian neoplasm,EFO:0003893
acne,acne,EFO:0003894
?瘡,acne,EFO:0003894
acne,acne,EFO:0003894
Acne,acne,EFO:0003894
stomach cancer,stomach neoplasm,EFO:0003897
gastric neoplasm,stomach neoplasm,EFO:0003897
Gastric Neoplasm,stomach neoplasm,EFO:0003897
ankylosing spondylitis,ankylosing spondylitis,EFO:0003898
ankylosing spondylitis,ankylosing spondylitis,EFO:0003898
Ankylosing Spondylitis,ankylosing spondylitis,EFO:0003898
ciliopathy,ciliopathy,EFO:0003900
ciliopathy,ciliopathy,EFO:0003900
spinal fracture,spinal fracture,EFO:0003902
refractive error,obsolete_refractive error,EFO:0003908
Aleteo auricular,atrial flutter,EFO:0003911
atrial flutter,atrial flutter,EFO:0003911
Atrial Flutter,atrial flutter,EFO:0003911
atherosclerosis,atherosclerosis,EFO:0003914
atherosclerosis,atherosclerosis,EFO:0003914
Atherosclerosis,atherosclerosis,EFO:0003914
Atherosclerotic Cardiovascular Disease,atherosclerosis,EFO:0003914
obstructive sleep apnea,obstructive sleep apnea,EFO:0003918
Apnea obstructiva del sueño,obstructive sleep apnea,EFO:0003918
obstructive sleep apnea syndrome,obstructive sleep apnea,EFO:0003918
Obstructive Sleep Apnea Syndrome,obstructive sleep apnea,EFO:0003918
cleft palate,obsolete_cleft palate,EFO:0003920
pouchitis,pouchitis,EFO:0003921
myopia,obsolete_myopia,EFO:0003927
necrotizing enterocolitis,necrotizing enterocolitis,EFO:0003928
Necrotizing Enterocolitis,necrotizing enterocolitis,EFO:0003928
relapsing-remitting multiple sclerosis,relapsing-remitting multiple sclerosis,EFO:0003929
relapsing-remitting multiple sclerosis,relapsing-remitting multiple sclerosis,EFO:0003929
Relapsing-Remitting Multiple Sclerosis,relapsing-remitting multiple sclerosis,EFO:0003929
bone fracture,bone fracture,EFO:0003931
Fracture,bone fracture,EFO:0003931
bacterial vaginosis,bacterial vaginosis,EFO:0003932
bacterial vaginosis,bacterial vaginosis,EFO:0003932
Bacterial Vaginosis,bacterial vaginosis,EFO:0003932
biological_process,obsolete_physiological process,EFO:0003936
aphthous stomatitis,aphthous ulcer,EFO:0003938
Aftózní vřed,aphthous ulcer,EFO:0003938
canker sore,aphthous ulcer,EFO:0003938
Canker Sore,aphthous ulcer,EFO:0003938
humerus fracture,humerus fracture,EFO:0003943
tibia fracture,tibia fracture,EFO:0003944
Fuchs' endothelial dystrophy,obsolete_Fuchs' endothelial dystrophy,EFO:0003946
gastroesophageal reflux disease,gastroesophageal reflux disease,EFO:0003948
Gastro-oesofageale reflux,gastroesophageal reflux disease,EFO:0003948
gastroesophageal reflux disease,gastroesophageal reflux disease,EFO:0003948
Gastroesophageal Reflux Disease,gastroesophageal reflux disease,EFO:0003948
ulna fracture,ulna fracture,EFO:0003950
bacterial sexually transmitted disease,bacterial sexually transmitted disease,EFO:0003955
seasonal allergic rhinitis,seasonal allergic rhinitis,EFO:0003956
Seasonal Allergic Rhinitis,seasonal allergic rhinitis,EFO:0003956
radius fracture,radius fracture,EFO:0003957
sunburn,sunburn,EFO:0003958
cleft lip,cleft lip,EFO:0003959
hip fracture,hip fracture,EFO:0003964
globe disease,eye disease,EFO:0003966
eye disease,eye disease,EFO:0003966
eye disorder,eye disease,EFO:0003966
Eye Disorder,eye disease,EFO:0003966
angiosarcoma,angiosarcoma,EFO:0003968
vascular sarcoma,angiosarcoma,EFO:0003968
angiosarcoma,angiosarcoma,EFO:0003968
Angiosarcoma,angiosarcoma,EFO:0003968
angiosarcoma,angiosarcoma,EFO:0003968
Angiosarcoma,angiosarcoma,EFO:0003968
acrocephalosyndactylia,obsolete_acrocephalosyndactylia,EFO:0004123
keratosis follicularis,obsolete_Darier's disease,EFO:0004124
Adie syndrome,Adie syndrome,EFO:0004126
Holmes-Adie syndrome,Adie syndrome,EFO:0004126
Holmes-Adie Syndrome,Adie syndrome,EFO:0004126
hyperthyroxinemia,hyperthyroxinemia,EFO:0004127
hyperthyroxinemia,hyperthyroxinemia,EFO:0004127
hereditary nephritis,hereditary nephritis,EFO:0004128
transthyretin amyloidosis,familial amyloid neuropathy,EFO:0004129
obsolete paramyloidosis,familial amyloid neuropathy,EFO:0004129
familial amyloid neuropathy,familial amyloid neuropathy,EFO:0004129
Familial Amyloid Neuropathy,familial amyloid neuropathy,EFO:0004129
Machado-Joseph disease,obsolete_Machado-Joseph disease,EFO:0004135
Caffey disease,obsolete_Caffey disease,EFO:0004139
campomelic dysplasia,obsolete_campomelic dysplasia,EFO:0004140
Perineum,obsolete_perineum,EFO:0004141
colorectal neoplasm,colorectal neoplasm,EFO:0004142
colorectal neoplasm,colorectal neoplasm,EFO:0004142
Colorectal Neoplasm,colorectal neoplasm,EFO:0004142
carpal tunnel syndrome,carpal tunnel syndrome,EFO:0004143
carpal tunnel syndrome,carpal tunnel syndrome,EFO:0004143
Carpal Tunnel Syndrome,carpal tunnel syndrome,EFO:0004143
acatalasia,acatalasia,EFO:0004144
acatalasia,acatalasia,EFO:0004144
Acatalasemia,acatalasia,EFO:0004144
myopathy,myopathy,EFO:0004145
myopathy,myopathy,EFO:0004145
Myopathy,myopathy,EFO:0004145
congenital myopathy 1A,obsolete_central core myopathy,EFO:0004146
Sotos syndrome,obsolete_Sotos syndrome,EFO:0004147
Charcot-Marie-Tooth disease,obsolete_Charcot-Marie-Tooth disease,EFO:0004148
neuropathy,neuropathy,EFO:0004149
cherubism,obsolete_cherubism,EFO:0004150
Alagille syndrome,obsolete_Alagille syndrome,EFO:0004151
choreatic disease,chorea,EFO:0004152
Chorea,chorea,EFO:0004152
choreatic disease,chorea,EFO:0004152
Chorea,chorea,EFO:0004152
cleidocranial dysplasia,obsolete_cleidocranial dysplasia,EFO:0004153
open-angle glaucoma,open-angle glaucoma,EFO:0004190
open-angle glaucoma,open-angle glaucoma,EFO:0004190
Open Angle Glaucoma,open-angle glaucoma,EFO:0004190
androgenic alopecia,androgenetic alopecia,EFO:0004191
androgenetic alopecia,androgenetic alopecia,EFO:0004191
alopecia areata,alopecia areata,EFO:0004192
alopecia areata,alopecia areata,EFO:0004192
basal cell carcinoma,basal cell carcinoma,EFO:0004193
Basal Cell Carcinoma,basal cell carcinoma,EFO:0004193
Malignant Basal Cell Neoplasm,basal cell carcinoma,EFO:0004193
IgA glomerulonephritis,IGA glomerulonephritis,EFO:0004194
IgA glomerulonephritis,IGA glomerulonephritis,EFO:0004194
IgA Nephropathy,IGA glomerulonephritis,EFO:0004194
viral hepatitis,viral human hepatitis infection,EFO:0004196
viral hepatitis,viral human hepatitis infection,EFO:0004196
Viral Hepatitis,viral human hepatitis infection,EFO:0004196
hepatitis B,hepatitis B virus infection,EFO:0004197
hepatitis B virus infection,hepatitis B virus infection,EFO:0004197
Hepatitis B Infection,hepatitis B virus infection,EFO:0004197
skin benign neoplasm,skin neoplasm,EFO:0004198
skin cancer,skin neoplasm,EFO:0004198
skin neoplasm,skin neoplasm,EFO:0004198
Skin Neoplasm,skin neoplasm,EFO:0004198
dysplastic nevus syndrome,dysplastic nevus,EFO:0004199
degenerative myopia,pathological myopia,EFO:0004207
vitiligo,Vitiligo,EFO:0004208
vitiligo,Vitiligo,EFO:0004208
Vitiligo,Vitiligo,EFO:0004208
hypospadias,hypospadias,EFO:0004209
Hipospadias,hypospadias,EFO:0004209
hypospadias,hypospadias,EFO:0004209
Hypospadias,hypospadias,EFO:0004209
gallstones,gallstones,EFO:0004210
Hipertrigliceridemia,Hypertriglyceridemia,EFO:0004211
hypertriglyceridemia,Hypertriglyceridemia,EFO:0004211
keloid,Keloid,EFO:0004212
Keloid,Keloid,EFO:0004212
otosclerosis,otosclerosis,EFO:0004213
Otosclerose,otosclerosis,EFO:0004213
otosclerosis,otosclerosis,EFO:0004213
Otosclerosis,otosclerosis,EFO:0004213
abdominal aortic aneurysm,Abdominal Aortic Aneurysm,EFO:0004214
abdominal aortic aneurysm,Abdominal Aortic Aneurysm,EFO:0004214
anorexia nervosa,obsolete_anorexia nervosa,EFO:0004215
conduct disorder,conduct disorder,EFO:0004216
conduct disorder,conduct disorder,EFO:0004216
Conduct Disorder,conduct disorder,EFO:0004216
chronic hepatitis C virus infection,chronic hepatitis C virus infection,EFO:0004220
astigmatism,obsolete_astigmatism,EFO:0004222
coronary restenosis,Coronary Restenosis,EFO:0004224
coronary restenosis,Coronary Restenosis,EFO:0004224
coronary artery vasospasm,Coronary Vasospasm,EFO:0004225
coronary vasospasm,Coronary Vasospasm,EFO:0004225
Creutzfeldt-Jakob disease,Creutzfeldt Jacob Disease,EFO:0004226
Creutzfeldt Jacob disease,Creutzfeldt Jacob Disease,EFO:0004226
Creutzfeldt-Jakob Disease,Creutzfeldt Jacob Disease,EFO:0004226
dengue hemorrhagic fever,Dengue Hemorrhagic Fever,EFO:0004227
Dengue hemorrhagic fever,Dengue Hemorrhagic Fever,EFO:0004227
Dengue Hemorrhagic Fever,Dengue Hemorrhagic Fever,EFO:0004227
drug-induced liver injury,drug-induced liver injury,EFO:0004228
endometrial cancer,endometrial neoplasm,EFO:0004230
endometrial carcinoma,endometrial neoplasm,EFO:0004230
eosinophilic esophagitis,eosinophilic esophagitis,EFO:0004232
eosinophilic esophagitis,eosinophilic esophagitis,EFO:0004232
Eosinophilic Esophagitis,eosinophilic esophagitis,EFO:0004232
leukopenia,leukopenia,EFO:0004233
impotence,erectile dysfunction,EFO:0004234
Impotans,erectile dysfunction,EFO:0004234
erectile dysfunction,erectile dysfunction,EFO:0004234
Male Erectile Disorder,erectile dysfunction,EFO:0004234
exfoliation syndrome,exfoliation syndrome,EFO:0004235
exfoliation syndrome,exfoliation syndrome,EFO:0004235
Exfoliation Syndrome,exfoliation syndrome,EFO:0004235
focal segmental glomerulosclerosis,focal segmental glomerulosclerosis,EFO:0004236
focal segmental glomerulosclerosis,focal segmental glomerulosclerosis,EFO:0004236
Focal Segmental Glomerulosclerosis,focal segmental glomerulosclerosis,EFO:0004236
toxic diffuse goiter,Graves disease,EFO:0004237
Graves' disease,Graves disease,EFO:0004237
Graves disease,Graves disease,EFO:0004237
Graves Disease,Graves disease,EFO:0004237
hearing loss disorder,hearing loss,EFO:0004238
Hearing Loss,hearing loss,EFO:0004238
chronic hepatitis B virus infection,chronic hepatitis B virus infection,EFO:0004239
heroin dependence,heroin dependence,EFO:0004240
heroin dependence,heroin dependence,EFO:0004240
Heroin Dependence,heroin dependence,EFO:0004240
obsessive-compulsive disorder,obsessive-compulsive disorder,EFO:0004242
obsessive-compulsive disorder,obsessive-compulsive disorder,EFO:0004242
Obsessive Compulsive Disorder,obsessive-compulsive disorder,EFO:0004242
carcinoid tumor,carcinoid tumor,EFO:0004243
Carcinoid tumor,carcinoid tumor,EFO:0004243
carcinoid tumor,carcinoid tumor,EFO:0004243
Carcinoid Tumor,carcinoid tumor,EFO:0004243
interstitial lung disease,interstitial lung disease,EFO:0004244
interstitial lung disease,interstitial lung disease,EFO:0004244
Interstitial Lung Disease,interstitial lung disease,EFO:0004244
Kawasaki disease,mucocutaneous lymph node syndrome,EFO:0004246
mucocutaneous lymph node syndrome,mucocutaneous lymph node syndrome,EFO:0004246
Kawasaki Disease,mucocutaneous lymph node syndrome,EFO:0004246
mood disorder,mood disorder,EFO:0004247
mood disorder,mood disorder,EFO:0004247
Mood Disorder,mood disorder,EFO:0004247
male infertility,male infertility,EFO:0004248
male infertility,male infertility,EFO:0004248
meningococcal infection,meningococcal infection,EFO:0004249
myeloproliferative neoplasm,myeloproliferative disorder,EFO:0004251
chronic myeloproliferative disorder,myeloproliferative disorder,EFO:0004251
myeloproliferative disorder,myeloproliferative disorder,EFO:0004251
Myeloproliferative Neoplasm,myeloproliferative disorder,EFO:0004251
nasopharyngeal neoplasm,nasopharyngeal neoplasm,EFO:0004252
nasopharyngeal neoplasm,nasopharyngeal neoplasm,EFO:0004252
Nasopharyngeal Neoplasm,nasopharyngeal neoplasm,EFO:0004252
nephrolithiasis,nephrolithiasis,EFO:0004253
obsolete_kidney stone,nephrolithiasis,EFO:0004253
nephrolithiasis,nephrolithiasis,EFO:0004253
Nephrolithiasis,nephrolithiasis,EFO:0004253
membranous glomerulonephritis,membranous glomerulonephritis,EFO:0004254
membranous glomerulonephritis,membranous glomerulonephritis,EFO:0004254
Membranous Glomerulonephritis,membranous glomerulonephritis,EFO:0004254
nephrotic syndrome,nephrotic syndrome,EFO:0004255
nephrotic syndrome,nephrotic syndrome,EFO:0004255
Nephrotic Syndrome,nephrotic syndrome,EFO:0004255
neuromyelitis optica,neuromyelitis optica,EFO:0004256
neuromyelitis optica,neuromyelitis optica,EFO:0004256
Neuromyelitis Optica,neuromyelitis optica,EFO:0004256
neurotic disorder,neurotic disorder,EFO:0004257
neurotic disorder,neurotic disorder,EFO:0004257
Neurosis,neurotic disorder,EFO:0004257
Neurotic Depression,neurotic disorder,EFO:0004257
ischemic bone disease,osteonecrosis,EFO:0004259
osteonecrosis,osteonecrosis,EFO:0004259
osteonecrosis,osteonecrosis,EFO:0004259
Bone Necrosis,osteonecrosis,EFO:0004259
Aseptic Necrosis of Bone,osteonecrosis,EFO:0004259
bone disease,bone disease,EFO:0004260
bone disorder,bone disease,EFO:0004260
Paget's disease of bone,osteitis deformans,EFO:0004261
bone Paget disease,osteitis deformans,EFO:0004261
Bone Paget Disease,osteitis deformans,EFO:0004261
panic disorder,panic disorder,EFO:0004262
panic disorder,panic disorder,EFO:0004262
Panic Disorder,panic disorder,EFO:0004262
focal epilepsy,partial epilepsy,EFO:0004263
focal epilepsy,partial epilepsy,EFO:0004263
Partial Epilepsy,partial epilepsy,EFO:0004263
vascular disease,vascular disease,EFO:0004264
vascular disorder,vascular disease,EFO:0004264
Vascular Disorder,vascular disease,EFO:0004264
peripheral artery disease,peripheral arterial disease,EFO:0004265
peripheral arterial disease,peripheral arterial disease,EFO:0004265
Peripheral Artery Disease,peripheral arterial disease,EFO:0004265
primary ovarian insufficiency,primary ovarian insufficiency,EFO:0004266
primary ovarian failure,primary ovarian insufficiency,EFO:0004266
Primary Ovarian Failure,primary ovarian insufficiency,EFO:0004266
sclerosing cholangitis,sclerosing cholangitis,EFO:0004268
Cholangite sclérosante,sclerosing cholangitis,EFO:0004268
sclerosing cholangitis,sclerosing cholangitis,EFO:0004268
Primary Sclerosing Cholangitis,sclerosing cholangitis,EFO:0004268
restless legs syndrome,restless legs syndrome,EFO:0004270
restless legs syndrome,restless legs syndrome,EFO:0004270
Restless Leg Syndrome,restless legs syndrome,EFO:0004270
anemia,anemia (phenotype),EFO:0004272
Anemi,anemia (phenotype),EFO:0004272
scoliosis,scoliosis,EFO:0004273
Escoliosis,scoliosis,EFO:0004273
scoliosis,scoliosis,EFO:0004273
Scoliosis,scoliosis,EFO:0004273
gout,gout,EFO:0004274
gout,gout,EFO:0004274
Gout,gout,EFO:0004274
Stevens-Johnson syndrome,Stevens-Johnson syndrome,EFO:0004276
Stevens-Johnson syndrome,Stevens-Johnson syndrome,EFO:0004276
Stevens-Johnson Syndrome,Stevens-Johnson syndrome,EFO:0004276
brain infarction,brain infarction,EFO:0004277
brain infarction,brain infarction,EFO:0004277
movement disease,movement disorder,EFO:0004280
movement disorder,movement disorder,EFO:0004280
Movement Disorder,movement disorder,EFO:0004280
testicular cancer,testicular neoplasm,EFO:0004281
testicular germ cell cancer,testicular neoplasm,EFO:0004281
thoracic aortic aneurysm,thoracic aortic aneurysm,EFO:0004282
thoracic aortic aneurysm,thoracic aortic aneurysm,EFO:0004282
goiter,goiter,EFO:0004283
Bocio,goiter,EFO:0004283
goiter,goiter,EFO:0004283
Goiter,goiter,EFO:0004283
upper aerodigestive tract neoplasm,upper aerodigestive tract neoplasm,EFO:0004284
upper aerodigestive tract neoplasm,upper aerodigestive tract neoplasm,EFO:0004284
Albuminuria,albuminuria,EFO:0004285
venous thromboembolism,venous thromboembolism,EFO:0004286
Venous Thromboembolism,venous thromboembolism,EFO:0004286
Fibrilace komor,ventricular fibrillation,EFO:0004287
ventricular fibrillation,ventricular fibrillation,EFO:0004287
Ventricular Fibrillation,ventricular fibrillation,EFO:0004287
colonic neoplasm,colonic neoplasm,EFO:0004288
colonic neoplasm,colonic neoplasm,EFO:0004288
Colon Neoplasm,colonic neoplasm,EFO:0004288
lymphoid leukemia,lymphoid leukemia,EFO:0004289
obsolete lymphoid leukemia,lymphoid leukemia,EFO:0004289
lymphoid leukemia,lymphoid leukemia,EFO:0004289
Lenfoid lösemi,lymphoid leukemia,EFO:0004289
lymphoid leukemia,lymphoid leukemia,EFO:0004289
Lymphoid Leukemia,lymphoid leukemia,EFO:0004289
neonatal lupus erythematosus,neonatal systemic lupus erythematosus,EFO:0004537
Neonatal Lupus Erythematosus,neonatal systemic lupus erythematosus,EFO:0004537
chronic fatigue syndrome,chronic fatigue syndrome,EFO:0004540
myalgic encephalomeyelitis/chronic fatigue syndrome,chronic fatigue syndrome,EFO:0004540
Chronic Fatigue Syndrome,chronic fatigue syndrome,EFO:0004540
cryptorchidism,cryptorchidism,EFO:0004562
Criptorquidia,cryptorchidism,EFO:0004562
cryptorchidism,cryptorchidism,EFO:0004562
Undescended Testes,cryptorchidism,EFO:0004562
gestational diabetes,gestational diabetes,EFO:0004593
gestational diabetes,gestational diabetes,EFO:0004593
Gestational Diabetes,gestational diabetes,EFO:0004593
childhood eosinophilic esophagitis,childhood eosinophilic esophagitis,EFO:0004594
diabetes mellitus type 2 associated cataract,diabetes mellitus type 2 associated cataract,EFO:0004596
gallbladder neoplasm,gallbladder neoplasm,EFO:0004606
Gallbladder Neoplasm,gallbladder neoplasm,EFO:0004606
duodenal ulcer,duodenal ulcer,EFO:0004607
Duodenal ulcer,duodenal ulcer,EFO:0004607
duodenal ulcer,duodenal ulcer,EFO:0004607
Duodenal Ulcer,duodenal ulcer,EFO:0004607
cystic fibrosis associated meconium ileus,cystic fibrosis associated meconium ileus,EFO:0004608
treatment-refractory schizophrenia,treatment refractory schizophrenia,EFO:0004609
acute lung injury,acute lung injury,EFO:0004610
Acute Lung Injury,acute lung injury,EFO:0004610
"osteoarthritis, knee","osteoarthritis, knee",EFO:0004616
Kuhnt-Junius degeneration,wet macular degeneration,EFO:0004683
wet macular degeneration,wet macular degeneration,EFO:0004683
non-compaction cardiomyopathy,non-compaction cardiomyopathy,EFO:0004686
Insomnia,insomnia,EFO:0004698
insomnia,insomnia,EFO:0004698
Insomnia,insomnia,EFO:0004698
metamphetamine dependence,methamphetamine dependence,EFO:0004701
hypothyroidism,hypothyroidism,EFO:0004705
hypothyroidism,hypothyroidism,EFO:0004705
Hypothyroidism,hypothyroidism,EFO:0004705
hypertrophic pyloric stenosis,infantile hypertrophic pyloric stenosis,EFO:0004707
hypertrophic pyloric stenosis,infantile hypertrophic pyloric stenosis,EFO:0004707
Hypertrophic Pyloric Stenosis,infantile hypertrophic pyloric stenosis,EFO:0004707
"Hodgkin's lymphoma, nodular sclerosis",nodular sclerosis Hodgkin lymphoma,EFO:0004708
nodular sclerosis Hodgkin lymphoma,nodular sclerosis Hodgkin lymphoma,EFO:0004708
nodular sclerosis classical Hodgkin lymphoma,nodular sclerosis Hodgkin lymphoma,EFO:0004708
Nodular Sclerosis Classic Hodgkin Lymphoma,nodular sclerosis Hodgkin lymphoma,EFO:0004708
pelvic organ prolapse,pelvic organ prolapse,EFO:0004710
elephantiasis,elephantiasis,EFO:0004711
elephantiasis,elephantiasis,EFO:0004711
podoconiosis,podoconiosis,EFO:0004712
podoconiosis,podoconiosis,EFO:0004712
sexual dysfunction,sexual dysfunction,EFO:0004714
MRI defined brain infarct,MRI defined brain infarct,EFO:0004715
vascular dementia,vascular dementia,EFO:0004718
vascular dementia,vascular dementia,EFO:0004718
Vascular Dementia,vascular dementia,EFO:0004718
pemphigus vulgaris,pemphigus vulgaris,EFO:0004719
pemphigus vulgaris,pemphigus vulgaris,EFO:0004719
Pemphigus Vulgaris,pemphigus vulgaris,EFO:0004719
prion disease,prion disease,EFO:0004720
prion disease,prion disease,EFO:0004720
Transmissible Spongiform Encephalopathy,prion disease,EFO:0004720
early onset hypertension,early onset hypertension,EFO:0004772
toxic epidermal necrolysis,toxic epidermal necrolysis,EFO:0004775
Toxic Epidermal Necrolysis,toxic epidermal necrolysis,EFO:0004775
alcohol and nicotine codependence,alcohol and nicotine codependence,EFO:0004776
alcohol withdrawal,alcohol withdrawal,EFO:0004777
skin sensitivity to sun,skin sensitivity to sun,EFO:0004795
Freckling,obsolete_freckling,EFO:0004796
cholelithiasis,cholelithiasis,EFO:0004799
cholelithiasis,cholelithiasis,EFO:0004799
Cholelithiasis,cholelithiasis,EFO:0004799
anti-neutrophil antibody associated vasculitis,anti-neutrophil antibody associated vasculitis,EFO:0004826
blood neutrophil count,neutrophil count,EFO:0004833
blood eosinophil count,eosinophil count,EFO:0004842
postoperative ventricular dysfunction,postoperative ventricular dysfunction,EFO:0004889
testicular dysgenesis syndrome,testicular dysgenesis syndrome,EFO:0004893
tetralogy of Fallot,obsolete_tetralogy of fallot,EFO:0004894
Gilles de la Tourette syndrome,Tourette syndrome,EFO:0004895
Tourette syndrome,Tourette syndrome,EFO:0004895
Tourette Syndrome,Tourette syndrome,EFO:0004895
lymph node metastatic carcinoma,lymph node metastatic carcinoma,EFO:0004906
metastatic malignant neoplasm in the lymph nodes,lymph node metastatic carcinoma,EFO:0004906
Metastatic Malignant Neoplasm in the Lymph Nodes,lymph node metastatic carcinoma,EFO:0004906
familial hypercholesterolemia,familial hypercholesterolemia,EFO:0004911
familial hypercholesterolemia,familial hypercholesterolemia,EFO:0004911
"Hyperlipoproteinemia, Type II",familial hypercholesterolemia,EFO:0004911
embryonal carcinoma,embryonal carcinoma,EFO:0004986
embryonal carcinoma,embryonal carcinoma,EFO:0004986
embryonal carcinoma,embryonal carcinoma,EFO:0004986
Embryonal Carcinoma,embryonal carcinoma,EFO:0004986
myasthenia gravis,Myasthenia gravis,EFO:0004991
myasthenia gravis,Myasthenia gravis,EFO:0004991
Myasthenia Gravis,Myasthenia gravis,EFO:0004991
otitis media,Otitis media,EFO:0004992
Orta kulak enfeksiyonu,Otitis media,EFO:0004992
otitis media,Otitis media,EFO:0004992
Otitis Media,Otitis media,EFO:0004992
degenerative disc disease,lumbar disc degeneration,EFO:0004994
intervertebral disk degenerative disorder,lumbar disc degeneration,EFO:0004994
Intervertebral Disc Degenerative Disorder,lumbar disc degeneration,EFO:0004994
leishmaniasis,Leishmaniasis,EFO:0005044
leishmaniasis,Leishmaniasis,EFO:0005044
Leishmaniasis,Leishmaniasis,EFO:0005044
visceral leishmaniasis,visceral Leishmaniasis,EFO:0005045
visceral leishmaniasis,visceral Leishmaniasis,EFO:0005045
Kala-Azar,visceral Leishmaniasis,EFO:0005045
cutaneous leishmaniasis,cutaneous Leishmaniasis,EFO:0005046
cutaneous leishmaniasis,cutaneous Leishmaniasis,EFO:0005046
Cutaneous Leishmaniasis,cutaneous Leishmaniasis,EFO:0005046
Asian Desert Cutaneous Leishmaniasis,cutaneous Leishmaniasis,EFO:0005046
testicular cancer,testicular carcinoma,EFO:0005088
testicular cancer,testicular carcinoma,EFO:0005088
Childhood Testicular Neoplasm,testicular carcinoma,EFO:0005088
Malignant Testicular Neoplasm,testicular carcinoma,EFO:0005088
blood basophil count,basophil count,EFO:0005090
blood granulocyte count,basophil count,EFO:0005090
collective leaf structure,obsolete_collective leaf structure,EFO:0005107
hepatitis C induced liver cirrhosis,hepatitis C induced liver cirrhosis,EFO:0005129
conduction system disorder,conduction system disorder,EFO:0005137
eating disorder,eating disorder,EFO:0005203
eating disorder,eating disorder,EFO:0005203
Eating Disorder,eating disorder,EFO:0005203
bulimia nervosa,bulimia nervosa,EFO:0005204
bulimia nervosa,bulimia nervosa,EFO:0005204
Bulimia Nervosa,bulimia nervosa,EFO:0005204
Binge Eating,bulimia nervosa,EFO:0005204
congenital heart disease,congenital heart disease,EFO:0005207
congenital heart disease,congenital heart disease,EFO:0005207
Congenital Heart Disease,congenital heart disease,EFO:0005207
pulmonary neuroendocrine tumor,pulmonary neuroendocrine tumor,EFO:0005220
pulmonary neuroendocrine tumor,pulmonary neuroendocrine tumor,EFO:0005220
lung neuroendocrine neoplasm,pulmonary neuroendocrine tumor,EFO:0005220
Lung Neuroendocrine Neoplasm,pulmonary neuroendocrine tumor,EFO:0005220
cholangiocarcinoma,cholangiocarcinoma,EFO:0005221
cholangiocarcinoma,cholangiocarcinoma,EFO:0005221
cholangiocarcinoma,cholangiocarcinoma,EFO:0005221
Cholangiocarcinoma,cholangiocarcinoma,EFO:0005221
avian influenza,avian influenza,EFO:0005222
avian influenza,avian influenza,EFO:0005222
acute stress disorder,acute stress reaction,EFO:0005223
acute stress disorder,acute stress reaction,EFO:0005223
Acute Stress Disorder,acute stress reaction,EFO:0005223
Q fever,Q fever,EFO:0005224
Q fever,Q fever,EFO:0005224
Q Fever,Q fever,EFO:0005224
sleeping sickness,human african trypanosomiasis,EFO:0005225
human African trypanosomiasis,human african trypanosomiasis,EFO:0005225
African Trypanosomiasis,human african trypanosomiasis,EFO:0005225
swine influenza,swine influenza,EFO:0005226
swine influenza,swine influenza,EFO:0005226
H1N1 Influenza,swine influenza,EFO:0005226
endometrial adenocarcinoma,endometrium adenocarcinoma,EFO:0005232
endometrium adenocarcinoma,endometrium adenocarcinoma,EFO:0005232
endometrium adenocarcinoma,endometrium adenocarcinoma,EFO:0005232
Endometrial Endometrioid Adenocarcinoma,endometrium adenocarcinoma,EFO:0005232
Endometrial Adenocarcinoma,endometrium adenocarcinoma,EFO:0005232
neuroectodermal tumor,primitive neuroectodermal tumor,EFO:0005235
primitive neuroectodermal tumor,primitive neuroectodermal tumor,EFO:0005235
primitive neuroectodermal tumor,primitive neuroectodermal tumor,EFO:0005235
Primitive Neuroectodermal Tumor,primitive neuroectodermal tumor,EFO:0005235
NT2/D1 cell,NT2/D1,EFO:0005236
NT2-D1 cell,NT2/D1,EFO:0005236
Aort kapağı kalsifikasyonu,aortic valve calcification,EFO:0005239
aortic valve calcification,aortic valve calcification,EFO:0005239
rhegmatogenous retinal detachment,rhegmatogenous retinal detachment,EFO:0005240
Rhegmatogenous Retinal Detachment,rhegmatogenous retinal detachment,EFO:0005240
methamphetamine-induced psychosis,methamphetamine-induced psychosis,EFO:0005242
Hipersomni,hypersomnia,EFO:0005246
hypersomnia,hypersomnia,EFO:0005246
Hypersomnia,hypersomnia,EFO:0005246
occupation-related stress disorder,occupation-related stress disorder,EFO:0005250
Hipotansiyon,hypotension,EFO:0005251
hypotensive disorder,hypotension,EFO:0005251
Hipotensión ortostática,orthostatic hypotension,EFO:0005252
orthostatic hypotension,orthostatic hypotension,EFO:0005252
postprandial hypotension,postprandial hypotension,EFO:0005253
neurally mediated hypotension,neurally mediated hypotension,EFO:0005254
congenital heart malformation,congenital heart malformation,EFO:0005269
temporomandibular joint disorder,temporomandibular joint disorder,EFO:0005279
Temporomandibular Joint Disorder,temporomandibular joint disorder,EFO:0005279
reticulosarcoma,reticulum cell sarcoma,EFO:0005287
reticulum cell sarcoma,reticulum cell sarcoma,EFO:0005287
reticulum cell sarcoma,reticulum cell sarcoma,EFO:0005287
Reticulosarcoma,reticulum cell sarcoma,EFO:0005287
lung adenocarcinoma,non-small cell lung adenocarcinoma,EFO:0005288
migraine with aura,obsolete_migraine with aura,EFO:0005295
Auralı migren,obsolete_migraine with aura,EFO:0005295
migraine without aura,obsolete_migraine without aura,EFO:0005296
Aurasız migren,obsolete_migraine without aura,EFO:0005296
granulomatosis with polyangiitis,Granulomatosis with Polyangiitis,EFO:0005297
granulomatosis with polyangiitis,Granulomatosis with Polyangiitis,EFO:0005297
Pauci-Immune Glomerulonephritis associated with Granulomatosis with Polyangiitis,Granulomatosis with Polyangiitis,EFO:0005297
Granulomatosis with Polyangiitis,Granulomatosis with Polyangiitis,EFO:0005297
sudden infant death syndrome,sudden infant death syndrome,EFO:0005303
atrial conduction disease,atrial conduction disease,EFO:0005304
atrioventricular node disorder,atrioventricular node disease,EFO:0005305
ventricular tachycardia,ventricular tachycardia,EFO:0005306
Ventricular Tachycardia,ventricular tachycardia,EFO:0005306
Torsade de pointes,torsades de pointes,EFO:0005307
torsades de pointes,torsades de pointes,EFO:0005307
atrial tachycardia,atrial tachycardia,EFO:0005308
Atrial Tachycardia,atrial tachycardia,EFO:0005308
contact dermatitis,contact dermatitis,EFO:0005319
contact dermatitis,contact dermatitis,EFO:0005319
Contact Dermatitis,contact dermatitis,EFO:0005319
contact dermatitis due to nickel,contact dermatitis due to nickel,EFO:0005320
HFL-1 cell,HFL1,EFO:0005368
HFL1 cell,HFL1,EFO:0005368
HuH-7 cell,HuH-7,EFO:0005384
Huh7 cell,HuH-7,EFO:0005384
KARPAS-299 cell,KARPAS 299,EFO:0005390
KARPAS-299 cell,KARPAS 299,EFO:0005390
chemotherapy-induced alopecia,chemotherapy-induced alopecia,EFO:0005400
Chemotherapy-Induced Alopecia,chemotherapy-induced alopecia,EFO:0005400
colorectal adenoma,colorectal adenoma,EFO:0005406
large intestine adenoma,colorectal adenoma,EFO:0005406
colorectal adenoma,colorectal adenoma,EFO:0005406
colorectal adenoma,colorectal adenoma,EFO:0005406
Colorectal Adenoma,colorectal adenoma,EFO:0005406
psychotic disorder,psychosis,EFO:0005407
Psicosis,psychosis,EFO:0005407
psychotic disorder,psychosis,EFO:0005407
Psychosis,psychosis,EFO:0005407
tooth agenesis,tooth agenesis,EFO:0005410
tooth agenesis,tooth agenesis,EFO:0005410
schizoaffective disorder,schizoaffective disorder,EFO:0005411
schizoaffective disorder,schizoaffective disorder,EFO:0005411
Schizoaffective Disorder,schizoaffective disorder,EFO:0005411
increased airway responsiveness,airway hyperresponsiveness,EFO:0005414
adolescent idiopathic scoliosis,adolescent idiopathic scoliosis,EFO:0005423
dyslexia,dyslexia,EFO:0005424
Disleksi,dyslexia,EFO:0005424
dyslexia,dyslexia,EFO:0005424
Dyslexia,dyslexia,EFO:0005424
language disorder,language impairment,EFO:0005425
specific language impairment 5,language impairment,EFO:0005425
DU-145 cell,DU 145,EFO:0005441
DU 145 cell,DU 145,EFO:0005441
OVCA-8 cell,OVCAR8,EFO:0005444
gonad,obsolete_gonad,EFO:0005494
NSM,NSM,EFO:0005495
pharyngeal muscle cell,pharyngeal muscle cell,EFO:0005497
newly molted young adult hermaphrodite Ce,newly molted young adult hermaphrodite,EFO:0005498
3-fold embryo Ce,3-fold embryo Ce,EFO:0005499
4-cell embryo Ce,4-cell embryo Ce,EFO:0005500
proliferating embryo Ce,proliferating embryo Ce,EFO:0005501
late cleavage stage embryo Ce,late cleavage stage embryo Ce,EFO:0005502
gastrulating embryo Ce,gastrulating embryo Ce,EFO:0005503
fully-elongated embryo Ce,fully-elongated embryo Ce,EFO:0005504
enclosing embryo Ce,enclosing embryo Ce,EFO:0005505
elongating embryo Ce,elongating embryo Ce,EFO:0005506
dauer larva Ce,dauer larva,EFO:0005507
L1 larva Ce,L1 larva,EFO:0005508
L4 larva Ce,L4 larva,EFO:0005509
L2d-dauer molt Ce,L2d-dauer molt,EFO:0005510
post dauer L3 stage Ce,post dauer stage,EFO:0005511
large artery stroke,large artery stroke,EFO:0005524
Chagas cardiomyopathy,Chagas cardiomyopathy,EFO:0005529
urticaria,urticaria,EFO:0005531
Kopřivka,urticaria,EFO:0005531
urticaria,urticaria,EFO:0005531
Urticaria,urticaria,EFO:0005531
angioedema,angioedema,EFO:0005532
Angio-oedeem,angioedema,EFO:0005532
angioedema,angioedema,EFO:0005532
carbon monoxide-induced delayed encephalopathy,delayed encephalopathy after acute carbon monoxide poisoning,EFO:0005534
triple-receptor negative breast cancer,triple-negative breast cancer,EFO:0005537
triple-negative breast cancer,triple-negative breast cancer,EFO:0005537
triple-negative breast carcinoma,triple-negative breast cancer,EFO:0005537
Triple-Negative Breast Carcinoma,triple-negative breast cancer,EFO:0005537
adrenal gland disease,adrenal gland disease,EFO:0005539
adrenal gland disorder,adrenal gland disease,EFO:0005539
Adrenal Gland Disorder,adrenal gland disease,EFO:0005539
bile duct carcinoma,bile duct carcinoma,EFO:0005540
bile duct carcinoma,bile duct carcinoma,EFO:0005540
bile duct carcinoma,bile duct carcinoma,EFO:0005540
Bile Duct Carcinoma,bile duct carcinoma,EFO:0005540
bone development disease,bone development disease,EFO:0005541
bone development disease,bone development disease,EFO:0005541
botulism,botulism,EFO:0005542
botulism,botulism,EFO:0005542
Botulism,botulism,EFO:0005542
glioma,glioma,EFO:0005543
Glioma,glioma,EFO:0005543
congenital disorder of glycosylation type I,congenital disorder of glycosylation type I,EFO:0005545
congenital disorder of glycosylation type I,congenital disorder of glycosylation type I,EFO:0005545
congenital disorder of glycosylation type II,congenital disorder of glycosylation type II,EFO:0005546
congenital disorder of glycosylation type II,congenital disorder of glycosylation type II,EFO:0005546
dengue disease,dengue disease,EFO:0005547
dengue disease,dengue disease,EFO:0005547
Dengue Fever,dengue disease,EFO:0005547
developmental disorder of mental health,developmental disorder of mental health,EFO:0005548
developmental disorder of mental health,developmental disorder of mental health,EFO:0005548
diphtheria,diphtheria,EFO:0005549
diphtheria,diphtheria,EFO:0005549
Diphtheria,diphtheria,EFO:0005549
dysembryoplastic neuroepithelial tumor,dysembryoplastic neuroepithelial tumor,EFO:0005551
dysembryoplastic neuroepithelial tumor,dysembryoplastic neuroepithelial tumor,EFO:0005551
dysembryoplastic neuroepithelial tumor,dysembryoplastic neuroepithelial tumor,EFO:0005551
Dysembryoplastic Neuroepithelial Tumor,dysembryoplastic neuroepithelial tumor,EFO:0005551
eccrine sweat gland cancer,eccrine sweat gland cancer,EFO:0005553
eccrine sweat gland cancer,eccrine sweat gland cancer,EFO:0005553
eccrine sweat gland cancer,eccrine sweat gland cancer,EFO:0005553
Malignant Eccrine Neoplasm,eccrine sweat gland cancer,EFO:0005553
X-linked severe combined immunodeficiency,gamma chain deficiency,EFO:0005555
T-B+ severe combined immunodeficiency due to gamma chain deficiency,gamma chain deficiency,EFO:0005555
X-Linked Severe Combined Immunodeficiency,gamma chain deficiency,EFO:0005555
Gilbert syndrome,Gilbert syndrome,EFO:0005556
Gilbert syndrome,Gilbert syndrome,EFO:0005556
Gilbert Syndrome,Gilbert syndrome,EFO:0005556
gum cancer,gum cancer,EFO:0005557
gum cancer,gum cancer,EFO:0005557
gingival cancer,gum cancer,EFO:0005557
Malignant Gingival Neoplasm,gum cancer,EFO:0005557
hemolytic anemia,hemolytic anemia,EFO:0005558
non-autoimmune hemolytic anemia,hemolytic anemia,EFO:0005558
Non-Autoimmune Hemolytic Anemia,hemolytic anemia,EFO:0005558
hereditary multiple exostoses,hereditary multiple exostoses,EFO:0005560
histiocytoma,histiocytoma,EFO:0005561
histiocytoma,histiocytoma,EFO:0005561
histiocytoma,histiocytoma,EFO:0005561
Histiocytoma,histiocytoma,EFO:0005561
hydronephrosis,hydronephrosis,EFO:0005562
hydronephrosis,hydronephrosis,EFO:0005562
Hydronephrosis,hydronephrosis,EFO:0005562
hypercalcemia,obsolete_hypercalcemia,EFO:0005563
janus kinase-3 deficiency,janus kinase-3 deficiency,EFO:0005565
janus kinase-3 deficiency,janus kinase-3 deficiency,EFO:0005565
peritoneal mesothelioma,malignant peritoneal mesothelioma,EFO:0005567
malignant peritoneal mesothelioma,malignant peritoneal mesothelioma,EFO:0005567
malignant peritoneal mesothelioma,malignant peritoneal mesothelioma,EFO:0005567
Advanced Peritoneal Malignant Mesothelioma,malignant peritoneal mesothelioma,EFO:0005567
methylmalonic aciduria and homocystinuria type cblE,methylmalonic aciduria and homocystinuria type cblE,EFO:0005568
microphthalmia,microphthalmia,EFO:0005569
Microftalmie,microphthalmia,EFO:0005569
microphthalmia,microphthalmia,EFO:0005569
Microphthalmos,microphthalmia,EFO:0005569
oral cavity cancer,oral cavity cancer,EFO:0005570
oral cavity cancer,oral cavity cancer,EFO:0005570
oral cavity cancer,oral cavity cancer,EFO:0005570
Malignant Oral Cavity Neoplasm,oral cavity cancer,EFO:0005570
osteochondrodysplasia,osteochondrodysplasia,EFO:0005571
osteochondrodysplasia,osteochondrodysplasia,EFO:0005571
Osteochondrodysplasia,osteochondrodysplasia,EFO:0005571
penis carcinoma,obsolete_penis carcinoma,EFO:0005575
pernicious anemia,pernicious anemia,EFO:0005576
pernicious anemia,pernicious anemia,EFO:0005576
Pernicious Anemia,pernicious anemia,EFO:0005576
pharynx cancer,pharynx cancer,EFO:0005577
pharynx cancer,pharynx cancer,EFO:0005577
pharynx cancer,pharynx cancer,EFO:0005577
Malignant Pharyngeal Neoplasm,pharynx cancer,EFO:0005577
pituitary cancer,pituitary cancer,EFO:0005578
pituitary cancer,pituitary cancer,EFO:0005578
Malignant Pituitary Gland Neoplasm,pituitary cancer,EFO:0005578
pseudohermaphroditism,pseudohermaphroditism,EFO:0005579
pseudohermaphroditism,pseudohermaphroditism,EFO:0005579
Pseudohermaphroditism,pseudohermaphroditism,EFO:0005579
red color blindness,red color blindness,EFO:0005580
red color blindness,red color blindness,EFO:0005580
red-green color blindness,red-green color blindness,EFO:0005581
red-green color blindness,red-green color blindness,EFO:0005581
renal pelvis carcinoma,renal pelvis carcinoma,EFO:0005582
renal pelvis carcinoma,renal pelvis carcinoma,EFO:0005582
renal pelvis carcinoma,renal pelvis carcinoma,EFO:0005582
Renal Pelvis Carcinoma,renal pelvis carcinoma,EFO:0005582
rickets,rickets,EFO:0005583
Křivice,rickets,EFO:0005583
rickets,rickets,EFO:0005583
Rickets,rickets,EFO:0005583
seborrheic keratosis,seborrheic keratosis,EFO:0005584
seborrheic keratosis,seborrheic keratosis,EFO:0005584
Seborrheic Keratosis,seborrheic keratosis,EFO:0005584
shigellosis,shigellosis,EFO:0005585
shigellosis,shigellosis,EFO:0005585
Shigellosis,shigellosis,EFO:0005585
small intestine carcinoma,small intestine carcinoma,EFO:0005588
small intestine carcinoma,small intestine carcinoma,EFO:0005588
small intestine carcinoma,small intestine carcinoma,EFO:0005588
Small Intestinal Carcinoma,small intestine carcinoma,EFO:0005588
steroid inherited metabolic disorder,steroid inherited metabolic disorder,EFO:0005590
steroid inherited metabolic disorder,steroid inherited metabolic disorder,EFO:0005590
sweat gland carcinoma,sweat gland carcinoma,EFO:0005591
sweat gland carcinoma,sweat gland carcinoma,EFO:0005591
sweat gland carcinoma,sweat gland carcinoma,EFO:0005591
Sweat Gland Carcinoma,sweat gland carcinoma,EFO:0005591
obsolete T-cell lymphoblastic leukemia/lymphoma,T-cell leukemia,EFO:0005592
T-cell leukemia,T-cell leukemia,EFO:0005592
T-cell leukemia,T-cell leukemia,EFO:0005592
T Lymphoblastic Leukemia/Lymphoma,T-cell leukemia,EFO:0005592
tetanus,tetanus,EFO:0005593
tetanus,tetanus,EFO:0005593
Tetanus,tetanus,EFO:0005593
toxic encephalopathy,toxic encephalopathy,EFO:0005595
toxic encephalopathy,toxic encephalopathy,EFO:0005595
Neurotoxicity Syndrome,toxic encephalopathy,EFO:0005595
vitamin metabolic disorder,vitamin metabolic disorder,EFO:0005596
inborn vitamin metabolic disorder,vitamin metabolic disorder,EFO:0005596
methylmalonic aciduria and homocystinuria type cblG,methylmalonic aciduria and homocystinuria type cblG,EFO:0005597
opiate dependence,opioid dependence,EFO:0005611
opiate dependence,opioid dependence,EFO:0005611
morphine dependence,morphine dependence,EFO:0005612
morphine dependence,morphine dependence,EFO:0005612
Crohn's colitis,Crohn's colitis,EFO:0005622
Crohn's colitis,Crohn's colitis,EFO:0005622
Crohn Colitis,Crohn's colitis,EFO:0005622
distal colitis,distal colitis,EFO:0005623
ileocolitis,ileocolitis,EFO:0005624
ileocolitis,ileocolitis,EFO:0005624
oral Crohn disease,oral Crohn's disease,EFO:0005625
pancolitis,pancolitis,EFO:0005626
perianal Crohn disease,perianal Crohn's disease,EFO:0005627
proctitis,proctitis,EFO:0005628
proctitis,proctitis,EFO:0005628
Proctitis,proctitis,EFO:0005628
small bowel Crohn disease,small bowel Crohn's disease,EFO:0005629
rectum adenocarcinoma,rectal adenocarcinoma,EFO:0005631
rectal adenocarcinoma,rectal adenocarcinoma,EFO:0005631
rectum adenocarcinoma,rectal adenocarcinoma,EFO:0005631
Rectal Adenocarcinoma,rectal adenocarcinoma,EFO:0005631
spondylolysis,spondylolysis,EFO:0005649
Espondilolisis,spondylolysis,EFO:0005649
spondylolysis,spondylolysis,EFO:0005649
Spondylolysis,spondylolysis,EFO:0005649
intracerebral hemorrhage,intracerebral hemorrhage,EFO:0005669
acute coronary syndrome,acute coronary syndrome,EFO:0005672
Acute Coronary Syndrome,acute coronary syndrome,EFO:0005672
autoimmune hepatitis,Autoimmune Hepatitis,EFO:0005676
autoimmune hepatitis,Autoimmune Hepatitis,EFO:0005676
Autoimmune Hepatitis,Autoimmune Hepatitis,EFO:0005676
hippocampal sclerosis of aging,hippocampal sclerosis of aging,EFO:0005678
staphylococcus aureus infection,Staphylococcus aureus infection,EFO:0005681
Staphylococcus aureus Infection,Staphylococcus aureus infection,EFO:0005681
plant callus,obsolete_plant callus,EFO:0005683
fibromyalgia,fibromyalgia,EFO:0005687
fibromyalgia,fibromyalgia,EFO:0005687
Fibromyalgia,fibromyalgia,EFO:0005687
M059J cell,M059J,EFO:0005697
DAOY cell,Daoy,EFO:0005698
Daoy cell,Daoy,EFO:0005698
desmoplastic medulloblastoma,desmoplastic medulloblastoma,EFO:0005699
rhabdoid cancer,malignant rhabdoid tumour,EFO:0005701
malignant rhabdoid tumour,malignant rhabdoid tumour,EFO:0005701
rhabdoid tumor,malignant rhabdoid tumour,EFO:0005701
Rhabdoid Tumor,malignant rhabdoid tumour,EFO:0005701
Huh-7.5 cell,HuH-7.5,EFO:0005704
melanoma cell line,Mel-2183,EFO:0005706
RCC 786-O cell,786-0,EFO:0005707
renal cell adenocarcinoma,renal cell adenocarcinoma,EFO:0005708
renal cell adenocarcinoma,renal cell adenocarcinoma,EFO:0005708
Renal Cell Carcinoma,renal cell adenocarcinoma,EFO:0005708
pancreatic duct,HPDE6-E6E7,EFO:0005711
RPMI-7951 cell,RPMI-7951,EFO:0005712
pancreatic adenocarcinoma cell line,8988T,EFO:0005713
pectoral muscle,LHCN-M2,EFO:0005714
LHCN-M2 cell,LHCN-M2,EFO:0005714
retinoblastoma cell,WERI-Rb-1,EFO:0005715
retinal cancer,retinal cancer,EFO:0005716
retinal cancer,retinal cancer,EFO:0005716
retinal cancer,retinal cancer,EFO:0005716
Malignant Retinal Neoplasm,retinal cancer,EFO:0005716
non-hereditary retinoblastoma,retinoblastoma (nonhereditary),EFO:0005717
Ishikawa cell,Ishikawa,EFO:0005718
SK-MEL-5 cell,SK-MEL-5,EFO:0005720
SK-MEL-5 cell,SK-MEL-5,EFO:0005720
Rh-30 cell,SJCRH30,EFO:0005722
RH-30 cell,SJCRH30,EFO:0005722
neuroblastoma cell line,BE(2)-C,EFO:0005725
bronchial epithelial cell line,bronchial epithelial cell derived cell line,EFO:0005728
endothelial cell line,endothelial cell derived cell line,EFO:0005730
immortal endothelial cell line cell,endothelial cell derived cell line,EFO:0005730
cardiac muscle cell line,cardiac myocyte cell derived cell line,EFO:0005731
immortal muscle cell line cell,muscle cell derived cell line,EFO:0005734
smooth muscle cell,smooth muscle cell derived cell line,EFO:0005735
immortal smooth muscle cell line cell,smooth muscle cell derived cell line,EFO:0005735
bronchial smooth muscle cell,bronchial smooth muscle cell derived cell line,EFO:0005736
disease by infectious agent,infectious disease,EFO:0005741
infectious disease,infectious disease,EFO:0005741
infectious disease,infectious disease,EFO:0005741
Infectious Disorder,infectious disease,EFO:0005741
eye allergy,eye allergy,EFO:0005751
ocular vascular disorder,ocular vascular disease,EFO:0005753
Ocular Vascular Disorder,ocular vascular disease,EFO:0005753
parathyroid gland disease,parathyroid disease,EFO:0005754
parathyroid gland disorder,parathyroid disease,EFO:0005754
Parathyroid Gland Disorder,parathyroid disease,EFO:0005754
rheumatic disease,rheumatic disease,EFO:0005755
rheumatic disorder,rheumatic disease,EFO:0005755
Rheumatologic Disorder,rheumatic disease,EFO:0005755
vaginitis,vaginal inflammation,EFO:0005757
vaginal inflammation,vaginal inflammation,EFO:0005757
cycloplegia,cycloplegia,EFO:0005758
cycloplegia,cycloplegia,EFO:0005758
lupus nephritis,lupus nephritis,EFO:0005761
lupus nephritis,lupus nephritis,EFO:0005761
Lupus Glomerulonephritis,lupus nephritis,EFO:0005761
calcium metabolism disease,calcium metabolic disease,EFO:0005769
calcium metabolic disease,calcium metabolic disease,EFO:0005769
ovarian disease,ovarian disease,EFO:0005771
ovarian disorder,ovarian disease,EFO:0005771
Ovarian Disorder,ovarian disease,EFO:0005771
neurodegenerative disease,neurodegenerative disease,EFO:0005772
neurodegenerative disease,neurodegenerative disease,EFO:0005772
Central Nervous System Degenerative Disorder,neurodegenerative disease,EFO:0005772
retinal detachment,retinal detachment,EFO:0005773
retinal detachment,retinal detachment,EFO:0005773
Retinal Detachment,retinal detachment,EFO:0005773
brain disease,brain disease,EFO:0005774
brain disorder,brain disease,EFO:0005774
Brain Disorder,brain disease,EFO:0005774
aortic disease,aortic disease,EFO:0005775
aortic disorder,aortic disease,EFO:0005775
Aorta Disease,aortic disease,EFO:0005775
age-related hearing impairment,age-related hearing impairment,EFO:0005782
NUT midline carcinoma,NUT midline carcinoma,EFO:0005783
NUT midline carcinoma,NUT midline carcinoma,EFO:0005783
nut midline carcinoma,NUT midline carcinoma,EFO:0005783
NUT Carcinoma,NUT midline carcinoma,EFO:0005783
embryonal cancer,embryonal neoplasm,EFO:0005784
embryonal neoplasm,embryonal neoplasm,EFO:0005784
embryonal neoplasm,embryonal neoplasm,EFO:0005784
Embryonal Neoplasm,embryonal neoplasm,EFO:0005784
blastoma,blastoma,EFO:0005785
embryoma,blastoma,EFO:0005785
blastoma,blastoma,EFO:0005785
blastoma,blastoma,EFO:0005785
Blastoma,blastoma,EFO:0005785
neonatal abstinence syndrome,neonatal abstinence syndrome,EFO:0005799
neonatal abstinence syndrome,neonatal abstinence syndrome,EFO:0005799
Neonatal Abstinence Syndrome,neonatal abstinence syndrome,EFO:0005799
withdrawal disorder,substance withdrawal syndrome,EFO:0005800
substance withdrawal syndrome,substance withdrawal syndrome,EFO:0005800
Substance Withdrawal Syndrome,substance withdrawal syndrome,EFO:0005800
cholesterol embolism,cholesterol embolism,EFO:0005801
cholesterol embolism,cholesterol embolism,EFO:0005801
cartilage disease,cartilage disease,EFO:0005802
hematopoietic system disease,hematologic disease,EFO:0005803
hematologic disorder,hematologic disease,EFO:0005803
Hematologic and Lymphocytic Disorder,hematologic disease,EFO:0005803
polycythemia,polycythemia,EFO:0005804
Policitemia,polycythemia,EFO:0005804
polycythemia,polycythemia,EFO:0005804
Polycythemia,polycythemia,EFO:0005804
polycythemia due to hypoxia,polycythemia due to hypoxia,EFO:0005805
polycythemia due to hypoxia,polycythemia due to hypoxia,EFO:0005805
Polycythemia due to Hypoxia,polycythemia due to hypoxia,EFO:0005805
autoimmune disease,type II hypersensitivity reaction disease,EFO:0005809
autoimmune disease,type II hypersensitivity reaction disease,EFO:0005809
autoimmune disease,type II hypersensitivity reaction disease,EFO:0005809
Autoimmune Disease,type II hypersensitivity reaction disease,EFO:0005809
autoimmune disease,type II hypersensitivity reaction disease,EFO:0005809
tauopathy,tauopathy,EFO:0005815
tauopathy,tauopathy,EFO:0005815
pyruvate kinase hyperactivity,Pyruvate kinase hyperactivity,EFO:0005840
large intestine cancer,obsolete_colorectal cancer,EFO:0005842
colorectal cancer,obsolete_colorectal cancer,EFO:0005842
obsolete_colorectal cancer,obsolete_colorectal cancer,EFO:0005842
Malignant Colorectal Neoplasm,obsolete_colorectal cancer,EFO:0005842
cryoglobulinemia,cryoglobulinemia,EFO:0005846
cryoglobulinemia,cryoglobulinemia,EFO:0005846
Cryoglobulinemia,cryoglobulinemia,EFO:0005846
allergic rhinitis,allergic rhinitis,EFO:0005854
Alergická rýma,allergic rhinitis,EFO:0005854
allergic rhinitis,allergic rhinitis,EFO:0005854
Allergic Rhinitis,allergic rhinitis,EFO:0005854
narcolepsy without cataplexy,narcolepsy without cataplexy,EFO:0005855
arthritis,arthritis,EFO:0005856
arthritic joint disease,arthritis,EFO:0005856
Arthritis,arthritis,EFO:0005856
embryonic stage,mouse embryo stage,EFO:0005857
embryo Ce,C. elegans embryo stage,EFO:0005858
embryonic stage,Drosophila embryo stage,EFO:0005859
embryonic stage 1,embryonic stage 1,EFO:0005860
embryonic stage 2,embryonic stage 2,EFO:0005861
embryonic stage 3,embryonic stage 3,EFO:0005862
embryonic stage 4,embryonic stage 4,EFO:0005863
embryonic stage 5,embryonic stage 5,EFO:0005864
embryonic stage 6,embryonic stage 6,EFO:0005865
embryonic stage 7,embryonic stage 7,EFO:0005866
embryonic stage 8,embryonic stage 8,EFO:0005868
embryonic stage 9,embryonic stage 9,EFO:0005869
embryonic stage 10,embryonic stage 10,EFO:0005870
embryonic stage 11,embryonic stage 11,EFO:0005871
embryonic stage 12,embryonic stage 12,EFO:0005872
embryonic stage 13,embryonic stage 13,EFO:0005873
embryonic stage 14,embryonic stage 14,EFO:0005874
embryonic stage 15,embryonic stage 15,EFO:0005875
embryonic stage 16,embryonic stage 16,EFO:0005876
embryonic stage 17,embryonic stage 17,EFO:0005877
cholesterol homeostasis,cholesterol homeostasis,EFO:0005879
lipid homeostasis,lipid homeostasis,EFO:0005880
triglyceride homeostasis,triglyceride homeostasis,EFO:0005881
obsolete iron ion homeostasis,iron ion homeostasis,EFO:0005882
left atrium,obsolete_left atrium,EFO:0005885
renal cortex,obsolete_renal cortex,EFO:0005891
ossification of the posterior longitudinal ligament of spine,ossification of the posterior longitudinal ligament of the spine,EFO:0005895
ossification of the posterior longitudinal ligament of the spine,ossification of the posterior longitudinal ligament of the spine,EFO:0005895
Ossification of Posterior Longitudinal Ligament,ossification of the posterior longitudinal ligament of the spine,EFO:0005895
gastroesophageal junction,obsolete_gastroesophageal junction,EFO:0005896
idiopathic generalized epilepsy,generalised epilepsy,EFO:0005917
"epilepsy, idiopathic generalized",generalised epilepsy,EFO:0005917
Generalized Epilepsy,generalised epilepsy,EFO:0005917
esophagus squamous cell carcinoma,esophageal squamous cell carcinoma,EFO:0005922
esophageal squamous cell carcinoma,esophageal squamous cell carcinoma,EFO:0005922
esophageal squamous cell carcinoma,esophageal squamous cell carcinoma,EFO:0005922
Esophageal Squamous Cell Carcinoma,esophageal squamous cell carcinoma,EFO:0005922
AVL induced bursal lymphoma,AVL induced bursal lymphoma,EFO:0005923
binge eating disorder,binge eating,EFO:0005924
Binge Eating,binge eating,EFO:0005924
non-human animal disease,animal disease,EFO:0005932
congenital left-sided heart lesions,congenital left-sided heart lesions,EFO:0005938
chemotherapy-induced hypertension,chemotherapy-induced hypertension,EFO:0005942
head and neck neoplasm,head and neck neoplasia,EFO:0005950
Head and Neck Neoplasm,head and neck neoplasia,EFO:0005950
non-Hodgkin lymphoma,non-Hodgkins lymphoma,EFO:0005952
non-Hodgkins lymphoma,non-Hodgkins lymphoma,EFO:0005952
non-Hodgkin lymphoma,non-Hodgkins lymphoma,EFO:0005952
Non-Hodgkin Lymphoma,non-Hodgkins lymphoma,EFO:0005952
A-431 cell,A431,EFO:0006268
A431 cell,A431,EFO:0006268
ARPE-19 cell,ARPE-19,EFO:0006271
ARPE-19 cell,ARPE-19,EFO:0006271
LOX-IMVI cell,LOXIMVI,EFO:0006284
Mono-Mac-6 cell,Mono Mac 6,EFO:0006287
MONO-MAC-6 cell,Mono Mac 6,EFO:0006287
OCI-AML3 cell,OCI-AML3,EFO:0006289
OCI-AML3 cell,OCI-AML3,EFO:0006289
SH-EP cell,SHEP,EFO:0006294
UKE-1 cell,UKE1,EFO:0006307
hyperopia,obsolete_hyperopia,EFO:0006310
chemotherapy-induced oral mucositis,chemotherapy-induced oral mucositis,EFO:0006313
thiopurine immunosuppressant-induced pancreatitis,thiopurine immunosuppressant-induced pancreatitis,EFO:0006315
breast ductal carcinoma,breast ductal adenocarcinoma,EFO:0006318
breast ductal adenocarcinoma,breast ductal adenocarcinoma,EFO:0006318
breast ductal adenocarcinoma,breast ductal adenocarcinoma,EFO:0006318
Breast Ductal Carcinoma,breast ductal adenocarcinoma,EFO:0006318
pit and fissure surface dental caries,pit and fissure surface dental caries,EFO:0006338
smooth surface dental caries,smooth surface dental caries,EFO:0006339
aggressive periodontitis,aggressive periodontitis,EFO:0006342
"periodontitis, aggressive 1",aggressive periodontitis,EFO:0006342
chronic periodontitis,chronic periodontitis,EFO:0006343
Chronic Periodontitis,chronic periodontitis,EFO:0006343
severe cutaneous adverse reaction,severe cutaneous adverse reaction,EFO:0006346
Scar,severe cutaneous adverse reaction,EFO:0006346
laryngeal squamous cell carcinoma,laryngeal squamous cell carcinoma,EFO:0006352
laryngeal squamous cell carcinoma,laryngeal squamous cell carcinoma,EFO:0006352
laryngeal squamous cell carcinoma,laryngeal squamous cell carcinoma,EFO:0006352
Laryngeal Squamous Cell Carcinoma,laryngeal squamous cell carcinoma,EFO:0006352
143-B cell,143B,EFO:0006355
143B cell,143B,EFO:0006355
A-2058 cell,A2058,EFO:0006361
A2058 cell,A2058,EFO:0006361
A-2780 cell,A2780,EFO:0006362
A2780 cell,A2780,EFO:0006362
C32 cell,C32,EFO:0006364
cystadenocarcinoma,cystadenocarcinoma,EFO:0006387
cystadenocarcinoma,cystadenocarcinoma,EFO:0006387
cystadenocarcinoma,cystadenocarcinoma,EFO:0006387
Cystadenocarcinoma,cystadenocarcinoma,EFO:0006387
cystic renal cell carcinoma,cystic renal cell carcinoma,EFO:0006388
cystic renal cell carcinoma,cystic renal cell carcinoma,EFO:0006388
DLD-1 cell,DLD1,EFO:0006389
DLD-1 cell,DLD1,EFO:0006389
dopaminergic neuroblastoma,dopaminergic neuroblastoma,EFO:0006391
G-361 cell,G-361,EFO:0006394
G-361 cell,G-361,EFO:0006394
HS-683 cell,Hs 683,EFO:0006441
Hs 683 cell,Hs 683,EFO:0006441
HT-144 cell,HT144,EFO:0006443
HT-144 cell,HT144,EFO:0006443
HuH-1 cell,huH-1,EFO:0006445
huH-1 cell,huH-1,EFO:0006445
M059K cell,M059K,EFO:0006451
malignant epithelial mesothelioma,malignant epithelioid mesothelioma,EFO:0006452
malignant epithelioid mesothelioma,malignant epithelioid mesothelioma,EFO:0006452
malignant epithelioid mesothelioma,malignant epithelioid mesothelioma,EFO:0006452
Epithelioid Mesothelioma,malignant epithelioid mesothelioma,EFO:0006452
ovary adenocarcinoma,ovarian adenocarcinoma,EFO:0006460
ovarian adenocarcinoma,ovarian adenocarcinoma,EFO:0006460
ovarian adenocarcinoma,ovarian adenocarcinoma,EFO:0006460
Ovarian Adenocarcinoma,ovarian adenocarcinoma,EFO:0006460
ovarian mucinous adenocarcinoma,ovarian mucinous adenocarcinoma,EFO:0006462
ovarian mucinous adenocarcinoma,ovarian mucinous adenocarcinoma,EFO:0006462
ovarian mucinous adenocarcinoma,ovarian mucinous adenocarcinoma,EFO:0006462
Ovarian Mucinous Adenocarcinoma,ovarian mucinous adenocarcinoma,EFO:0006462
ovarian germ cell teratoma,ovarian teratoma,EFO:0006463
ovarian teratoma,ovarian teratoma,EFO:0006463
ovarian teratoma,ovarian teratoma,EFO:0006463
Ovarian Teratoma,ovarian teratoma,EFO:0006463
Panc 04.03 cell,Panc 04.03,EFO:0006468
pancreatic tubular adenocarcinoma,pancreatic tubular adenocarcinoma,EFO:0006471
pancreatic tubular adenocarcinoma,pancreatic tubular adenocarcinoma,EFO:0006471
plasma cell leukemia,plasma cell leukemia,EFO:0006475
plasma cell leukemia,plasma cell leukemia,EFO:0006475
plasma cell leukemia,plasma cell leukemia,EFO:0006475
Plasma Cell Leukemia,plasma cell leukemia,EFO:0006475
RPMI-2650 cell,RPMI 2650,EFO:0006478
SCC-9 cell,SCC-9,EFO:0006485
SCC-9 cell,SCC-9,EFO:0006485
SET-2 cell,SET-2,EFO:0006486
SK-MEL-23 cell,SK23,EFO:0006490
SR cell,SR-786,EFO:0006491
SR cell,SR-786,EFO:0006491
SU-DHL-4 cell,SU-DHL-4,EFO:0006492
SU-DHL-4 cell,SU-DHL-4,EFO:0006492
SU.86.86 cell,SU.86.86,EFO:0006494
SU.86.86 cell,SU.86.86,EFO:0006494
SUIT-2 cell,SUIT-2,EFO:0006495
SUIT-2 cell,SUIT-2,EFO:0006495
TMD8 cell,TMD8,EFO:0006496
transitional papilloma,transitional cell papilloma,EFO:0006497
transitional cell papilloma,transitional cell papilloma,EFO:0006497
transitional cell papilloma,transitional cell papilloma,EFO:0006497
Transitional Cell Papilloma,transitional cell papilloma,EFO:0006497
tubular adenocarcinoma,tubular adenocarcinoma,EFO:0006500
tubular adenocarcinoma,tubular adenocarcinoma,EFO:0006500
tubular adenocarcinoma,tubular adenocarcinoma,EFO:0006500
Tubular Adenocarcinoma,tubular adenocarcinoma,EFO:0006500
chronic bronchitis,chronic bronchitis,EFO:0006505
Chronic Bronchitis,chronic bronchitis,EFO:0006505
varicella zoster infection,Varicella Zoster infection,EFO:0006509
Varicella Zoster Infection,Varicella Zoster infection,EFO:0006509
herpes zoster,Herpes Zoster,EFO:0006510
herpes zoster,Herpes Zoster,EFO:0006510
Herpes Zoster,Herpes Zoster,EFO:0006510
Kashin-Beck disease,Kashin-Beck disease,EFO:0006511
hemochromatosis type 1,hereditary hemochromatosis type 1,EFO:0006513
hemochromatosis type 1,hereditary hemochromatosis type 1,EFO:0006513
HFE-Associated Hereditary Hemochromatosis,hereditary hemochromatosis type 1,EFO:0006513
bladder urothelial carcinoma,bladder transitional cell carcinoma,EFO:0006544
bladder transitional cell carcinoma,bladder transitional cell carcinoma,EFO:0006544
bladder transitional cell carcinoma,bladder transitional cell carcinoma,EFO:0006544
Bladder Urothelial Carcinoma,bladder transitional cell carcinoma,EFO:0006544
brain glioblastoma multiforme,brain glioblastoma,EFO:0006545
brain glioblastoma,brain glioblastoma,EFO:0006545
brain glioblastoma,brain glioblastoma,EFO:0006545
Brain Glioblastoma,brain glioblastoma,EFO:0006545
HEL cell,HEL,EFO:0006579
HEY cell,HEY,EFO:0006580
HS-294T cell,Hs 294T,EFO:0006585
Hs 294T cell,Hs 294T,EFO:0006585
IGR-37 cell,IGR-37,EFO:0006597
IGR-37 cell,IGR-37,EFO:0006597
Kasumi-1 cell,Kasumi-1,EFO:0006607
Kasumi-1 cell,Kasumi-1,EFO:0006607
KMS-12-BM cell,KMS-12-BM,EFO:0006612
KYSE-150 cell,KYSE-150,EFO:0006627
KYSE-150 cell,KYSE-150,EFO:0006627
NCI-H28 cell,NCI-H28,EFO:0006686
NCI-H727 cell,NCI-H727,EFO:0006695
NCI-H727 cell,NCI-H727,EFO:0006695
OCI-AML5 cell,OCI-AML5,EFO:0006707
OCI-AML5 cell,OCI-AML5,EFO:0006707
OCI-LY7 cell,OCI-LY7,EFO:0006711
ovary leiomyosarcoma,ovarian leiomyosarcoma,EFO:0006718
ovarian leiomyosarcoma,ovarian leiomyosarcoma,EFO:0006718
ovary leiomyosarcoma,ovarian leiomyosarcoma,EFO:0006718
Ovarian Leiomyosarcoma,ovarian leiomyosarcoma,EFO:0006718
mesonephric adenocarcinoma,mesonephric adenocarcinoma,EFO:0006719
mesonephric adenocarcinoma,mesonephric adenocarcinoma,EFO:0006719
Mesonephric Adenocarcinoma,mesonephric adenocarcinoma,EFO:0006719
OVCA-420 cell,OVCA420,EFO:0006720
OVCA-432 cell,OVCA432,EFO:0006722
OV-CA 432 cell,OVCA432,EFO:0006722
OVCA-433 cell,OVCA433,EFO:0006723
pancreatic adenosquamous carcinoma,pancreatic adenosquamous carcinoma,EFO:0006732
pancreatic adenosquamous carcinoma,pancreatic adenosquamous carcinoma,EFO:0006732
pancreatic adenosquamous carcinoma,pancreatic adenosquamous carcinoma,EFO:0006732
Pancreatic Adenosquamous Carcinoma,pancreatic adenosquamous carcinoma,EFO:0006732
plasmacytoma,plasmacytoma,EFO:0006738
plasmacytoma,plasmacytoma,EFO:0006738
plasmacytoma,plasmacytoma,EFO:0006738
Plasmacytoma,plasmacytoma,EFO:0006738
lung mucoepidermoid carcinoma,pulmonary mucoepidermoid carcinoma,EFO:0006740
pulmonary mucoepidermoid carcinoma,pulmonary mucoepidermoid carcinoma,EFO:0006740
pulmonary mucoepidermoid carcinoma,pulmonary mucoepidermoid carcinoma,EFO:0006740
Lung Mucoepidermoid Carcinoma,pulmonary mucoepidermoid carcinoma,EFO:0006740
SUM-229PE cell,SUM229PE,EFO:0006762
undifferentiated carcinoma,undifferentiated carcinoma,EFO:0006772
undifferentiated carcinoma,undifferentiated carcinoma,EFO:0006772
Undifferentiated Carcinoma,undifferentiated carcinoma,EFO:0006772
anxiety disorder,anxiety disorder,EFO:0006788
anxiety disorder,anxiety disorder,EFO:0006788
Anxiety Disorder,anxiety disorder,EFO:0006788
typhoid fever,typhoid fever,EFO:0006789
typhoid fever,typhoid fever,EFO:0006789
Typhoid Fever,typhoid fever,EFO:0006789
cerebral amyloid angiopathy,cerebral amyloid angiopathy,EFO:0006790
cerebral amyloid angiopathy,cerebral amyloid angiopathy,EFO:0006790
Cerebral Amyloid Angiopathy,cerebral amyloid angiopathy,EFO:0006790
vascular brain injury,vascular brain injury,EFO:0006791
Lewy body dementia,Lewy body dementia,EFO:0006792
Lewy body dementia,Lewy body dementia,EFO:0006792
Lewy Body Dementia,Lewy body dementia,EFO:0006792
vasculitis,vasculitis,EFO:0006803
vasculitis,vasculitis,EFO:0006803
Vasculitis,vasculitis,EFO:0006803
autoimmune thyroiditis,autoimmune thyroid disease,EFO:0006812
autoimmune thyroid disease,autoimmune thyroid disease,EFO:0006812
atrophic thyroiditis,atrophic thyroiditis,EFO:0006813
caryopsis,caryopsis,EFO:0006814
pyoderma gangrenosum,pyoderma gangrenosum,EFO:0006835
cerebral malaria,cerebral malaria,EFO:0006857
cerebral malaria,cerebral malaria,EFO:0006857
Cerebral Malaria,cerebral malaria,EFO:0006857
epithelial neoplasm,epithelial neoplasm,EFO:0006858
epithelial neoplasm,epithelial neoplasm,EFO:0006858
Epithelial Neoplasm,epithelial neoplasm,EFO:0006858
head and neck cancer,head and neck malignant neoplasia,EFO:0006859
head and neck malignant neoplasia,head and neck malignant neoplasia,EFO:0006859
head and neck cancer,head and neck malignant neoplasia,EFO:0006859
Malignant Head and Neck Neoplasm,head and neck malignant neoplasia,EFO:0006859
male breast cancer,male breast carcinoma,EFO:0006861
male breast carcinoma,male breast carcinoma,EFO:0006861
male breast carcinoma,male breast carcinoma,EFO:0006861
Male Breast Carcinoma,male breast carcinoma,EFO:0006861
Meniere's disease,Meniere disease,EFO:0006862
Meniere disease,Meniere disease,EFO:0006862
Meniere Disease,Meniere disease,EFO:0006862
Longissimus,obsolete_longissimus dorsi,EFO:0006863
vascular malformation,vascular malformation,EFO:0006888
microglandular adenosis,breast adenosis,EFO:0006891
breast adenosis,breast adenosis,EFO:0006891
Breast Adenosis,breast adenosis,EFO:0006891
Cell Cycle Phase,cell cycle phase,EFO:0007064
chronic ulcer of skin,chronic ulcer of skin,EFO:0007066
decubitus ulcer,decubitus ulcer,EFO:0007067
ulcer of lower limbs,ulcer of lower limb,EFO:0007068
DND-41 cell,DND-41,EFO:0007074
obsolete Acanthamoeba keratitis,Acanthamoeba keratitis,EFO:0007126
Acanthamoeba keratitis,Acanthamoeba keratitis,EFO:0007126
Acanthamoeba Keratitis,Acanthamoeba keratitis,EFO:0007126
actinobacillosis,actinobacillosis,EFO:0007127
actinomycosis,actinomycosis,EFO:0007128
actinomycosis,actinomycosis,EFO:0007128
Actinomycosis,actinomycosis,EFO:0007128
acute chest syndrome,acute chest syndrome,EFO:0007129
acute chest syndrome,acute chest syndrome,EFO:0007129
Acute Chest Syndrome,acute chest syndrome,EFO:0007129
acute disseminated encephalomyelitis,acute disseminated encephalomyelitis,EFO:0007130
acute disseminated encephalomyelitis,acute disseminated encephalomyelitis,EFO:0007130
Acute Disseminated Encephalomyelitis,acute disseminated encephalomyelitis,EFO:0007130
acute hemorrhagic conjunctivitis,acute hemorrhagic conjunctivitis,EFO:0007131
acute hemorrhagic conjunctivitis,acute hemorrhagic conjunctivitis,EFO:0007131
Acute Hemorrhagic Conjunctivitis,acute hemorrhagic conjunctivitis,EFO:0007131
acute hemorrhagic leukoencephalitis,acute hemorrhagic leukoencephalitis,EFO:0007132
acute hemorrhagic leukoencephalitis,acute hemorrhagic leukoencephalitis,EFO:0007132
Acute Hemorrhagic Leukoencephalitis,acute hemorrhagic leukoencephalitis,EFO:0007132
adenomyoma,adenomyoma,EFO:0007133
adenomyoma,adenomyoma,EFO:0007133
adenomyoma,adenomyoma,EFO:0007133
Adenomyoma,adenomyoma,EFO:0007133
adenosarcoma,adenosarcoma,EFO:0007134
adenosarcoma,adenosarcoma,EFO:0007134
adenosarcoma,adenosarcoma,EFO:0007134
Adenosarcoma,adenosarcoma,EFO:0007134
adult-onset Still's disease,adult-onset Still's disease,EFO:0007135
adult-onset Still disease,adult-onset Still's disease,EFO:0007135
agnosia,agnosia,EFO:0007136
agnosia,agnosia,EFO:0007136
Agnosia,agnosia,EFO:0007136
obsolete AIDS related complex,AIDS related complex,EFO:0007137
AIDS related complex,AIDS related complex,EFO:0007137
akinetic mutism,akinetic mutism,EFO:0007138
akinetic mutism,akinetic mutism,EFO:0007138
aleutian mink disease,aleutian mink disease,EFO:0007139
aleutian mink disease,aleutian mink disease,EFO:0007139
allergic bronchopulmonary aspergillosis,allergic bronchopulmonary aspergillosis,EFO:0007140
allergic bronchopulmonary aspergillosis,allergic bronchopulmonary aspergillosis,EFO:0007140
Allergic Bronchopulmonary Aspergillosis,allergic bronchopulmonary aspergillosis,EFO:0007140
allergic conjunctivitis,allergic conjunctivitis,EFO:0007141
Alergická konjunktivitida,allergic conjunctivitis,EFO:0007141
atopic conjunctivitis,allergic conjunctivitis,EFO:0007141
Atopic Conjunctivitis,allergic conjunctivitis,EFO:0007141
obsolete Alphavirus infectious disease,Alphavirus infectious disease,EFO:0007142
Alphavirus infectious disease,Alphavirus infectious disease,EFO:0007142
alveolar soft part sarcoma,alveolar soft part sarcoma,EFO:0007143
alveolar soft part sarcoma,alveolar soft part sarcoma,EFO:0007143
Alveolaire zachte deel sarcoom,alveolar soft part sarcoma,EFO:0007143
alveolar soft part sarcoma,alveolar soft part sarcoma,EFO:0007143
Alveolar Soft Part Sarcoma,alveolar soft part sarcoma,EFO:0007143
Adult Alveolar Soft Part Sarcoma,alveolar soft part sarcoma,EFO:0007143
amebiasis,amebiasis,EFO:0007144
amebiasis,amebiasis,EFO:0007144
Amebiasis,amebiasis,EFO:0007144
ancylostomiasis,ancylostomiasis,EFO:0007145
ancylostomiasis,ancylostomiasis,EFO:0007145
Ancylostomiasis,ancylostomiasis,EFO:0007145
anisakiasis,anisakiasis,EFO:0007146
anisakiasis,anisakiasis,EFO:0007146
Anisakiasis,anisakiasis,EFO:0007146
anogenital venereal wart,anogenital venereal wart,EFO:0007147
anogenital human papillomavirus infection,anogenital venereal wart,EFO:0007147
Anogenital Human Papillomavirus Infection,anogenital venereal wart,EFO:0007147
aortic valve insufficiency,aortic valve insufficiency,EFO:0007148
aortic valve insufficiency,aortic valve insufficiency,EFO:0007148
Aortic Valve Insufficiency,aortic valve insufficiency,EFO:0007148
appendicitis,appendicitis,EFO:0007149
appendicitis,appendicitis,EFO:0007149
Appendicitis,appendicitis,EFO:0007149
Arenaviridae infectious disease,Arenaviridae infectious disease,EFO:0007150
Arenaviridae infectious disease,Arenaviridae infectious disease,EFO:0007150
obsolete Arenavirus hemorrhagic fever,Arenavirus hemorrhagic fever,EFO:0007151
arenavirus hemorrhagic fever,Arenavirus hemorrhagic fever,EFO:0007151
obsolete Arterivirus infectious disease,Arterivirus infectious disease,EFO:0007152
Arterivirus infectious disease,Arterivirus infectious disease,EFO:0007152
asbestosis,asbestosis,EFO:0007153
asbestosis,asbestosis,EFO:0007153
Asbestosis,asbestosis,EFO:0007153
ascariasis,ascariasis,EFO:0007154
ascariasis,ascariasis,EFO:0007154
Ascariasis,ascariasis,EFO:0007154
ascaridiasis,ascaridiasis,EFO:0007155
ascaridiasis,ascaridiasis,EFO:0007155
obsolete Ascaridida infectious disease,Ascaridida infectious disease,EFO:0007156
Ascaridida infectious disease,Ascaridida infectious disease,EFO:0007156
aspergillosis,aspergillosis,EFO:0007157
aspergillosis,aspergillosis,EFO:0007157
Aspergillosis,aspergillosis,EFO:0007157
obsolete Astroviridae infectious disease,Astroviridae infectious disease,EFO:0007158
Astroviridae infectious disease,Astroviridae infectious disease,EFO:0007158
atrophic rhinitis,atrophic rhinitis,EFO:0007159
atrophic rhinitis,atrophic rhinitis,EFO:0007159
autoimmune thrombocytopenic purpura,autoimmune thrombocytopenic purpura,EFO:0007160
autoimmune thrombocytopenic purpura,autoimmune thrombocytopenic purpura,EFO:0007160
Primary Immune Thrombocytopenia,autoimmune thrombocytopenic purpura,EFO:0007160
obsolete Avulavirus infectious disease,Avulavirus infectious disease,EFO:0007161
Avulavirus infectious disease,Avulavirus infectious disease,EFO:0007161
babesiosis,babesiosis,EFO:0007162
babesiosis,babesiosis,EFO:0007162
Babesiosis,babesiosis,EFO:0007162
balantidiasis,balantidiasis,EFO:0007163
balantidiasis,balantidiasis,EFO:0007163
Balantidiasis,balantidiasis,EFO:0007163
Balkan nephropathy,Balkan nephropathy,EFO:0007164
Balkan nephropathy,Balkan nephropathy,EFO:0007164
Aristolochic Acid Nephropathy,Balkan nephropathy,EFO:0007164
Barre-Lieou syndrome,Barre-Lieou syndrome,EFO:0007165
Barre-Lieou syndrome,Barre-Lieou syndrome,EFO:0007165
Cervicocranial Syndrome,Barre-Lieou syndrome,EFO:0007165
bartonellosis,bartonellosis,EFO:0007166
bartonellosis,bartonellosis,EFO:0007166
Bartonella Infection,bartonellosis,EFO:0007166
Bell's palsy,Bell's palsy,EFO:0007167
Bell's palsy,Bell's palsy,EFO:0007167
Cranial Nerve VII Palsy,Bell's palsy,EFO:0007167
berylliosis,berylliosis,EFO:0007168
chronic beryllium disease,berylliosis,EFO:0007168
biliary dyskinesia,biliary dyskinesia,EFO:0007169
Biliaire dyskinesie,biliary dyskinesia,EFO:0007169
biliary dyskinesia,biliary dyskinesia,EFO:0007169
bird fancier's lung,bird fancier's lung,EFO:0007170
bird fancier's lung,bird fancier's lung,EFO:0007170
Bird Fancier's Lung,bird fancier's lung,EFO:0007170
black piedra,black piedra,EFO:0007171
black piedra,black piedra,EFO:0007171
blackwater fever,blackwater fever,EFO:0007172
blackwater fever,blackwater fever,EFO:0007172
Blackwater Fever,blackwater fever,EFO:0007172
obsolete Blastocystis hominis infectious disease,Blastocystis hominis infectious disease,EFO:0007173
Blastocystis infectious disease,Blastocystis hominis infectious disease,EFO:0007173
blastomycosis,blastomycosis,EFO:0007174
blastomycosis,blastomycosis,EFO:0007174
Blastomycosis,blastomycosis,EFO:0007174
North American Blastomycosis,blastomycosis,EFO:0007174
blind loop syndrome,blind loop syndrome,EFO:0007175
blind loop syndrome,blind loop syndrome,EFO:0007175
Blind Loop Syndrome,blind loop syndrome,EFO:0007175
bone giant cell tumor,bone giant cell tumor,EFO:0007176
bone giant cell tumor,bone giant cell tumor,EFO:0007176
Giant cell tumor of bone,bone giant cell tumor,EFO:0007176
bone giant cell tumor,bone giant cell tumor,EFO:0007176
Giant Cell Tumor of Bone,bone giant cell tumor,EFO:0007176
obsolete border disease,border disease,EFO:0007177
border disease,border disease,EFO:0007177
borna disease,borna disease,EFO:0007178
borna disease,borna disease,EFO:0007178
boutonneuse fever,boutonneuse fever,EFO:0007179
Rickettsia conorii infectious disease,boutonneuse fever,EFO:0007179
obsolete bovine respiratory disease complex,bovine respiratory disease complex,EFO:0007180
bovine respiratory disease complex,bovine respiratory disease complex,EFO:0007180
obsolete bovine virus diarrhea-mucosal disease,bovine virus diarrhea-mucosal disease,EFO:0007181
bovine virus diarrhea-mucosal disease,bovine virus diarrhea-mucosal disease,EFO:0007181
Brill-Zinsser disease,Brill-Zinsser disease,EFO:0007182
Brill-Zinsser disease,Brill-Zinsser disease,EFO:0007182
bronchiolitis obliterans,bronchiolitis obliterans,EFO:0007183
Bronchiolite oblitérante,bronchiolitis obliterans,EFO:0007183
bronchiolitis obliterans syndrome,bronchiolitis obliterans,EFO:0007183
bronchopneumonia,bronchopneumonia,EFO:0007184
bronchopneumonia,bronchopneumonia,EFO:0007184
Bronchopneumonia,bronchopneumonia,EFO:0007184
brucellosis,brucellosis,EFO:0007185
brucellosis,brucellosis,EFO:0007185
Brucellosis,brucellosis,EFO:0007185
bulbar polio,bulbar polio,EFO:0007186
bulbar polio,bulbar polio,EFO:0007186
bullous pemphigoid,bullous pemphigoid,EFO:0007187
bullous pemphigoid,bullous pemphigoid,EFO:0007187
Bullous Pemphigoid,bullous pemphigoid,EFO:0007187
obsolete Bunyaviridae infectious disease,Bunyaviridae infectious disease,EFO:0007188
Bunyaviridae infectious disease,Bunyaviridae infectious disease,EFO:0007188
obsolete Caliciviridae infectious disease,Caliciviridae infectious disease,EFO:0007189
Caliciviridae infectious disease,Caliciviridae infectious disease,EFO:0007189
campylobacteriosis,campylobacteriosis,EFO:0007190
campylobacteriosis,campylobacteriosis,EFO:0007190
cannabis dependence,cannabis dependence,EFO:0007191
cannabis abuse,cannabis dependence,EFO:0007191
cannabis dependence,cannabis dependence,EFO:0007191
Cannabis Dependence,cannabis dependence,EFO:0007191
Caplan's syndrome,Caplan's syndrome,EFO:0007192
Caplan syndrome,Caplan's syndrome,EFO:0007192
carbamoyl phosphate synthetase I deficiency disease,carbamoyl phosphate synthetase I deficiency disease,EFO:0007193
carbamoyl phosphate synthetase I deficiency disease,carbamoyl phosphate synthetase I deficiency disease,EFO:0007193
Carbamoyl-Phosphate Synthetase I Deficiency,carbamoyl phosphate synthetase I deficiency disease,EFO:0007193
obsolete Cardiovirus infectious disease,Cardiovirus infectious disease,EFO:0007194
cardiovirus infectious disease,Cardiovirus infectious disease,EFO:0007194
cat-scratch disease,cat-scratch disease,EFO:0007195
cat-scratch disease,cat-scratch disease,EFO:0007195
Cat-Scratch Disease,cat-scratch disease,EFO:0007195
Cauda equina syndrome,Cauda equina syndrome,EFO:0007196
cauda equina syndrome,Cauda equina syndrome,EFO:0007196
Cauda Equina Syndrome,Cauda equina syndrome,EFO:0007196
cecal benign neoplasm,cecal benign neoplasm,EFO:0007197
obsolete central nervous system AIDS arteritis,central nervous system AIDS arteritis,EFO:0007198
central nervous system AIDS arteritis,central nervous system AIDS arteritis,EFO:0007198
central nervous system tuberculosis,central nervous system tuberculosis,EFO:0007199
central nervous system tuberculosis,central nervous system tuberculosis,EFO:0007199
obsolete cerebral toxoplasmosis,cerebral toxoplasmosis,EFO:0007200
cerebral toxoplasmosis,cerebral toxoplasmosis,EFO:0007200
cerebral ventricle cancer,cerebral ventricle cancer,EFO:0007201
cerebral ventricle cancer,cerebral ventricle cancer,EFO:0007201
Intraventricular Brain Neoplasm,cerebral ventricle cancer,EFO:0007201
cervical incompetence,cervical incompetence,EFO:0007202
cervical incompetence,cervical incompetence,EFO:0007202
obsolete cervicofacial actinomycosis,cervicofacial actinomycosis,EFO:0007203
cervicofacial actinomycosis,cervicofacial actinomycosis,EFO:0007203
Cervicofacial Actinomycotic Infection,cervicofacial actinomycosis,EFO:0007203
chickenpox,chickenpox,EFO:0007204
chickenpox,chickenpox,EFO:0007204
Chicken Pox,chickenpox,EFO:0007204
chlamydia,Chlamydia trachomatis infectious disease,EFO:0007205
chlamydia trachomatis infectious disease,Chlamydia trachomatis infectious disease,EFO:0007205
Chlamydial Infection,Chlamydia trachomatis infectious disease,EFO:0007205
choroid plexus cancer,choroid plexus cancer,EFO:0007206
choroid plexus cancer,choroid plexus cancer,EFO:0007206
Malignant Choroid Plexus Neoplasm,choroid plexus cancer,EFO:0007206
chromoblastomycosis,chromoblastomycosis,EFO:0007207
chromomycosis,chromoblastomycosis,EFO:0007207
Churg-Strauss syndrome,Churg-Strauss syndrome,EFO:0007208
eosinophilic granulomatosis with polyangiitis,Churg-Strauss syndrome,EFO:0007208
Eosinophilic Granulomatosis with Polyangiitis,Churg-Strauss syndrome,EFO:0007208
Eosinophilic granulomatosis with polyangiitis,Churg-Strauss syndrome,EFO:0007208
obsolete Ciliophora infectious disease,Ciliophora infectious disease,EFO:0007209
Ciliophora infectious disease,Ciliophora infectious disease,EFO:0007209
clonorchiasis,clonorchiasis,EFO:0007210
clonorchiasis,clonorchiasis,EFO:0007210
coccidioidomycosis,coccidioidomycosis,EFO:0007211
coccidioidomycosis,coccidioidomycosis,EFO:0007211
Coccidioidomycosis,coccidioidomycosis,EFO:0007211
coccidiosis,coccidiosis,EFO:0007212
coccidiosis,coccidiosis,EFO:0007212
Coccidiosis,coccidiosis,EFO:0007212
Colorado tick fever,Colorado tick fever,EFO:0007213
Colorado tick fever,Colorado tick fever,EFO:0007213
common cold,common cold,EFO:0007214
common cold,common cold,EFO:0007214
Acute Nasopharyngitis,common cold,EFO:0007214
composite lymphoma,composite lymphoma,EFO:0007215
composite lymphoma,composite lymphoma,EFO:0007215
composite lymphoma,composite lymphoma,EFO:0007215
Composite Lymphoma,composite lymphoma,EFO:0007215
congenital diaphragmatic hernia,congenital diaphragmatic hernia,EFO:0007216
congenital diaphragmatic hernia,congenital diaphragmatic hernia,EFO:0007216
Congenital Diaphragmatic Hernia,congenital diaphragmatic hernia,EFO:0007216
congenital nystagmus,congenital nystagmus,EFO:0007217
Nistagmo,congenital nystagmus,EFO:0007217
congenital nystagmus,congenital nystagmus,EFO:0007217
obsolete congenital rubella,congenital rubella,EFO:0007218
congenital rubella syndrome,congenital rubella,EFO:0007218
Congenital Rubella,congenital rubella,EFO:0007218
congenital syphilis,congenital syphilis,EFO:0007219
congenital syphilis,congenital syphilis,EFO:0007219
Congenital Syphilis,congenital syphilis,EFO:0007219
congenital toxoplasmosis,congenital toxoplasmosis,EFO:0007220
congenital toxoplasmosis,congenital toxoplasmosis,EFO:0007220
Congenital Toxoplasmosis,congenital toxoplasmosis,EFO:0007220
obsolete contagious pleuropneumonia,contagious pleuropneumonia,EFO:0007221
contagious pleuropneumonia,contagious pleuropneumonia,EFO:0007221
contagious pustular dermatitis,contagious pustular dermatitis,EFO:0007222
contagious pustular dermatitis,contagious pustular dermatitis,EFO:0007222
obsolete Coronaviridae infectious disease,Coronaviridae infectious disease,EFO:0007223
Coronaviridae infectious disease,Coronaviridae infectious disease,EFO:0007223
obsolete coronavirus infectious disease,coronavirus infectious disease,EFO:0007224
Coronavinae infectious disease,coronavirus infectious disease,EFO:0007224
cowpox,cowpox,EFO:0007225
cowpox,cowpox,EFO:0007225
obsolete coxsackievirus infectious disease,coxsackievirus infectious disease,EFO:0007226
coxsackievirus infectious disease,coxsackievirus infectious disease,EFO:0007226
croup,croup,EFO:0007227
croup,croup,EFO:0007227
Croup,croup,EFO:0007227
Cryptococcal meningitis,cryptococcal meningitis,EFO:0007228
obsolete cryptococcal meningitis,cryptococcal meningitis,EFO:0007228
Cryptococcal meningitis,cryptococcal meningitis,EFO:0007228
Cryptococcal Meningitis,cryptococcal meningitis,EFO:0007228
cryptococcosis,cryptococcosis,EFO:0007229
cryptococcosis,cryptococcosis,EFO:0007229
Cryptococcosis,cryptococcosis,EFO:0007229
cyclosporiasis,cyclosporiasis,EFO:0007230
cyclosporiasis,cyclosporiasis,EFO:0007230
Cyclosporiasis,cyclosporiasis,EFO:0007230
cysticercosis,cysticercosis,EFO:0007231
cysticercosis,cysticercosis,EFO:0007231
Cysticercosis,cysticercosis,EFO:0007231
cystoisosporiasis,cystoisosporiasis,EFO:0007232
isosporiasis,cystoisosporiasis,EFO:0007232
Isosporiasis,cystoisosporiasis,EFO:0007232
diaphragm disease,diaphragm disease,EFO:0007233
diaphragm disorder,diaphragm disease,EFO:0007233
dicrocoeliasis,dicrocoeliasis,EFO:0007234
dicrocoeliasis,dicrocoeliasis,EFO:0007234
obsolete Dictyocaulus infectious disease,Dictyocaulus infectious disease,EFO:0007235
Dictyocaulus infectious disease,Dictyocaulus infectious disease,EFO:0007235
diffuse idiopathic skeletal hyperostosis,diffuse idiopathic skeletal hyperostosis,EFO:0007236
diffuse idiopathic skeletal hyperostosis,diffuse idiopathic skeletal hyperostosis,EFO:0007236
Diffuse Idiopathic Skeletal Hyperostosis,diffuse idiopathic skeletal hyperostosis,EFO:0007236
dipetalonemiasis,dipetalonemiasis,EFO:0007237
dipetalonemiasis,dipetalonemiasis,EFO:0007237
Dipetalonemiasis,dipetalonemiasis,EFO:0007237
diphyllobothriasis,diphyllobothriasis,EFO:0007238
diphyllobothriasis,diphyllobothriasis,EFO:0007238
Diphyllobothriasis,diphyllobothriasis,EFO:0007238
dirofilariasis,dirofilariasis,EFO:0007239
dirofilariasis,dirofilariasis,EFO:0007239
obsolete dourine,dourine,EFO:0007240
dourine,dourine,EFO:0007240
dracunculiasis,dracunculiasis,EFO:0007241
dracunculiasis,dracunculiasis,EFO:0007241
Dracunculiasis,dracunculiasis,EFO:0007241
Eastern equine encephalitis,Eastern equine encephalitis,EFO:0007242
eastern equine encephalitis,Eastern equine encephalitis,EFO:0007242
Ebola hemorrhagic fever,Ebola hemorrhagic fever,EFO:0007243
Ebola hemorrhagic fever,Ebola hemorrhagic fever,EFO:0007243
Ebola Hemorrhagic Fever,Ebola hemorrhagic fever,EFO:0007243
Ebstein anomaly,Ebstein anomaly,EFO:0007244
Ebstein anomaly,Ebstein anomaly,EFO:0007244
Ebstein Anomaly,Ebstein anomaly,EFO:0007244
echinococcosis,echinococcosis,EFO:0007245
echinococcosis,echinococcosis,EFO:0007245
Echinococcosis,echinococcosis,EFO:0007245
echinostomiasis,echinostomiasis,EFO:0007246
echinostomiasis,echinostomiasis,EFO:0007246
obsolete echovirus infectious disease,echovirus infectious disease,EFO:0007247
Echovirus infectious disease,echovirus infectious disease,EFO:0007247
egg allergy,egg allergy,EFO:0007248
emphysematous cholecystitis,emphysematous cholecystitis,EFO:0007249
emphysematous cholecystitis,emphysematous cholecystitis,EFO:0007249
Emphysematous Cholecystitis,emphysematous cholecystitis,EFO:0007249
encephalitozoonosis,encephalitozoonosis,EFO:0007250
encephalitozoonosis,encephalitozoonosis,EFO:0007250
endocardial fibroelastosis,endocardial fibroelastosis,EFO:0007251
endocardial fibroelastosis,endocardial fibroelastosis,EFO:0007251
Endocardial Fibroelastosis,endocardial fibroelastosis,EFO:0007251
endodermal sinus tumor,endodermal sinus tumor,EFO:0007252
endodermal sinus tumor,endodermal sinus tumor,EFO:0007252
yolk sac tumor,endodermal sinus tumor,EFO:0007252
Yolk Sac Tumor,endodermal sinus tumor,EFO:0007252
obsolete Enoplea infectious disease,Enoplea infectious disease,EFO:0007253
Enoplea infectious disease,Enoplea infectious disease,EFO:0007253
enterobiasis,enterobiasis,EFO:0007254
enterobiasis,enterobiasis,EFO:0007254
Enterobiasis,enterobiasis,EFO:0007254
obsolete Enterovirus infectious disease,Enterovirus infectious disease,EFO:0007255
enterovirus infectious disease,Enterovirus infectious disease,EFO:0007255
obsolete enzootic pneumonia of calves,enzootic pneumonia of calves,EFO:0007256
eosinophilic pneumonia,eosinophilic pneumonia,EFO:0007257
eosinophilic pneumonia,eosinophilic pneumonia,EFO:0007257
Eosinophilic Pneumonia,eosinophilic pneumonia,EFO:0007257
obsolete ephemeral fever,ephemeral fever,EFO:0007258
ephemeral fever,ephemeral fever,EFO:0007258
epidemic pleurodynia,epidemic pleurodynia,EFO:0007259
epidemic pleurodynia,epidemic pleurodynia,EFO:0007259
epidural abscess,epidural abscess,EFO:0007260
epidural abscess,epidural abscess,EFO:0007260
epidural abscess,epidural abscess,EFO:0007260
epiglottitis,epiglottitis,EFO:0007261
epiglottitis,epiglottitis,EFO:0007261
Epiglottitis,epiglottitis,EFO:0007261
epilepsy with generalized tonic-clonic seizures,epilepsy with generalized tonic-clonic seizures,EFO:0007262
epilepsy with generalized tonic-clonic seizures,epilepsy with generalized tonic-clonic seizures,EFO:0007262
Grand Mal Epilepsy,epilepsy with generalized tonic-clonic seizures,EFO:0007262
obsolete equine infectious anemia,equine infectious anemia,EFO:0007263
equine infectious anemia,equine infectious anemia,EFO:0007263
Equine Infectious Anemia,equine infectious anemia,EFO:0007263
ethmoid sinusitis,ethmoid sinusitis,EFO:0007264
ethmoid sinusitis,ethmoid sinusitis,EFO:0007264
Ethmoidal Sinusitis,ethmoid sinusitis,EFO:0007264
eumycotic mycetoma,eumycotic mycetoma,EFO:0007265
eumycotic mycetoma,eumycotic mycetoma,EFO:0007265
Mycetoma,eumycotic mycetoma,EFO:0007265
eunuchism,eunuchism,EFO:0007266
eunuchism,eunuchism,EFO:0007266
Primary Testicular Failure,eunuchism,EFO:0007266
factor VIII deficiency,obsolete_factor VIII deficiency,EFO:0007267
fascioloidiasis,fascioloidiasis,EFO:0007268
fascioloidiasis,fascioloidiasis,EFO:0007268
Felty's syndrome,Felty's syndrome,EFO:0007269
Felty syndrome,Felty's syndrome,EFO:0007269
Felty Syndrome,Felty's syndrome,EFO:0007269
femoral cancer,femoral cancer,EFO:0007270
fibroepithelial neoplasm,fibroepithelial neoplasm,EFO:0007271
fibroepithelial neoplasm,fibroepithelial neoplasm,EFO:0007271
Fibroepithelial Neoplasm,fibroepithelial neoplasm,EFO:0007271
filarial elephantiasis,filarial elephantiasis,EFO:0007272
filarial elephantiasis,filarial elephantiasis,EFO:0007272
Lymphatic Filariasis,filarial elephantiasis,EFO:0007272
obsolete Filoviridae infectious disease,Filoviridae infectious disease,EFO:0007273
Filoviridae infectious disease,Filoviridae infectious disease,EFO:0007273
obsolete Flaviviridae infectious disease,Flaviviridae infectious disease,EFO:0007274
Flaviviridae infectious disease,Flaviviridae infectious disease,EFO:0007274
focal epithelial hyperplasia,focal epithelial hyperplasia,EFO:0007275
focal epithelial hyperplasia,focal epithelial hyperplasia,EFO:0007275
Focal Epithelial Hyperplasia,focal epithelial hyperplasia,EFO:0007275
follicular dendritic cell sarcoma,follicular dendritic cell sarcoma,EFO:0007276
follicular dendritic cell sarcoma,follicular dendritic cell sarcoma,EFO:0007276
follicular dendritic cell sarcoma,follicular dendritic cell sarcoma,EFO:0007276
Follicular Dendritic Cell Sarcoma,follicular dendritic cell sarcoma,EFO:0007276
obsolete foot and mouth disease,foot and mouth disease,EFO:0007277
foot and mouth disease,foot and mouth disease,EFO:0007277
obsolete fungal lung infectious disease,fungal lung infectious disease,EFO:0007278
fungal lung infectious disease,fungal lung infectious disease,EFO:0007278
gas gangrene,gas gangrene,EFO:0007279
gas gangrene,gas gangrene,EFO:0007279
gastrointestinal tuberculosis,gastrointestinal tuberculosis,EFO:0007280
gastrointestinal tuberculosis,gastrointestinal tuberculosis,EFO:0007280
herpes zoster oticus,geniculate herpes zoster,EFO:0007281
geniculate herpes zoster,geniculate herpes zoster,EFO:0007281
Herpes Zoster Oticus,geniculate herpes zoster,EFO:0007281
genital herpes,genital herpes,EFO:0007282
genital herpes,genital herpes,EFO:0007282
Genital Herpes,genital herpes,EFO:0007282
geographic tongue,geographic tongue,EFO:0007283
geographic tongue,geographic tongue,EFO:0007283
Benign Migratory Glossitis,geographic tongue,EFO:0007283
geotrichosis,geotrichosis,EFO:0007284
geotrichosis,geotrichosis,EFO:0007284
Gerstmann syndrome,Gerstmann syndrome,EFO:0007285
Gerstmann syndrome,Gerstmann syndrome,EFO:0007285
glanders,glanders,EFO:0007286
glanders,glanders,EFO:0007286
Glanders,glanders,EFO:0007286
glucosephosphate dehydrogenase deficiency,glucosephosphate dehydrogenase deficiency,EFO:0007287
G6PD deficiency,glucosephosphate dehydrogenase deficiency,EFO:0007287
Glucose-6-Phosphate Dehydrogenase Deficiency,glucosephosphate dehydrogenase deficiency,EFO:0007287
glycogen storage disease Ia,obsolete_glycogen storage disease I,EFO:0007288
gnathomiasis,gnathomiasis,EFO:0007289
gnathomiasis,gnathomiasis,EFO:0007289
Gnathostomiasis,gnathomiasis,EFO:0007289
Goodpasture syndrome,Goodpasture syndrome,EFO:0007290
anti-glomerular basement membrane disease,Goodpasture syndrome,EFO:0007290
Anti-Glomerular Basement Membrane Disease,Goodpasture syndrome,EFO:0007290
granuloma inguinale,granuloma inguinale,EFO:0007291
granuloma inguinale,granuloma inguinale,EFO:0007291
Granuloma Inguinale,granuloma inguinale,EFO:0007291
Guillain-Barre syndrome,Guillain-Barre syndrome,EFO:0007292
Guillain-Barre syndrome,Guillain-Barre syndrome,EFO:0007292
Guillain-Barre Syndrome,Guillain-Barre syndrome,EFO:0007292
haemonchiasis,haemonchiasis,EFO:0007293
haemonchiasis,haemonchiasis,EFO:0007293
"hand, foot and mouth disease","hand, foot and mouth disease",EFO:0007294
"hand, foot and mouth disease","hand, foot and mouth disease",EFO:0007294
Hand Foot and Mouth Disease,"hand, foot and mouth disease",EFO:0007294
obsolete Hantavirus infectious disease,Hantavirus infectious disease,EFO:0007295
hantavirus infectious disease,Hantavirus infectious disease,EFO:0007295
Hantavirus Infection,Hantavirus infectious disease,EFO:0007295
hantavirus pulmonary syndrome,hantavirus pulmonary syndrome,EFO:0007296
hantavirus pulmonary syndrome,hantavirus pulmonary syndrome,EFO:0007296
Hantavirus Pulmonary Syndrome,hantavirus pulmonary syndrome,EFO:0007296
HELLP syndrome,HELLP syndrome,EFO:0007297
HELLP syndrome,HELLP syndrome,EFO:0007297
HELLP Syndrome,HELLP syndrome,EFO:0007297
hemopericardium,hemopericardium,EFO:0007298
Hemopericard,hemopericardium,EFO:0007298
hemopericardium,hemopericardium,EFO:0007298
Hantavirus hemorrhagic fever with renal syndrome,hemorrhagic fever with renal syndrome,EFO:0007299
obsolete Henipavirus infectious disease,Henipavirus infectious disease,EFO:0007300
henipavirus infectious disease,Henipavirus infectious disease,EFO:0007300
obsolete Hepadnaviridae infectious disease,Hepadnaviridae infectious disease,EFO:0007301
Hepadnaviridae infectious disease,Hepadnaviridae infectious disease,EFO:0007301
hepatic tuberculosis,hepatic tuberculosis,EFO:0007302
hepatic tuberculosis,hepatic tuberculosis,EFO:0007302
hepatitis E,hepatitis E virus infection,EFO:0007303
hepatitis E virus infection,hepatitis E virus infection,EFO:0007303
hepatitis D,hepatitis D virus infection,EFO:0007304
hepatitis D virus infection,hepatitis D virus infection,EFO:0007304
hepatitis A,hepatitis A virus infection,EFO:0007305
hepatitis A virus infection,hepatitis A virus infection,EFO:0007305
Hepatitis A Infection,hepatitis A virus infection,EFO:0007305
herpangina,herpangina,EFO:0007306
herpangina,herpangina,EFO:0007306
obsolete Herpes simplex virus gingivostomatitis,Herpes simplex virus gingivostomatitis,EFO:0007307
herpes simplex virus gingivostomatitis,Herpes simplex virus gingivostomatitis,EFO:0007307
herpes simplex virus keratitis,Herpes simplex virus keratitis,EFO:0007308
herpes simplex virus keratitis,Herpes simplex virus keratitis,EFO:0007308
Dendritic Keratitis,Herpes simplex virus keratitis,EFO:0007308
obsolete Herpesviridae infectious disease,Herpesviridae infectious disease,EFO:0007309
Herpesviridae infectious disease,Herpesviridae infectious disease,EFO:0007309
histoplasmosis,histoplasmosis,EFO:0007310
histoplasmosis,histoplasmosis,EFO:0007310
Histoplasmosis,histoplasmosis,EFO:0007310
obsolete HIV enteropathy,HIV enteropathy,EFO:0007311
HIV enteropathy,HIV enteropathy,EFO:0007311
obsolete HIV wasting syndrome,HIV wasting syndrome,EFO:0007312
HIV wasting syndrome,HIV wasting syndrome,EFO:0007312
obsolete HIV-associated nephropathy,HIV-associated nephropathy,EFO:0007313
HIV-associated nephropathy,HIV-associated nephropathy,EFO:0007313
HIV-Associated Nephropathy,HIV-associated nephropathy,EFO:0007313
obsolete hookworm infectious disease,hookworm infectious disease,EFO:0007314
hookworm infectious disease,hookworm infectious disease,EFO:0007314
hordeolum,hordeolum,EFO:0007315
hordeolum,hordeolum,EFO:0007315
Stye,hordeolum,EFO:0007315
obsolete Human T-lymphotropic virus 1 infectious disease,Human T-lymphotropic virus 1 infectious disease,EFO:0007316
human T-lymphotropic virus 1 infectious disease,Human T-lymphotropic virus 1 infectious disease,EFO:0007316
hymenolepiasis,hymenolepiasis,EFO:0007317
hymenolepiasis,hymenolepiasis,EFO:0007317
Hymenolepiasis,hymenolepiasis,EFO:0007317
hyperinsulinemic hypoglycemia,hyperinsulinemic hypoglycemia,EFO:0007318
Hiperinsülinemik hipoglisemi,hyperinsulinemic hypoglycemia,EFO:0007318
hyperinsulinemic hypoglycemia,hyperinsulinemic hypoglycemia,EFO:0007318
Nesidioblastosis,hyperinsulinemic hypoglycemia,EFO:0007318
hyperprolactinemia,hyperprolactinemia,EFO:0007319
Exceso de prolactina,hyperprolactinemia,EFO:0007319
hyperprolactinemia,hyperprolactinemia,EFO:0007319
hypodermyiasis,hypodermyiasis,EFO:0007320
hypodermyiasis,hypodermyiasis,EFO:0007320
hypopharynx cancer,hypopharynx cancer,EFO:0007321
hypopharynx cancer,hypopharynx cancer,EFO:0007321
hypopharynx cancer,hypopharynx cancer,EFO:0007321
Malignant Hypopharyngeal Neoplasm,hypopharynx cancer,EFO:0007321
idiopathic CD4-positive T-lymphocytopenia,idiopathic CD4-positive T-lymphocytopenia,EFO:0007322
idiopathic CD4-positive T-lymphocytopenia,idiopathic CD4-positive T-lymphocytopenia,EFO:0007322
Idiopathic CD4-Positive T-Lymphocytopenia,idiopathic CD4-positive T-lymphocytopenia,EFO:0007322
inclusion body myositis,inclusion body myositis,EFO:0007323
inclusion body myositis,inclusion body myositis,EFO:0007323
Inclusion Body Myositis,inclusion body myositis,EFO:0007323
inclusion conjunctivitis,inclusion conjunctivitis,EFO:0007324
inclusion conjunctivitis,inclusion conjunctivitis,EFO:0007324
Neonatal Chlamydia Conjunctivitis,inclusion conjunctivitis,EFO:0007324
obsolete infectious ectromelia,infectious ectromelia,EFO:0007325
infectious ectromelia,infectious ectromelia,EFO:0007325
infectious mononucleosis,infectious mononucleosis,EFO:0007326
infectious mononucleosis,infectious mononucleosis,EFO:0007326
Infectious Mononucleosis,infectious mononucleosis,EFO:0007326
obsolete infectious myxomatosis,infectious myxomatosis,EFO:0007327
infectious myxomatosis,infectious myxomatosis,EFO:0007327
influenza,influenza,EFO:0007328
Orthomyxoviridae infectious disease,influenza,EFO:0007328
influenza,influenza,EFO:0007328
Influenza,influenza,EFO:0007328
interdigitating dendritic cell sarcoma,interdigitating dendritic cell sarcoma,EFO:0007329
interdigitating dendritic cell sarcoma,interdigitating dendritic cell sarcoma,EFO:0007329
interdigitating dendritic cell sarcoma,interdigitating dendritic cell sarcoma,EFO:0007329
Interdigitating Dendritic Cell Sarcoma,interdigitating dendritic cell sarcoma,EFO:0007329
intestinal cancer,intestinal cancer,EFO:0007330
intestinal cancer,intestinal cancer,EFO:0007330
intestinal cancer,intestinal cancer,EFO:0007330
Malignant Intestinal Neoplasm,intestinal cancer,EFO:0007330
islet cell tumor,islet cell tumor,EFO:0007331
pancreatic neuroendocrine neoplasm,islet cell tumor,EFO:0007331
Pancreatic Neuroendocrine Neoplasm,islet cell tumor,EFO:0007331
Japanese encephalitis,Japanese encephalitis,EFO:0007332
Japanese encephalitis,Japanese encephalitis,EFO:0007332
Japanese B Encephalitis,Japanese encephalitis,EFO:0007332
jaw cancer,jaw cancer,EFO:0007333
jaw cancer,jaw cancer,EFO:0007333
Klippel-Trenaunay syndrome,obsolete_Klippel-Trenaunay syndrome,EFO:0007334
Kluver-Bucy syndrome,Kluver-Bucy syndrome,EFO:0007335
Kluver-Bucy syndrome,Kluver-Bucy syndrome,EFO:0007335
Kluver-Bucy Syndrome,Kluver-Bucy syndrome,EFO:0007335
Langerhans cell sarcoma,Langerhans cell sarcoma,EFO:0007336
Langerhans cell sarcoma,Langerhans cell sarcoma,EFO:0007336
Langerhans cell sarcoma,Langerhans cell sarcoma,EFO:0007336
Langerhans Cell Sarcoma,Langerhans cell sarcoma,EFO:0007336
laryngeal tuberculosis,laryngeal tuberculosis,EFO:0007337
laryngeal tuberculosis,laryngeal tuberculosis,EFO:0007337
Tuberculous Laryngitis,laryngeal tuberculosis,EFO:0007337
Lassa fever,Lassa fever,EFO:0007338
Lassa fever,Lassa fever,EFO:0007338
Lassa Fever,Lassa fever,EFO:0007338
late congenital syphilis,late congenital syphilis,EFO:0007339
late congenital syphilis,late congenital syphilis,EFO:0007339
latent syphilis,latent syphilis,EFO:0007340
latent syphilis,latent syphilis,EFO:0007340
Latent Syphilis,latent syphilis,EFO:0007340
Legg-Calve-Perthes disease,obsolete_Legg-Calve-Perthes Disease,EFO:0007341
legionellosis,legionellosis,EFO:0007342
legionellosis,legionellosis,EFO:0007342
Legionellosis,legionellosis,EFO:0007342
Legionnaires' disease,Legionnaires' disease,EFO:0007343
Legionnaires' disease,Legionnaires' disease,EFO:0007343
Legionella Pneumonia,Legionnaires' disease,EFO:0007343
leptospirosis,leptospirosis,EFO:0007344
leptospirosis,leptospirosis,EFO:0007344
Leptospirosis,leptospirosis,EFO:0007344
lipid pneumonia,lipid pneumonia,EFO:0007345
lipid pneumonia,lipid pneumonia,EFO:0007345
lipoatrophic diabetes mellitus,lipoatrophic diabetes,EFO:0007346
lipoatrophic diabetes,lipoatrophic diabetes,EFO:0007346
Lipoatrophic Diabetes Mellitus,lipoatrophic diabetes,EFO:0007346
listeriosis,listeriosis,EFO:0007347
listeriosis,listeriosis,EFO:0007347
Listeriosis,listeriosis,EFO:0007347
louping ill,louping ill,EFO:0007348
louping ill,louping ill,EFO:0007348
obsolete lumpy skin disease,lumpy skin disease,EFO:0007349
lumpy skin disease,lumpy skin disease,EFO:0007349
lymph node tuberculosis,lymph node tuberculosis,EFO:0007350
lymph node tuberculosis,lymph node tuberculosis,EFO:0007350
Lymph Node Tuberculosis,lymph node tuberculosis,EFO:0007350
lymphangitis,lymphangitis,EFO:0007351
lymphangitis,lymphangitis,EFO:0007351
Lymphangitis,lymphangitis,EFO:0007351
lymphatic system disease,lymphatic system disease,EFO:0007352
lymphatic system disorder,lymphatic system disease,EFO:0007352
Lymphadenopathy,lymphatic system disease,EFO:0007352
lymphogranuloma venereum,lymphogranuloma venereum,EFO:0007353
lymphogranuloma venereum,lymphogranuloma venereum,EFO:0007353
Lymphogranuloma Venereum,lymphogranuloma venereum,EFO:0007353
Lynch syndrome,obsolete_Lynch syndrome,EFO:0007354
male reproductive organ cancer,male reproductive organ cancer,EFO:0007355
male reproductive organ cancer,male reproductive organ cancer,EFO:0007355
male reproductive organ cancer,male reproductive organ cancer,EFO:0007355
Malignant Male Reproductive System Neoplasm,male reproductive organ cancer,EFO:0007355
mandibular cancer,mandibular cancer,EFO:0007356
mandibular cancer,mandibular cancer,EFO:0007356
mandibular cancer,mandibular cancer,EFO:0007356
Malignant Neoplasm of Lower Jaw Bone,mandibular cancer,EFO:0007356
mansonelliasis,mansonelliasis,EFO:0007357
mansonelliasis,mansonelliasis,EFO:0007357
Mansonelliasis,mansonelliasis,EFO:0007357
Marburg hemorrhagic fever,Marburg hemorrhagic fever,EFO:0007358
Marburg hemorrhagic fever,Marburg hemorrhagic fever,EFO:0007358
Marburg Virus Disease,Marburg hemorrhagic fever,EFO:0007358
mast-cell leukemia,mast-cell leukemia,EFO:0007359
mast-cell leukemia,mast-cell leukemia,EFO:0007359
mast cell leukemia,mast-cell leukemia,EFO:0007359
Mast Cell Leukemia,mast-cell leukemia,EFO:0007359
maxillary cancer,maxillary neoplasm,EFO:0007360
maxillary neoplasm,maxillary neoplasm,EFO:0007360
maxillary neoplasm,maxillary neoplasm,EFO:0007360
maxillary sinusitis,maxillary sinusitis,EFO:0007361
maxillary sinusitis,maxillary sinusitis,EFO:0007361
Maxillary Sinusitis,maxillary sinusitis,EFO:0007361
mediastinal cancer,mediastinal cancer,EFO:0007362
mediastinal cancer,mediastinal cancer,EFO:0007362
mediastinal cancer,mediastinal cancer,EFO:0007362
Malignant Mediastinal Neoplasm,mediastinal cancer,EFO:0007362
meibomian cyst,meibomian cyst,EFO:0007363
chalazion,meibomian cyst,EFO:0007363
Chalazion,meibomian cyst,EFO:0007363
meningoencephalitis,meningoencephalitis,EFO:0007364
meningoencephalitis,meningoencephalitis,EFO:0007364
Meningoencephalitis,meningoencephalitis,EFO:0007364
obsolete mesoblastic nephroma,mesoblastic nephroma,EFO:0007365
mesoblastic nephroma,mesoblastic nephroma,EFO:0007365
microsporidiosis,microsporidiosis,EFO:0007366
microsporidiosis,microsporidiosis,EFO:0007366
Microsporidiosis,microsporidiosis,EFO:0007366
middle lobe syndrome,middle lobe syndrome,EFO:0007367
middle lobe syndrome,middle lobe syndrome,EFO:0007367
miliary tuberculosis,miliary tuberculosis,EFO:0007368
miliary tuberculosis,miliary tuberculosis,EFO:0007368
Miliary Tuberculosis,miliary tuberculosis,EFO:0007368
milk allergy,milk allergic reaction,EFO:0007369
milker's nodule,milker's nodule,EFO:0007370
milker's nodule,milker's nodule,EFO:0007370
Miller Fisher syndrome,Miller Fisher syndrome,EFO:0007371
Miller Fisher syndrome,Miller Fisher syndrome,EFO:0007371
Miller Fisher Syndrome,Miller Fisher syndrome,EFO:0007371
mitral valve stenosis,mitral valve stenosis,EFO:0007372
mitral valve stenosis,mitral valve stenosis,EFO:0007372
Mitral Valve Stenosis,mitral valve stenosis,EFO:0007372
mixed cell type cancer,mixed cell type cancer,EFO:0007373
mixed connective tissue disease,mixed connective tissue disease,EFO:0007374
mixed connective tissue disease,mixed connective tissue disease,EFO:0007374
Mixed Connective Tissue Disease,mixed connective tissue disease,EFO:0007374
molluscum contagiosum,molluscum contagiosum,EFO:0007375
molluscum contagiosum,molluscum contagiosum,EFO:0007375
obsolete Mononegavirales infectious disease,Mononegavirales infectious disease,EFO:0007376
Mononegavirales infectious disease,Mononegavirales infectious disease,EFO:0007376
obsolete Morbillivirus infectious disease,Morbillivirus infectious disease,EFO:0007377
morbillivirus infectious disease,Morbillivirus infectious disease,EFO:0007377
mucinous cystadenocarcinoma,mucinous cystadenocarcinoma,EFO:0007378
mucinous cystadenocarcinoma,mucinous cystadenocarcinoma,EFO:0007378
mucinous cystadenocarcinoma,mucinous cystadenocarcinoma,EFO:0007378
Mucinous Cystadenocarcinoma,mucinous cystadenocarcinoma,EFO:0007378
mucocutaneous leishmaniasis,mucocutaneous Leishmaniasis,EFO:0007379
mucocutaneous leishmaniasis,mucocutaneous Leishmaniasis,EFO:0007379
American Cutaneous Leishmaniasis,mucocutaneous Leishmaniasis,EFO:0007379
mucormycosis,mucormycosis,EFO:0007380
Zygomycosis,mucormycosis,EFO:0007380
Zygomycosis,mucormycosis,EFO:0007380
multidrug-resistant tuberculosis,multidrug-resistant tuberculosis,EFO:0007381
multidrug-resistant tuberculosis,multidrug-resistant tuberculosis,EFO:0007381
Multidrug-Resistant Tuberculosis,multidrug-resistant tuberculosis,EFO:0007381
multiple chemical sensitivity,multiple chemical sensitivity,EFO:0007382
mumps,Mumps virus infectious disease,EFO:0007383
obsolete Mumps virus infectious disease,Mumps virus infectious disease,EFO:0007383
mumps infectious disease,Mumps virus infectious disease,EFO:0007383
Mumps,Mumps virus infectious disease,EFO:0007383
muscle cancer,muscle cancer,EFO:0007384
muscle cancer,muscle cancer,EFO:0007384
muscle cancer,muscle cancer,EFO:0007384
Malignant Muscle Neoplasm,muscle cancer,EFO:0007384
mushroom workers' lung,mushroom workers' lung,EFO:0007385
mushroom workers' lung,mushroom workers' lung,EFO:0007385
Mycobacterium avium complex disease,Mycobacterium avium complex disease,EFO:0007386
mycobacterium avium complex disease,Mycobacterium avium complex disease,EFO:0007386
Mycobacterium Avium Infection,Mycobacterium avium complex disease,EFO:0007386
Mycoplasma pneumoniae pneumonia,Mycoplasma pneumoniae pneumonia,EFO:0007387
Mycoplasma pneumoniae pneumonia,Mycoplasma pneumoniae pneumonia,EFO:0007387
Mycoplasmal Pneumonia,Mycoplasma pneumoniae pneumonia,EFO:0007387
myelophthisic anemia,myelophthisic anemia,EFO:0007388
myelophthisic anemia,myelophthisic anemia,EFO:0007388
Leukoerythroblastic Reaction,myelophthisic anemia,EFO:0007388
myiasis,myiasis,EFO:0007389
myiasis,myiasis,EFO:0007389
Myiasis,myiasis,EFO:0007389
necatoriasis,necatoriasis,EFO:0007390
necatoriasis,necatoriasis,EFO:0007390
Necatoriasis,necatoriasis,EFO:0007390
obsolete Nematoda infectious disease,Nematoda infectious disease,EFO:0007391
Nematoda infectious disease,Nematoda infectious disease,EFO:0007391
nervous system cancer,nervous system cancer,EFO:0007392
nervous system cancer,nervous system cancer,EFO:0007392
nervous system cancer,nervous system cancer,EFO:0007392
Malignant Nervous System Neoplasm,nervous system cancer,EFO:0007392
neuroaspergillosis,neuroaspergillosis,EFO:0007393
neuroaspergillosis,neuroaspergillosis,EFO:0007393
neuroschistosomiasis,neuroschistosomiasis,EFO:0007394
neuroschistosomiasis,neuroschistosomiasis,EFO:0007394
Newcastle disease,Newcastle disease,EFO:0007395
Newcastle disease,Newcastle disease,EFO:0007395
Newcastle Disease,Newcastle disease,EFO:0007395
obsolete Nidovirales infectious disease,Nidovirales infectious disease,EFO:0007396
Nidovirales infectious disease,Nidovirales infectious disease,EFO:0007396
nocardiosis,nocardiosis,EFO:0007397
nocardiosis,nocardiosis,EFO:0007397
Nocardiosis,nocardiosis,EFO:0007397
obsolete ocular onchocerciasis,ocular onchocerciasis,EFO:0007398
ocular onchocerciasis,ocular onchocerciasis,EFO:0007398
Ocular Onchocerciasis,ocular onchocerciasis,EFO:0007398
obsolete ocular toxoplasmosis,ocular toxoplasmosis,EFO:0007399
ocular toxoplasmosis,ocular toxoplasmosis,EFO:0007399
oesophagostomiasis,oesophagostomiasis,EFO:0007400
oesophagostomiasis,oesophagostomiasis,EFO:0007400
oligohydramnios,oligohydramnios,EFO:0007401
Oligoamnios,oligohydramnios,EFO:0007401
oligohydramnios,oligohydramnios,EFO:0007401
onchocerciasis,onchocerciasis,EFO:0007402
onchocerciasis,onchocerciasis,EFO:0007402
Onchocerciasis,onchocerciasis,EFO:0007402
obsolete ophthalmic herpes zoster,ophthalmic herpes zoster,EFO:0007403
ophthalmic herpes zoster,ophthalmic herpes zoster,EFO:0007403
opisthorchiasis,opisthorchiasis,EFO:0007404
opisthorchiasis,opisthorchiasis,EFO:0007404
optic neuritis,optic neuritis,EFO:0007405
optic neuritis,optic neuritis,EFO:0007405
Optic Neuritis,optic neuritis,EFO:0007405
oral candidiasis,oral candidiasis,EFO:0007406
oral candidiasis,oral candidiasis,EFO:0007406
Oral Candidiasis,oral candidiasis,EFO:0007406
oral tuberculosis,oral tuberculosis,EFO:0007407
oral tuberculosis,oral tuberculosis,EFO:0007407
orbital cancer,orbital cancer,EFO:0007408
orbital cancer,orbital cancer,EFO:0007408
Orbit Neoplasm,orbital cancer,EFO:0007408
Malignant Orbit Neoplasm,orbital cancer,EFO:0007408
ornithine carbamoyltransferase deficiency,Ornithine transcarbamylase deficiency,EFO:0007409
ornithine carbamoyltransferase deficiency,Ornithine transcarbamylase deficiency,EFO:0007409
Ornithine Carbamoyltransferase Deficiency Disease,Ornithine transcarbamylase deficiency,EFO:0007409
ornithosis,ornithosis,EFO:0007410
ornithosis,ornithosis,EFO:0007410
Ornithosis,ornithosis,EFO:0007410
obsolete Orthomyxoviridae infectious disease,Orthomyxoviridae infectious disease,EFO:0007411
ossifying fibroma,ossifying fibroma,EFO:0007412
osteitis fibrosa,osteitis fibrosa,EFO:0007413
osteitis fibrosa,osteitis fibrosa,EFO:0007413
Osteitis Fibrosa Cystica,osteitis fibrosa,EFO:0007413
ostertagiasis,ostertagiasis,EFO:0007414
ostertagiasis,ostertagiasis,EFO:0007414
obsolete otitis media with effusion,otitis media with effusion,EFO:0007415
otitis media with effusion,otitis media with effusion,EFO:0007415
Secretory Otitis Media,otitis media with effusion,EFO:0007415
pancreatic endocrine carcinoma,pancreatic endocrine carcinoma,EFO:0007416
pancreatic endocrine carcinoma,pancreatic endocrine carcinoma,EFO:0007416
pancreatic endocrine carcinoma,pancreatic endocrine carcinoma,EFO:0007416
Pancreatic Neuroendocrine Carcinoma,pancreatic endocrine carcinoma,EFO:0007416
paracoccidioidomycosis,paracoccidioidomycosis,EFO:0007417
paracoccidioidomycosis,paracoccidioidomycosis,EFO:0007417
Paracoccidioidomycosis,paracoccidioidomycosis,EFO:0007417
paragonimiasis,paragonimiasis,EFO:0007418
paragonimiasis,paragonimiasis,EFO:0007418
Paragonimiasis,paragonimiasis,EFO:0007418
obsolete Paramyxoviridae infectious disease,Paramyxoviridae infectious disease,EFO:0007419
Paramyxoviridae infectious disease,Paramyxoviridae infectious disease,EFO:0007419
paratyphoid fever,paratyphoid fever,EFO:0007420
paratyphoid fever,paratyphoid fever,EFO:0007420
Paratyphoid Fever,paratyphoid fever,EFO:0007420
paronychia,paronychia,EFO:0007421
Paroniquia,paronychia,EFO:0007421
paronychia,paronychia,EFO:0007421
Paronychia,paronychia,EFO:0007421
parotid disease,parotid disease,EFO:0007422
parotid disorder,parotid disease,EFO:0007422
parotitis,parotitis,EFO:0007423
parotitis,parotitis,EFO:0007423
Parotitis,parotitis,EFO:0007423
pasteurellosis,pasteurellosis,EFO:0007424
pasteurellosis,pasteurellosis,EFO:0007424
peanut allergy,peanut allergic reaction,EFO:0007425
pericardial tuberculosis,pericardial tuberculosis,EFO:0007426
pericardial tuberculosis,pericardial tuberculosis,EFO:0007426
pericarditis,pericarditis,EFO:0007427
Pericarditis,pericarditis,EFO:0007427
pericarditis,pericarditis,EFO:0007427
Pericarditis,pericarditis,EFO:0007427
periodic limb movement disorder,periodic limb movement disorder,EFO:0007428
periodic limb movement disorder,periodic limb movement disorder,EFO:0007428
obsolete peritonsillar abscess,peritonsillar abscess,EFO:0007429
peritonsillar abscess,peritonsillar abscess,EFO:0007429
Peritonsillar Abscess,peritonsillar abscess,EFO:0007429
persian gulf syndrome,persian gulf syndrome,EFO:0007430
persian gulf syndrome,persian gulf syndrome,EFO:0007430
obsolete peste des petits ruminants infectious disease,peste des petits ruminants infectious disease,EFO:0007431
obsolete Pestivirus infectious disease,Pestivirus infectious disease,EFO:0007432
pestivirus infectious disease,Pestivirus infectious disease,EFO:0007432
phagocyte bactericidal dysfunction,phagocyte bactericidal dysfunction,EFO:0007433
phagocyte bactericidal dysfunction,phagocyte bactericidal dysfunction,EFO:0007433
pharyngoconjunctival fever,pharyngoconjunctival fever,EFO:0007434
pharyngoconjunctival fever,pharyngoconjunctival fever,EFO:0007434
Pharyngoconjunctival Fever,pharyngoconjunctival fever,EFO:0007434
phencyclidine abuse,phencyclidine abuse,EFO:0007436
phencyclidine abuse,phencyclidine abuse,EFO:0007436
Phlebotomus fever,Phlebotomus fever,EFO:0007437
phlebotomus fever,Phlebotomus fever,EFO:0007437
obsolete Picornaviridae infectious disease,Picornaviridae infectious disease,EFO:0007438
Picornaviridae infectious disease,Picornaviridae infectious disease,EFO:0007438
pityriasis versicolor,pityriasis versicolor,EFO:0007439
pityriasis versicolor,pityriasis versicolor,EFO:0007439
Malassezia furfur Infection,pityriasis versicolor,EFO:0007439
placenta accreta,placenta accreta,EFO:0007440
placenta accreta,placenta accreta,EFO:0007440
Placenta Accreta,placenta accreta,EFO:0007440
placenta disease,placenta disease,EFO:0007441
placenta disorder,placenta disease,EFO:0007441
Placenta Disorder,placenta disease,EFO:0007441
placenta praevia,placenta praevia,EFO:0007442
placenta praevia,placenta praevia,EFO:0007442
Placenta Previa,placenta praevia,EFO:0007442
placental insufficiency,placental insufficiency,EFO:0007443
placental insufficiency,placental insufficiency,EFO:0007443
Plasmodium falciparum malaria,Plasmodium falciparum malaria,EFO:0007444
Plasmodium falciparum malaria,Plasmodium falciparum malaria,EFO:0007444
Falciparum Malaria,Plasmodium falciparum malaria,EFO:0007444
Plasmodium vivax malaria,Plasmodium vivax malaria,EFO:0007445
Plasmodium vivax malaria,Plasmodium vivax malaria,EFO:0007445
Vivax Malaria,Plasmodium vivax malaria,EFO:0007445
pleural tuberculosis,pleural tuberculosis,EFO:0007446
pleural tuberculosis,pleural tuberculosis,EFO:0007446
Tuberculous Pleuritis,pleural tuberculosis,EFO:0007446
obsolete Pneumocystis infectious disease,Pneumocystis infectious disease,EFO:0007447
Pneumocystis infectious disease,Pneumocystis infectious disease,EFO:0007447
pneumocystosis,pneumocystosis,EFO:0007448
pneumocystosis,pneumocystosis,EFO:0007448
Pneumocystis Pneumonia,pneumocystosis,EFO:0007448
obsolete pneumonic pasteurellosis,pneumonic pasteurellosis,EFO:0007449
pneumonic pasteurellosis,pneumonic pasteurellosis,EFO:0007449
poliomyelitis,poliomyelitis,EFO:0007450
poliomyelitis,poliomyelitis,EFO:0007450
Acute Poliomyelitis,poliomyelitis,EFO:0007450
obsolete Polyomavirus infectious disease,Polyomavirus infectious disease,EFO:0007451
polyomavirus infectious disease,Polyomavirus infectious disease,EFO:0007451
post-thrombotic syndrome,post-thrombotic syndrome,EFO:0007452
post-thrombotic syndrome,post-thrombotic syndrome,EFO:0007452
postpartum depression,postpartum depression,EFO:0007453
postpartum depression,postpartum depression,EFO:0007453
Postpartum Depression,postpartum depression,EFO:0007453
postpoliomyelitis syndrome,postpoliomyelitis syndrome,EFO:0007454
postpoliomyelitis syndrome,postpoliomyelitis syndrome,EFO:0007454
progressive multifocal leukoencephalopathy,progressive multifocal leukoencephalopathy,EFO:0007455
progressive multifocal leukoencephalopathy,progressive multifocal leukoencephalopathy,EFO:0007455
Progressive Multifocal Leukoencephalopathy,progressive multifocal leukoencephalopathy,EFO:0007455
pseudomyxoma peritonei,pseudomyxoma peritonei,EFO:0007456
obsolete pseudorabies,pseudorabies,EFO:0007457
pseudorabies,pseudorabies,EFO:0007457
pulmonary blastoma,pulmonary blastoma,EFO:0007458
pulmonary blastoma,pulmonary blastoma,EFO:0007458
pulmonary blastoma,pulmonary blastoma,EFO:0007458
Pulmonary Blastoma,pulmonary blastoma,EFO:0007458
pyruvate decarboxylase deficiency,pyruvate decarboxylase deficiency,EFO:0007459
reactive arthritis,reactive arthritis,EFO:0007460
reactive arthritis,reactive arthritis,EFO:0007460
Reactive Arthritis,reactive arthritis,EFO:0007460
obsolete atypical Mycobacterium infectious disease,recurrent pneumonia,EFO:0007461
Neumonía recurrente,recurrent pneumonia,EFO:0007461
recurrent pneumonia,recurrent pneumonia,EFO:0007461
REM sleep behavior disorder,REM sleep behavior disorder,EFO:0007462
REM sleep behavior disorder,REM sleep behavior disorder,EFO:0007462
renal tuberculosis,renal tuberculosis,EFO:0007463
renal tuberculosis,renal tuberculosis,EFO:0007463
Renal Tuberculosis,renal tuberculosis,EFO:0007463
obsolete Reoviridae infectious disease,Reoviridae infectious disease,EFO:0007464
Reoviridae infectious disease,Reoviridae infectious disease,EFO:0007464
obsolete Respirovirus infectious disease,Respirovirus infectious disease,EFO:0007465
respirovirus infectious disease,Respirovirus infectious disease,EFO:0007465
retroperitoneal cancer,retroperitoneal cancer,EFO:0007466
retroperitoneal cancer,retroperitoneal cancer,EFO:0007466
retroperitoneal cancer,retroperitoneal cancer,EFO:0007466
Retroperitoneal Neoplasm,retroperitoneal cancer,EFO:0007466
Malignant Retroperitoneal Neoplasm,retroperitoneal cancer,EFO:0007466
Reye syndrome,Reye syndrome,EFO:0007467
Reye syndrome,Reye syndrome,EFO:0007467
Reye Syndrome,Reye syndrome,EFO:0007467
obsolete Rhabditida infectious disease,Rhabditida infectious disease,EFO:0007468
Rhabditida infectious disease,Rhabditida infectious disease,EFO:0007468
obsolete Rhabdoviridae infectious disease,Rhabdoviridae infectious disease,EFO:0007469
Rhabdoviridae infectious disease,Rhabdoviridae infectious disease,EFO:0007469
rhinoscleroma,rhinoscleroma,EFO:0007470
rhinoscleroma,rhinoscleroma,EFO:0007470
rhinosporidiosis,rhinosporidiosis,EFO:0007471
rhinosporidiosis,rhinosporidiosis,EFO:0007471
obsolete rickettsial pneumonia,rickettsial pneumonia,EFO:0007472
rickettsial pneumonia,rickettsial pneumonia,EFO:0007472
Ritter's disease,Ritter's disease,EFO:0007473
staphylococcal scalded skin syndrome,Ritter's disease,EFO:0007473
Staphylococcal Scalded Skin Syndrome,Ritter's disease,EFO:0007473
obsolete Roseolovirus infectious disease,Roseolovirus infectious disease,EFO:0007474
roseolovirus infectious disease,Roseolovirus infectious disease,EFO:0007474
obsolete Salmonella gastroenteritis,Salmonella gastroenteritis,EFO:0007475
Salmonella gastroenteritis,Salmonella gastroenteritis,EFO:0007475
sarcocystosis,sarcocystosis,EFO:0007476
sarcocystosis,sarcocystosis,EFO:0007476
scarlet fever,scarlet fever,EFO:0007477
scarlet fever,scarlet fever,EFO:0007477
Scarlet Fever,scarlet fever,EFO:0007477
scirrhous adenocarcinoma,scirrhous adenocarcinoma,EFO:0007478
scirrhous adenocarcinoma,scirrhous adenocarcinoma,EFO:0007478
scirrhous adenocarcinoma,scirrhous adenocarcinoma,EFO:0007478
Scirrhous Adenocarcinoma,scirrhous adenocarcinoma,EFO:0007478
screw worm infectious disease,screw worm infectious disease,EFO:0007479
screw worm infectious disease,screw worm infectious disease,EFO:0007479
scrub typhus,scrub typhus,EFO:0007480
scrub typhus,scrub typhus,EFO:0007480
septicemic plague,septicemic plague,EFO:0007481
septicemic plague,septicemic plague,EFO:0007481
setariasis,setariasis,EFO:0007482
setariasis,setariasis,EFO:0007482
sick building syndrome,sick building syndrome,EFO:0007484
sick building syndrome,sick building syndrome,EFO:0007484
silicosis,silicosis,EFO:0007485
silicosis,silicosis,EFO:0007485
Silicosis,silicosis,EFO:0007485
sinusitis,sinusitis,EFO:0007486
sinusitis,sinusitis,EFO:0007486
Sinusitis,sinusitis,EFO:0007486
skeletal tuberculosis,skeletal tuberculosis,EFO:0007487
skeletal tuberculosis,skeletal tuberculosis,EFO:0007487
sparganosis,sparganosis,EFO:0007488
sparganosis,sparganosis,EFO:0007488
Sparganosis,sparganosis,EFO:0007488
sphenoid sinusitis,sphenoid sinusitis,EFO:0007489
sphenoid sinusitis,sphenoid sinusitis,EFO:0007489
Sphenoidal Sinusitis,sphenoid sinusitis,EFO:0007489
spinal stenosis,spinal stenosis,EFO:0007490
Estenosis del canal espinal,spinal stenosis,EFO:0007490
spinal stenosis,spinal stenosis,EFO:0007490
Spinal Stenosis,spinal stenosis,EFO:0007490
spleen cancer,spleen cancer,EFO:0007491
spleen cancer,spleen cancer,EFO:0007491
spleen cancer,spleen cancer,EFO:0007491
Splenic Neoplasm,spleen cancer,EFO:0007491
Malignant Splenic Neoplasm,spleen cancer,EFO:0007491
splenic tuberculosis,splenic tuberculosis,EFO:0007492
splenic tuberculosis,splenic tuberculosis,EFO:0007492
spondylolisthesis,spondylolisthesis,EFO:0007493
Espondilolistesis,spondylolisthesis,EFO:0007493
spondylolisthesis,spondylolisthesis,EFO:0007493
Spondylolisthesis,spondylolisthesis,EFO:0007493
sporotrichosis,sporotrichosis,EFO:0007494
sporotrichosis,sporotrichosis,EFO:0007494
St. Louis encephalitis,St. Louis encephalitis,EFO:0007495
st. Louis encephalitis,St. Louis encephalitis,EFO:0007495
obsolete staphylococcal pneumonia,staphylococcal pneumonia,EFO:0007496
staphylococcal pneumonia,staphylococcal pneumonia,EFO:0007496
staphyloenterotoxemia,staphyloenterotoxemia,EFO:0007497
staphyloenterotoxemia,staphyloenterotoxemia,EFO:0007497
Staphylococcal Food Poisoning,staphyloenterotoxemia,EFO:0007497
Stiff-Person syndrome,Stiff-Person syndrome,EFO:0007498
stiff-person syndrome,Stiff-Person syndrome,EFO:0007498
Stiff Person Syndrome,Stiff-Person syndrome,EFO:0007498
Streptococcus pneumonia,streptococcal pneumonia,EFO:0007499
obsolete streptococcal pneumonia,streptococcal pneumonia,EFO:0007499
streptococcal pneumonia,streptococcal pneumonia,EFO:0007499
obsolete Strongylida infectious disease,Strongylida infectious disease,EFO:0007500
Strongylida infectious disease,Strongylida infectious disease,EFO:0007500
strongyloidiasis,strongyloidiasis,EFO:0007501
strongyloidiasis,strongyloidiasis,EFO:0007501
Strongyloidiasis,strongyloidiasis,EFO:0007501
subacute sclerosing panencephalitis,subacute sclerosing panencephalitis,EFO:0007502
subacute sclerosing panencephalitis,subacute sclerosing panencephalitis,EFO:0007502
Subacute Sclerosing Panencephalitis,subacute sclerosing panencephalitis,EFO:0007502
suppurative otitis media,suppurative otitis media,EFO:0007503
suppurative otitis media,suppurative otitis media,EFO:0007503
syphilis,syphilis,EFO:0007504
syphilis,syphilis,EFO:0007504
Syphilis,syphilis,EFO:0007504
tabes dorsalis,tabes dorsalis,EFO:0007505
tabes dorsalis,tabes dorsalis,EFO:0007505
Tabes Dorsalis,tabes dorsalis,EFO:0007505
theileriasis,theileriasis,EFO:0007506
theileriasis,theileriasis,EFO:0007506
thoracic outlet syndrome,thoracic outlet syndrome,EFO:0007507
thoracic outlet syndrome,thoracic outlet syndrome,EFO:0007507
Thoracic Outlet Syndrome,thoracic outlet syndrome,EFO:0007507
tick infestation,tick infestation,EFO:0007508
tick infestation,tick infestation,EFO:0007508
tick paralysis,tick paralysis,EFO:0007509
tick paralysis,tick paralysis,EFO:0007509
obsolete tinea,tinea,EFO:0007510
tinea infection,tinea,EFO:0007510
Tinea Infection,tinea,EFO:0007510
tinea favosa,tinea favosa,EFO:0007511
tinea favosa,tinea favosa,EFO:0007511
Favus,tinea favosa,EFO:0007511
tinea pedis,tinea pedis,EFO:0007512
tinea pedis,tinea pedis,EFO:0007512
obsolete Togaviridae infectious disease,Togaviridae infectious disease,EFO:0007513
Togaviridae infectious disease,Togaviridae infectious disease,EFO:0007513
obsolete Torovirus infectious disease,Torovirus infectious disease,EFO:0007514
torovirus infectious disease,Torovirus infectious disease,EFO:0007514
toxascariasis,toxascariasis,EFO:0007515
toxascariasis,toxascariasis,EFO:0007515
toxocariasis,toxocariasis,EFO:0007516
toxocariasis,toxocariasis,EFO:0007516
Visceral Larva Migrans,toxocariasis,EFO:0007516
Toxocariasis,toxocariasis,EFO:0007516
toxoplasmosis,toxoplasmosis,EFO:0007517
toxoplasmosis,toxoplasmosis,EFO:0007517
Toxoplasmosis,toxoplasmosis,EFO:0007517
tracheitis,tracheitis,EFO:0007518
tracheitis,tracheitis,EFO:0007518
Tracheitis,tracheitis,EFO:0007518
trench fever,trench fever,EFO:0007519
trench fever,trench fever,EFO:0007519
trichinosis,trichinosis,EFO:0007520
Trichomonas vaginalis trichomoniasis,Trichomonas vaginitis,EFO:0007521
obsolete Trichomonas vaginitis,Trichomonas vaginitis,EFO:0007521
Trichomonas vaginitis urogenital infection,Trichomonas vaginitis,EFO:0007521
Trichomonas Vaginitis,Trichomonas vaginitis,EFO:0007521
trichostrongyloidiasis,trichostrongyloidiasis,EFO:0007522
trichostrongyloidiasis,trichostrongyloidiasis,EFO:0007522
trichostrongylosis,trichostrongylosis,EFO:0007523
trichostrongylosis,trichostrongylosis,EFO:0007523
trichuriasis,trichuriasis,EFO:0007524
trichuriasis,trichuriasis,EFO:0007524
Trichuriasis,trichuriasis,EFO:0007524
tricuspid valve stenosis,tricuspid valve stenosis,EFO:0007525
Estenosis tricúspide,tricuspid valve stenosis,EFO:0007525
tricuspid valve stenosis,tricuspid valve stenosis,EFO:0007525
Tricuspid Valve Stenosis,tricuspid valve stenosis,EFO:0007525
trombiculiasis,trombiculiasis,EFO:0007526
trombiculiasis,trombiculiasis,EFO:0007526
tropical spastic paraparesis,tropical spastic paraparesis,EFO:0007527
tropical spastic paraparesis,tropical spastic paraparesis,EFO:0007527
tuberculous empyema,tuberculous empyema,EFO:0007528
tuberculous empyema,tuberculous empyema,EFO:0007528
Tuberculous Empyema,tuberculous empyema,EFO:0007528
tuberculous peritonitis,tuberculous peritonitis,EFO:0007529
tuberculous peritonitis,tuberculous peritonitis,EFO:0007529
urinary schistosomiasis,urinary schistosomiasis,EFO:0007530
urinary schistosomiasis,urinary schistosomiasis,EFO:0007530
Schistosoma Hematobium Infection,urinary schistosomiasis,EFO:0007530
urogenital tuberculosis,urogenital tuberculosis,EFO:0007531
urogenital tuberculosis,urogenital tuberculosis,EFO:0007531
uterine corpus cancer,uterine corpus cancer,EFO:0007532
uterine corpus cancer,uterine corpus cancer,EFO:0007532
uterine corpus cancer,uterine corpus cancer,EFO:0007532
Uterine Corpus Cancer,uterine corpus cancer,EFO:0007532
vasomotor rhinitis,vasomotor rhinitis,EFO:0007533
vasomotor rhinitis,vasomotor rhinitis,EFO:0007533
Vasomotor Rhinitis,vasomotor rhinitis,EFO:0007533
Venezuelan equine encephalitis,Venezuelan equine encephalitis,EFO:0007534
Venezuelan equine encephalitis,Venezuelan equine encephalitis,EFO:0007534
Venezuelan Equine Fever,Venezuelan equine encephalitis,EFO:0007534
verrucous carcinoma,verrucous carcinoma,EFO:0007535
verrucous carcinoma,verrucous carcinoma,EFO:0007535
verrucous carcinoma,verrucous carcinoma,EFO:0007535
Verrucous Carcinoma,verrucous carcinoma,EFO:0007535
vesicoureteral reflux,vesicoureteral reflux,EFO:0007536
Reflujo vesicoureteral,vesicoureteral reflux,EFO:0007536
vesicoureteral reflux,vesicoureteral reflux,EFO:0007536
vestibular neuronitis,vestibular neuronitis,EFO:0007537
vestibular neuronitis,vestibular neuronitis,EFO:0007537
viral encephalitis,viral encephalitis,EFO:0007538
viral encephalitis,viral encephalitis,EFO:0007538
Viral Encephalitis,viral encephalitis,EFO:0007538
obsolete viral hemorrhagic septicemia,viral hemorrhagic septicemia,EFO:0007539
salmonid viral hemorrhagic septicemia,viral hemorrhagic septicemia,EFO:0007539
viral hepatitis,animal viral hepatitis,EFO:0007540
viral pneumonia,viral pneumonia,EFO:0007541
viral pneumonia,viral pneumonia,EFO:0007541
obsolete visna,visna,EFO:0007542
vulvovaginal candidiasis,vulvovaginal candidiasis,EFO:0007543
vulvovaginal candidiasis,vulvovaginal candidiasis,EFO:0007543
Vulvovaginal Candidiasis,vulvovaginal candidiasis,EFO:0007543
Waterhouse-Friderichsen syndrome,Waterhouse-Friderichsen syndrome,EFO:0007544
Waterhouse-Friderichsen syndrome,Waterhouse-Friderichsen syndrome,EFO:0007544
Waterhouse-Friderichsen Syndrome,Waterhouse-Friderichsen syndrome,EFO:0007544
West Nile encephalitis,West Nile encephalitis,EFO:0007545
West-Nile encephalitis,West Nile encephalitis,EFO:0007545
Western equine encephalitis,Western equine encephalitis,EFO:0007546
western equine encephalitis,Western equine encephalitis,EFO:0007546
Western Equine Encephalomyelitis,Western equine encephalitis,EFO:0007546
Wissler-Fanconi syndrome,Wissler's syndrome,EFO:0007547
Wissler syndrome,Wissler's syndrome,EFO:0007547
yaws,yaws,EFO:0007548
yaws,yaws,EFO:0007548
Yaws,yaws,EFO:0007548
Zollinger-Ellison syndrome,Zollinger-Ellison Syndrome,EFO:0007549
Zollinger-Ellison Syndrome,Zollinger-Ellison Syndrome,EFO:0007549
Syndrome de Zollinger-Ellison,Zollinger-Ellison Syndrome,EFO:0007549
Zollinger-Ellison syndrome,Zollinger-Ellison Syndrome,EFO:0007549
Zollinger Ellison Syndrome,Zollinger-Ellison Syndrome,EFO:0007549
screening library,screening library,EFO:0007559
compound library,compound library,EFO:0007569
etiolated plant tissue,etiolation,EFO:0007589
SU-DHL-2 cell,SU-DHL-2,EFO:0007611
larva Ce,Caenorhabditis elegans larval stage,EFO:0007694
larva,Danio rerio larval stage,EFO:0007695
Larval:Protruding-mouth,larval protruding mouth,EFO:0007696
Platyhelminthes life stage,Platyhelminthes life stage,EFO:0007711
cercarium,cercarium,EFO:0007712
3 hr schistosomulum,3 hr schistosomulum,EFO:0007713
24 hr schistosomulum,24 hr schistosomulum,EFO:0007714
Platyhelminthes adult,Platyhelminthes adult,EFO:0007715
embryonic stage,embryo stage,EFO:0007725
embryonic stage,embryo stage,EFO:0007725
embryo stage,embryo stage,EFO:0007725
embryo Ce,embryo stage,EFO:0007725
Brugia embryo,embryo stage,EFO:0007725
nematode embryo,embryo stage,EFO:0007725
embryonic stage,embryo stage,EFO:0007725
S wave amplitude,S wave amplitude,EFO:0007740
R wave amplitude,R wave amplitude,EFO:0007741
QRS amplitude,QRS amplitude,EFO:0007742
VCaP cell,VCaP,EFO:0007752
VCaP cell,VCaP,EFO:0007752
creatinine clearance,creatinine clearance measurement,EFO:0007934
platelet distribution width,platelet component distribution width,EFO:0007984
plateletcrit,platelet crit,EFO:0007985
blood granulocyte count,granulocyte count,EFO:0007987
blood monocyte count to total leukocyte count ratio,monocyte percentage of leukocytes,EFO:0007989
blood neutrophil count to total leukocyte count ratio,neutrophil percentage of leukocytes,EFO:0007990
blood eosinophil count to total leukocyte count ratio,eosinophil percentage of leukocytes,EFO:0007991
blood basophil count to total leukocyte count ratio,basophil percentage of leukocytes,EFO:0007992
blood lymphocyte count to total leukocyte count ratio,lymphocyte percentage of leukocytes,EFO:0007993
decreased susceptibility to bacterial infection,decreased susceptibility to bacterial infection,EFO:0008322
genomic DNA,genomic DNA,EFO:0008479
cDNA,cDNA,EFO:0008481
ampulla of Vater adenocarcinoma,ampulla of Vater adenocarcinoma,EFO:0008490
ampulla of Vater adenocarcinoma,ampulla of Vater adenocarcinoma,EFO:0008490
ampulla of vater adenocarcinoma,ampulla of Vater adenocarcinoma,EFO:0008490
Ampulla of Vater Adenocarcinoma,ampulla of Vater adenocarcinoma,EFO:0008490
childhood supratentorial ependymoma,childhood supratentorial ependymoma,EFO:0008495
childhood supratentorial ependymoma,childhood supratentorial ependymoma,EFO:0008495
pediatric supratentorial ependymoma,childhood supratentorial ependymoma,EFO:0008495
"Childhood Supratentorial Ependymoma, Not Otherwise Specified",childhood supratentorial ependymoma,EFO:0008495
clear cell sarcoma,clear cell sarcoma,EFO:0008498
clear cell sarcoma,clear cell sarcoma,EFO:0008498
clear cell sarcoma,clear cell sarcoma,EFO:0008498
Clear Cell Sarcoma of Soft Tissue,clear cell sarcoma,EFO:0008498
DNA repair disease,DNA repair deficiency,EFO:0008499
DNA Repair Disorder,DNA repair deficiency,EFO:0008499
hyperparathyroidism,hyperparathyroidism,EFO:0008506
hyperparathyroidism,hyperparathyroidism,EFO:0008506
Hyperparathyroidism,hyperparathyroidism,EFO:0008506
Familial isolated hyperparathyroidism,hyperparathyroidism,EFO:0008506
interstitial cystitis,interstitial cystitis,EFO:0008507
chronic interstitial cystitis,interstitial cystitis,EFO:0008507
chronic interstitial cystitis,interstitial cystitis,EFO:0008507
interstitial cystitis,interstitial cystitis,EFO:0008507
Interstitial Cystitis,interstitial cystitis,EFO:0008507
large cell medulloblastoma,large cell medulloblastoma,EFO:0008508
large cell medulloblastoma,large cell medulloblastoma,EFO:0008508
large cell medulloblastoma,large cell medulloblastoma,EFO:0008508
Large Cell Medulloblastoma,large cell medulloblastoma,EFO:0008508
breast lobular carcinoma,lobular breast carcinoma,EFO:0008509
lobular breast carcinoma,lobular breast carcinoma,EFO:0008509
breast lobular carcinoma,lobular breast carcinoma,EFO:0008509
Breast Lobular Carcinoma,lobular breast carcinoma,EFO:0008509
Lyme disease,Lyme disease,EFO:0008510
Lyme disease,Lyme disease,EFO:0008510
Borrelia Burgdorferi Infection,Lyme disease,EFO:0008510
micropapillary variant infiltrating bladder urothelial carcinoma,micropapillary urothelial carcinoma,EFO:0008512
micropapillary urothelial carcinoma,micropapillary urothelial carcinoma,EFO:0008512
Invasive Bladder Micropapillary Urothelial Carcinoma,micropapillary urothelial carcinoma,EFO:0008512
neurofibromatosis,neurofibromatosis,EFO:0008514
neurofibromatosis,neurofibromatosis,EFO:0008514
Neurofibromatosis,neurofibromatosis,EFO:0008514
nodular malignant melanoma,nodular melanoma,EFO:0008515
nodular melanoma,nodular melanoma,EFO:0008515
nodular malignant melanoma,nodular melanoma,EFO:0008515
Cutaneous Nodular Melanoma,nodular melanoma,EFO:0008515
functionless pituitary adenoma,non-functioning pituitary adenoma,EFO:0008516
non-functioning pituitary adenoma,non-functioning pituitary adenoma,EFO:0008516
non-functioning pituitary adenoma,non-functioning pituitary adenoma,EFO:0008516
Non-Functioning Pituitary Neuroendocrine Tumor,non-functioning pituitary adenoma,EFO:0008516
polymyalgia rheumatica,polymyalgia rheumatica,EFO:0008518
polymyalgia rheumatica,polymyalgia rheumatica,EFO:0008518
Polymyalgia Rheumatica,polymyalgia rheumatica,EFO:0008518
primary hyperparathyroidism,primary hyperparathyroidism,EFO:0008519
Hiperparatiroidismo primario,primary hyperparathyroidism,EFO:0008519
primary hyperparathyroidism,primary hyperparathyroidism,EFO:0008519
Primary Hyperparathyroidism,primary hyperparathyroidism,EFO:0008519
OBSOLETE: Primary parathyroid hyperplasia,primary hyperparathyroidism,EFO:0008519
primary progressive multiple sclerosis,primary progressive multiple sclerosis,EFO:0008520
primary progressive multiple sclerosis,primary progressive multiple sclerosis,EFO:0008520
rhinitis,rhinitis,EFO:0008521
rhinitis,rhinitis,EFO:0008521
Rhinitis,rhinitis,EFO:0008521
secondary progressive multiple sclerosis,secondary progressive multiple sclerosis,EFO:0008522
secondary progressive multiple sclerosis,secondary progressive multiple sclerosis,EFO:0008522
small cell carcinoma,small cell carcinoma,EFO:0008524
small cell carcinoma,small cell carcinoma,EFO:0008524
small cell carcinoma,small cell carcinoma,EFO:0008524
Small Cell Neuroendocrine Carcinoma,small cell carcinoma,EFO:0008524
Small Cell Intermediate Cell Carcinoma,small cell carcinoma,EFO:0008524
spinal muscular atrophy,spinal muscular atrophy,EFO:0008525
spinal muscular atrophy,spinal muscular atrophy,EFO:0008525
Spinal Muscular Atrophy,spinal muscular atrophy,EFO:0008525
status epilepticus,status epilepticus,EFO:0008526
status epilepticus,status epilepticus,EFO:0008526
Status Epilepticus,status epilepticus,EFO:0008526
urothelial carcinoma,urothelial carcinoma,EFO:0008528
urothelial carcinoma,urothelial carcinoma,EFO:0008528
Urothelial Carcinoma,urothelial carcinoma,EFO:0008528
obsolete dyspepsia,dyspepsia,EFO:0008533
dyspepsia,dyspepsia,EFO:0008533
Dyspepsia,dyspepsia,EFO:0008533
breast malignant phyllodes tumor,Malignant Breast Phyllodes Tumor,EFO:0008545
Malignant Breast Phyllodes Tumor,Malignant Breast Phyllodes Tumor,EFO:0008545
malignant breast phyllodes tumor,Malignant Breast Phyllodes Tumor,EFO:0008545
Malignant Breast Phyllodes Tumor,Malignant Breast Phyllodes Tumor,EFO:0008545
poisoning,poisoning,EFO:0008546
digestive system neoplasm,digestive system neoplasm,EFO:0008549
digestive system neoplasm,digestive system neoplasm,EFO:0008549
Digestive System Neoplasm,digestive system neoplasm,EFO:0008549
hepatobiliary system cancer,Hepatobiliary Neoplasm,EFO:0008550
hepatobiliary benign neoplasm,Hepatobiliary Neoplasm,EFO:0008550
Hepatobiliary Neoplasm,Hepatobiliary Neoplasm,EFO:0008550
hepatobiliary neoplasm,Hepatobiliary Neoplasm,EFO:0008550
Hepatobiliary Neoplasm,Hepatobiliary Neoplasm,EFO:0008550
methicillin-resistant staphylococcus aureus infectious disease,Methicillin-Resistant Staphylococcus Aureus Infection,EFO:0008555
Chagas disease,American trypanosomiasis,EFO:0008559
Female infertility,female infertility,EFO:0008560
female infertility,female infertility,EFO:0008560
female infertility,female infertility,EFO:0008560
diaphragmatic hernia,diaphragmatic hernia,EFO:0008561
sleep disorder,Sleep Disorder,EFO:0008568
Sleep Disorder,Sleep Disorder,EFO:0008568
viral conjunctivitis,viral conjunctivitis,EFO:0008571
Viral Conjunctivitis,viral conjunctivitis,EFO:0008571
Desnutrición,malnutrition,EFO:0008572
alcoholic liver diseases,alcoholic liver disease,EFO:0008573
Alcoholic Liver Disease,alcoholic liver disease,EFO:0008573
Gangreen,gangrene,EFO:0008574
salivary gland disease,salivary gland disease,EFO:0008581
salivary gland disorder,salivary gland disease,EFO:0008581
Salivary Gland Disorder,salivary gland disease,EFO:0008581
acute myocardial infarction,acute myocardial infarction,EFO:0008583
acute myocardial infarction,acute myocardial infarction,EFO:0008583
Acute Myocardial Infarction,acute myocardial infarction,EFO:0008583
gender incongruence,gender identity disorder,EFO:0008587
peritonitis,peritonitis,EFO:0008588
Peritonit,peritonitis,EFO:0008588
peritonitis,peritonitis,EFO:0008588
Peritonitis,peritonitis,EFO:0008588
status asthmaticus,Status Asthmaticus,EFO:0008590
Estado asmático,Status Asthmaticus,EFO:0008590
status asthmaticus,Status Asthmaticus,EFO:0008590
Status Asthmaticus,Status Asthmaticus,EFO:0008590
anti-p200 pemphigoid,anti-p200 pemphigoid,EFO:0008597
bullous skin disease,autoimmune bullous skin disease,EFO:0008598
obsolete_bullous skin disease,autoimmune bullous skin disease,EFO:0008598
autoimmune bullous skin disease,autoimmune bullous skin disease,EFO:0008598
pemphigus foliaceus,pemphigus foliaceus,EFO:0008601
pemphigus foliaceus,pemphigus foliaceus,EFO:0008601
paraneoplastic pemphigus,paraneoplastic pemphigus,EFO:0008602
paraneoplastic pemphigus,paraneoplastic pemphigus,EFO:0008602
pemphigus erythematosus,pemphigus erythematosus,EFO:0008603
ocular cicatricial pemphigoid,ocular cicatricial pemphigoid,EFO:0008610
Ocular Cicatricial Pemphigoid,ocular cicatricial pemphigoid,EFO:0008610
pemphigus vegetans,pemphigus vegetans,EFO:0008613
cystic kidney disease,Cystic Kidney Disease,EFO:0008615
cystic kidney disease,Cystic Kidney Disease,EFO:0008615
Cystic Kidney Disease,Cystic Kidney Disease,EFO:0008615
polycystic kidney disease,Polycystic Kidney Disease,EFO:0008620
polycystic kidney disease,Polycystic Kidney Disease,EFO:0008620
Polycystic Kidney Disease,Polycystic Kidney Disease,EFO:0008620
dysthymic disorder,dysthymic disorder,EFO:0008623
dysthymic disorder,dysthymic disorder,EFO:0008623
Dysthymic Disorder,dysthymic disorder,EFO:0008623
vitreous body disorder,vitreous body disease,EFO:0008624
Vitreous Body Disorder,vitreous body disease,EFO:0008624
Glasvocht bloeding,vitreous hemorrhage,EFO:0008626
vitreous body hemorrhage,vitreous hemorrhage,EFO:0008626
Bloeding van het oog,eye hemorrhage,EFO:0008627
eye hemorrhage,eye hemorrhage,EFO:0008627
synovitis,synovitis,EFO:0008997
Sinovit,synovitis,EFO:0008997
synovitis,synovitis,EFO:0008997
Synovitis,synovitis,EFO:0008997
mast cell neoplasm,Mast Cell Neoplasm,EFO:0009000
Mast Cell Neoplasm,Mast Cell Neoplasm,EFO:0009000
mast cell neoplasm,Mast Cell Neoplasm,EFO:0009000
Mast Cell Neoplasm,Mast Cell Neoplasm,EFO:0009000
mastocytosis,Mastocytosis,EFO:0009001
mastocytosis,Mastocytosis,EFO:0009001
Mastocytosis,Mastocytosis,EFO:0009001
splenic disease,splenic disease,EFO:0009002
splenic disorder,splenic disease,EFO:0009002
Splenic Disorder,splenic disease,EFO:0009002
ovarian dysfunction,ovarian dysfunction,EFO:0009003
ovarian dysfunction,ovarian dysfunction,EFO:0009003
Ovarian Failure,ovarian dysfunction,EFO:0009003
estrogen excess,hyperestrogenism,EFO:0009004
premature menopause,premature menopause,EFO:0009005
premature menopause,premature menopause,EFO:0009005
Premature Menopause,premature menopause,EFO:0009005
pyoderma gangrenosum-acne-suppurative hidradenitis syndrome,Pyoderma gangrenosum-acne-suppurative hidradenitis syndrome,EFO:0009009
Arterit,Arteritis,EFO:0009011
arteritis,Arteritis,EFO:0009011
Arteritis,Arteritis,EFO:0009011
polyarteritis nodosa,Polyarteritis Nodosa,EFO:0009012
polyarteritis nodosa,Polyarteritis Nodosa,EFO:0009012
Polyarteritis nodosa,Polyarteritis Nodosa,EFO:0009012
"3-methylglutaconic aciduria with cataracts, neurologic involvement and neutropenia","3-methylglutaconic aciduria with cataracts, neurologic involvement, and neutropenia",EFO:0009014
camptodactyly-arthropathy-coxa vara-pericarditis syndrome,Camptodactyly-arthropathy-coxa-vara-pericarditis syndrome,EFO:0009028
camptodactyly-arthropathy-coxa vara-pericarditis syndrome,Camptodactyly-arthropathy-coxa-vara-pericarditis syndrome,EFO:0009028
central precocious puberty,Central precocious puberty,EFO:0009029
central precocious puberty,Central precocious puberty,EFO:0009029
congenital bile acid synthesis defect,Congenital bile acid synthesis defect,EFO:0009039
congenital bile acid synthesis defect,Congenital bile acid synthesis defect,EFO:0009039
ACTH-independent macronodular adrenal hyperplasia,Cushing syndrome due to macronodular adrenal hyperplasia,EFO:0009041
Cushing syndrome due to macronodular adrenal hyperplasia,Cushing syndrome due to macronodular adrenal hyperplasia,EFO:0009041
familial porphyria cutanea tarda,Familial porphyria cutanea tarda,EFO:0009043
pleuropulmonary blastoma,Pleuropulmonary blastoma,EFO:0009052
pleuropulmonary blastoma,Pleuropulmonary blastoma,EFO:0009052
Pleuropulmonary Blastoma,Pleuropulmonary blastoma,EFO:0009052
primary progressive aphasia,Primary progressive aphasia,EFO:0009053
Primary Progressive Aphasia,Primary progressive aphasia,EFO:0009053
cerebellar ataxia type 42,Spinocerebellar ataxia type 42,EFO:0009059
spinocerebellar ataxia type 42,Spinocerebellar ataxia type 42,EFO:0009059
Spinocerebellar Ataxia Type 42,Spinocerebellar ataxia type 42,EFO:0009059
dicer1 syndrome,dicer1 syndrome,EFO:0009068
obsolete DICER1 syndrome,dicer1 syndrome,EFO:0009068
DICER1 Syndrome,dicer1 syndrome,EFO:0009068
"malignant hyperthermia, susceptibility to, 1","malignant hyperthermia, susceptibility to, 1",EFO:0009071
nonsyndromic deafness,nonsyndromic deafness,EFO:0009076
premature chromatid separation trait,premature chromatid separation trait,EFO:0009077
White-Sutton syndrome,white-sutton syndrome,EFO:0009079
pilomatrixoma,Pilomatrixoma,EFO:0009082
pilomatrixoma,Pilomatrixoma,EFO:0009082
Pilomatricoma,Pilomatrixoma,EFO:0009082
arteriosclerosis,arteriosclerosis,EFO:0009086
arteriosclerosis disorder,arteriosclerosis,EFO:0009086
invasive non-typhoidal salmonellosis,non-typhoidal Salmonella bacteremia,EFO:0009087
Hiperuricemia,hyperuricemia,EFO:0009104
typhus,typhus,EFO:0009117
typhus,typhus,EFO:0009117
female reproductive endometrioid cancer,female reproductive endometrioid cancer,EFO:0009118
endometrioid tumor,female reproductive endometrioid cancer,EFO:0009118
obsolete precursor lymphoblastic lymphoma/leukemia,precursor lymphoblastic lymphoma/leukemia,EFO:0009119
precursor lymphoblastic lymphoma/leukemia,precursor lymphoblastic lymphoma/leukemia,EFO:0009119
precursor lymphoblastic lymphoma/leukemia,precursor lymphoblastic lymphoma/leukemia,EFO:0009119
Precursor Lymphoid Neoplasm,precursor lymphoblastic lymphoma/leukemia,EFO:0009119
blood harvesting,blood draw,EFO:0009121
organ harvesting,organ extraction,EFO:0009124
"heterotaxy, visceral, 1, X-linked","heterotaxy, visceral, x-linked",EFO:0009136
neonatal-onset encephalopathy with rigidity and seizures,Lethal neonatal spasticity-epileptic encephalopathy syndrome,EFO:0009144
ACTH-independent macronodular adrenal hyperplasia 2,acth-independent macronodular adrenal hyperplasia 2,EFO:0009148
congenital muscular dystrophy with cataracts and intellectual disability,"muscular dystrophy, congenital, with cataracts and intellectual disability",EFO:0009149
cone-rod dystrophy and hearing loss,cone-rod dystrophy and hearing loss,EFO:0009151
autosomal dominant intellectual developmental disorder 52,"intellectual disability, autosomal dominant 52",EFO:0009152
"intellectual disability, autosomal recessive 52","intellectual disability, autosomal dominant 52",EFO:0009152
"intellectual disability, autosomal dominant 52","intellectual disability, autosomal dominant 52",EFO:0009152
lymphatic malformation 6,"lymphedema, hereditary, iii",EFO:0009153
"growth retardation, intellectual developmental disorder, hypotonia, and hepatopathy","growth retardation, intellectual developmental disorder, hypotonia, and hepatopathy",EFO:0009155
autosomal dominant intellectual developmental disorder 48,"intellectual disability, autosomal dominant 48",EFO:0009156
"malaria, susceptibility to",susceptibility to malaria,EFO:0009157
"encephalopathy, progressive, early-onset, with brain edema and/or leukoencephalopathy","encephalopathy, progressive, early-onset, with brain edema and/or leukoencephalopathy",EFO:0009158
Stromme syndrome,stromme syndrome,EFO:0009160
Stromme syndrome,stromme syndrome,EFO:0009160
Charcot-Marie-Tooth disease axonal type 2T,"charcot-marie-tooth disease, axonal, type 2t",EFO:0009162
Charcot-Marie-Tooth disease axonal type 2T,"charcot-marie-tooth disease, axonal, type 2t",EFO:0009162
autosomal dominant intellectual developmental disorder 54,"intellectual disability, autosomal dominant 54",EFO:0009164
autosomal dominant intellectual developmental disorder 53,"intellectual disability, autosomal dominant 53",EFO:0009165
"intellectual disability, autosomal dominant 53","intellectual disability, autosomal dominant 53",EFO:0009165
hyperthyroidism,hyperthyroidism,EFO:0009189
Hipertiroidismo,hyperthyroidism,EFO:0009189
hyperthyroidism,hyperthyroidism,EFO:0009189
Hyperthyroidism,hyperthyroidism,EFO:0009189
thyrotoxicosis,Thyrotoxicosis,EFO:0009190
thyrotoxicosis,Thyrotoxicosis,EFO:0009190
Thyrotoxicosis,Thyrotoxicosis,EFO:0009190
Plummer's disease,Toxic Nodular Goiter,EFO:0009191
Plummer disease,Toxic Nodular Goiter,EFO:0009191
Toxic Nodular Goiter,Toxic Nodular Goiter,EFO:0009191
drug- or toxin-induced pulmonary arterial hypertension,Drug- or toxin-induced pulmonary arterial hypertension,EFO:0009192
pulmonary veno-occlusive disease and/or pulmonary capillary haemangiomatosis,Pulmonary veno-occlusive disease and/or pulmonary capillary haemangiomatosis,EFO:0009199
Eisenmenger syndrome,Eisenmenger syndrome,EFO:0009200
Eisenmenger Syndrome,Eisenmenger syndrome,EFO:0009200
myopic macular degeneration,myopic macular degeneration,EFO:0009201
Myopic macular degeneration,myopic macular degeneration,EFO:0009201
optic nerve glioma,optic nerve glioblastoma,EFO:0009254
optic nerve glioma,optic nerve glioblastoma,EFO:0009254
Optic Nerve Glioma,optic nerve glioblastoma,EFO:0009254
cecal benign neoplasm,cecal neoplasm,EFO:0009255
cecal benign neoplasm,cecal neoplasm,EFO:0009255
cecal neoplasm,cecal neoplasm,EFO:0009255
Cecum Neoplasm,cecal neoplasm,EFO:0009255
skin carcinoma,skin carcinoma,EFO:0009259
skin carcinoma,skin carcinoma,EFO:0009259
Skin Carcinoma,skin carcinoma,EFO:0009259
refractory celiac disease,refractory celiac disease,EFO:0009266
delirium,delirium,EFO:0009267
Delirium,delirium,EFO:0009267
FG syndrome,fg syndrome,EFO:0009297
FG syndrome,fg syndrome,EFO:0009297
"neurodevelopmental disorder with or without hyperkinetic movements and seizures, autosomal recessive","neurodevelopmental disorder with or without hyperkinetic movements and seizures, autosomal dominant",EFO:0009300
"dystonia 28, childhood-onset","dystonia 28, childhood-onset",EFO:0009301
amelogenesis imperfecta type 1J,"amelogenesis imperfecta, type ij",EFO:0009302
"amelogenesis imperfecta, type 1J","amelogenesis imperfecta, type ij",EFO:0009302
linear IgA Dermatosis,Linear IgA Dermatosis,EFO:0009313
blood coagulation disease,blood coagulation disease,EFO:0009314
blood coagulation disease,blood coagulation disease,EFO:0009314
Coagulation Disorder,blood coagulation disease,EFO:0009314
thrombophilia,thrombophilia,EFO:0009315
thrombophilia,thrombophilia,EFO:0009315
Thrombophilia,thrombophilia,EFO:0009315
Activité de la protéine C réduite,protein c deficiency,EFO:0009316
diabetic macular edema,diabetic macular edema,EFO:0009321
diabetic macular edema,diabetic macular edema,EFO:0009321
proliferative diabetic retinopathy,proliferative diabetic retinopathy,EFO:0009322
proliferative diabetic retinopathy,proliferative diabetic retinopathy,EFO:0009322
Proliferative Diabetic Retinopathy,proliferative diabetic retinopathy,EFO:0009322
Edema,edema,EFO:0009373
"Lai, Daniel",184-hTERT,EFO:0009375
facial neuralgia,facial neuralgia,EFO:0009380
facial neuralgia,facial neuralgia,EFO:0009380
"tumoral calcinosis, hyperphosphatemic, familial, 2","tumoral calcinosis, hyperphosphatemic, familial, 2",EFO:0009383
"tumoral calcinosis, hyperphosphatemic, familial, 3","tumoral calcinosis, hyperphosphatemic, familial, 3",EFO:0009384
familial tumoral calcinosis,familial tumoral calcinosis,EFO:0009385
central nervous system disease,central nervous system disease,EFO:0009386
central nervous system disorder,central nervous system disease,EFO:0009386
Central Nervous System Disorder,central nervous system disease,EFO:0009386
peripheral nervous system disease,peripheral nervous system disease,EFO:0009387
peripheral nervous system disorder,peripheral nervous system disease,EFO:0009387
Peripheral Nervous System Disorder,peripheral nervous system disease,EFO:0009387
glucose metabolism disease,glucose metabolism disease,EFO:0009406
glucose metabolism disease,glucose metabolism disease,EFO:0009406
Glucose Metabolism Disorder,glucose metabolism disease,EFO:0009406
Yersinia enterocolitica infectious disease,Yersinia enterocolitica infectious disease,EFO:0009424
plague,Yersinia pestis infectious disease,EFO:0009425
plague,Yersinia pestis infectious disease,EFO:0009425
Plague,Yersinia pestis infectious disease,EFO:0009425
embryonic lethality,embryonic lethality,EFO:0009427
neuralgia,neuralgia,EFO:0009430
intestinal disease,intestinal disease,EFO:0009431
intestinal disorder,intestinal disease,EFO:0009431
Intestinal Disorder,intestinal disease,EFO:0009431
lower respiratory tract disease,lower respiratory tract disease,EFO:0009433
lower respiratory tract disorder,lower respiratory tract disease,EFO:0009433
lymphoplasmacytic lymphoma,Waldenstrom macroglobulinemia,EFO:0009441
Waldenstrom macroglobulinemia,Waldenstrom macroglobulinemia,EFO:0009441
Waldenstrom Macroglobulinemia,Waldenstrom macroglobulinemia,EFO:0009441
hypoxia,hypoxia,EFO:0009444
Hipoksemi,hypoxemia,EFO:0009447
hypoxemia,hypoxemia,EFO:0009447
pulmonary fibrosis,pulmonary fibrosis,EFO:0009448
pulmonary fibrosis,pulmonary fibrosis,EFO:0009448
Pulmonary Fibrosis,pulmonary fibrosis,EFO:0009448
keratitis,keratitis,EFO:0009449
keratitis,keratitis,EFO:0009449
Keratitis,keratitis,EFO:0009449
conjunctivitis,conjunctivitis,EFO:0009450
Conjonctivite,conjunctivitis,EFO:0009450
conjunctivitis,conjunctivitis,EFO:0009450
Conjunctivitis,conjunctivitis,EFO:0009450
hypoparathyroidism,hypoparathyroidism,EFO:0009451
hypoparathyroidism,hypoparathyroidism,EFO:0009451
Hypoparathyroidism,hypoparathyroidism,EFO:0009451
primary hyperaldosteronism,hyperaldosteronism,EFO:0009452
hyperaldosteronism,hyperaldosteronism,EFO:0009452
hemiplegia,hemiplegia,EFO:0009453
Hemiplegia,hemiplegia,EFO:0009453
hemiplegia,hemiplegia,EFO:0009453
gastric ulcer,gastric ulcer,EFO:0009454
Gastric ulcer,gastric ulcer,EFO:0009454
gastric ulcer,gastric ulcer,EFO:0009454
Gastric Ulcer,gastric ulcer,EFO:0009454
lacrimal apparatus disease,lacrimal apparatus disease,EFO:0009455
lacrimal apparatus disorder,lacrimal apparatus disease,EFO:0009455
Lacrimal System Disorder,lacrimal apparatus disease,EFO:0009455
exfoliative dermatitis,exfoliative dermatitis,EFO:0009456
Erythroderma,exfoliative dermatitis,EFO:0009456
abnormal vascular wound healing,abnormal vascular wound healing,EFO:0009457
corneal disease,corneal disease,EFO:0009464
corneal disorder,corneal disease,EFO:0009464
Corneal Disorder,corneal disease,EFO:0009464
Bartholin's gland disease,Bartholin gland disease,EFO:0009469
small kidney,small kidney,EFO:0009471
tympanic membrane perforation,tympanic membrane perforation,EFO:0009472
vertebral joint disorder,vertebral joint disease,EFO:0009477
polyp of vocal cord,vocal cord polyp,EFO:0009478
Vocal Cord Polyp,vocal cord polyp,EFO:0009478
paranasal sinus disease,paranasal sinus disease,EFO:0009481
paranasal sinus disorder,paranasal sinus disease,EFO:0009481
Paranasal Sinus Disorder,paranasal sinus disease,EFO:0009481
drug allergy,drug allergy,EFO:0009482
drug allergy,drug allergy,EFO:0009482
breast disease,breast disease,EFO:0009483
breast disorder,breast disease,EFO:0009483
Breast Disorder,breast disease,EFO:0009483
polyp of corpus uteri,uterine polyp,EFO:0009484
uterine polyp,uterine polyp,EFO:0009484
Uterine Polyp,uterine polyp,EFO:0009484
nerve compression syndrome,nerve compression syndrome,EFO:0009487
nerve compression syndrome,nerve compression syndrome,EFO:0009487
Entrapment Neuropathy,nerve compression syndrome,EFO:0009487
spinal cord disease,spinal cord disease,EFO:0009488
spinal cord disorder,spinal cord disease,EFO:0009488
Spinal Cord Disorder,spinal cord disease,EFO:0009488
cranial nerve palsy,cranial nerve palsy,EFO:0009489
cranial nerve palsy,cranial nerve palsy,EFO:0009489
Cranial Nerve Palsy,cranial nerve palsy,EFO:0009489
nervous system injury,nervous system injury,EFO:0009490
adrenal cortical hypofunction,adrenocortical insufficiency,EFO:0009491
adrenocortical insufficiency,adrenocortical insufficiency,EFO:0009491
Adrenocortical Insufficiency,adrenocortical insufficiency,EFO:0009491
Arrêt cardiaque,cardiac arrest,EFO:0009492
cardiac arrest,cardiac arrest,EFO:0009492
Paraoxymální tachykardie,paroxysmal tachycardia,EFO:0009493
AIDS-related disorder,AIDS-related disease,EFO:0009528
AIDS-Related Disorder,AIDS-related disease,EFO:0009528
anemia due to enzyme disorder,anemia due to enzyme disorder,EFO:0009529
Anemia due to Enzyme Disorder,anemia due to enzyme disorder,EFO:0009529
anuria,anuria,EFO:0009530
anuria,anuria,EFO:0009530
aortic valve disease,aortic valve disease,EFO:0009531
aortic valve disorder,aortic valve disease,EFO:0009531
Aortic Valve Disorder,aortic valve disease,EFO:0009531
autonomic nervous system disease,autonomic nervous system disease,EFO:0009532
autonomic nervous system disorder,autonomic nervous system disease,EFO:0009532
basal ganglia disease,basal ganglia disease,EFO:0009533
basal ganglia disorder,basal ganglia disease,EFO:0009533
biliary tract disease,biliary tract disease,EFO:0009534
biliary tract disorder,biliary tract disease,EFO:0009534
binocular vision disease,binocular vision disease,EFO:0009535
binocular vision disease,binocular vision disease,EFO:0009535
Binocular Vision Disorder,binocular vision disease,EFO:0009535
blepharitis,blepharitis,EFO:0009536
Blefarit,blepharitis,EFO:0009536
blepharitis,blepharitis,EFO:0009536
Blepharitis,blepharitis,EFO:0009536
cervical disk degenerative disorder,cervical disc degenerative disorder,EFO:0009537
Cervical Disc Degenerative Disorder,cervical disc degenerative disorder,EFO:0009537
"Guillain-Barre syndrome, familial",chronic inflammatory demyelinating polyneuropathy,EFO:0009538
congenital mitral malformation,congenital mitral malformation,EFO:0009539
dental pulp disease,dental pulp disease,EFO:0009540
dental pulp disorder,dental pulp disease,EFO:0009540
Dental Pulp Disorder,dental pulp disease,EFO:0009540
obsolete disorder of peritoneum,disease of peritoneum,EFO:0009541
appendix disease,disorder of appendix,EFO:0009542
disorder of appendix,disorder of appendix,EFO:0009542
esophageal disease,esophageal disease,EFO:0009544
esophageal disorder,esophageal disease,EFO:0009544
Esophageal Disorder,esophageal disease,EFO:0009544
esophageal varix,esophageal varices,EFO:0009545
esophageal varices,esophageal varices,EFO:0009545
Esophageal Varices,esophageal varices,EFO:0009545
obsolete eye adnexa disease,eye adnexa disease,EFO:0009546
eye adnexa disorder,eye adnexa disease,EFO:0009546
eyelid disease,eyelid disease,EFO:0009547
eyelid disorder,eyelid disease,EFO:0009547
Eyelid Disorder,eyelid disease,EFO:0009547
fallopian tube disease,fallopian tube disease,EFO:0009548
fallopian tube disorder,fallopian tube disease,EFO:0009548
Fallopian Tube Disorder,fallopian tube disease,EFO:0009548
female reproductive system disease,female reproductive system disease,EFO:0009549
female reproductive system disorder,female reproductive system disease,EFO:0009549
Female Reproductive System Disorder,female reproductive system disease,EFO:0009549
headache disorder,headache disorder,EFO:0009550
heart valve disease,heart valve disease,EFO:0009551
heart valve disorder,heart valve disease,EFO:0009551
Valvular Heart Disorder,heart valve disease,EFO:0009551
hemorrhoid,hemorrhoid,EFO:0009552
hemorrhoid,hemorrhoid,EFO:0009552
Hemorrhoid,hemorrhoid,EFO:0009552
HIV-associated cancer,HIV-associated cancer,EFO:0009553
malabsorption syndrome,malabsorption syndrome,EFO:0009554
Malabsorption Syndrome,malabsorption syndrome,EFO:0009554
male reproductive system disease,male reproductive system disease,EFO:0009555
male reproductive system disorder,male reproductive system disease,EFO:0009555
Male Reproductive System Disorder,male reproductive system disease,EFO:0009555
mineral metabolism disease,mineral metabolism disease,EFO:0009556
mitral valve disease,mitral valve disease,EFO:0009557
mitral valve disorder,mitral valve disease,EFO:0009557
Mitral Valve Disorder,mitral valve disease,EFO:0009557
mononeuropathy,mononeuropathy,EFO:0009558
mononeuropathy,mononeuropathy,EFO:0009558
plexopathy,nerve plexus disease,EFO:0009559
nerve plexus disorder,nerve plexus disease,EFO:0009559
Plexopathy,nerve plexus disease,EFO:0009559
otitis externa,otitis externa,EFO:0009560
otitis externa,otitis externa,EFO:0009560
Infectious Otitis Externa,otitis externa,EFO:0009560
Otitis Externa,otitis externa,EFO:0009560
parasitic intestinal disorder,parasitic intestinal disease,EFO:0009561
polyneuropathy,polyneuropathy,EFO:0009562
polyneuropathy,polyneuropathy,EFO:0009562
Polyneuropathy,polyneuropathy,EFO:0009562
protein-energy malnutrition,protein energy malnutrition,EFO:0009563
protein-energy malnutrition,protein energy malnutrition,EFO:0009563
Protein Energy Malnutrition,protein energy malnutrition,EFO:0009563
pulmonary valve disease,pulmonary valve disease,EFO:0009564
pulmonary valve disorder,pulmonary valve disease,EFO:0009564
Pulmonary Valve Disorder,pulmonary valve disease,EFO:0009564
radiation-induced disorder,radiation-induced disorder,EFO:0009565
Radiation-Induced Disorder,radiation-induced disorder,EFO:0009565
renal tubule disorder,renal tubule disease,EFO:0009566
spirochaetales infections,Spirochaetales Infections,EFO:0009567
tricuspid valve disease,tricuspid valve disease,EFO:0009568
tricuspid valve disorder,tricuspid valve disease,EFO:0009568
Tricuspid Valve Disorder,tricuspid valve disease,EFO:0009568
trigeminal nerve disease,trigeminal nerve disease,EFO:0009569
trigeminal nerve disorder,trigeminal nerve disease,EFO:0009569
Trigeminal Nerve Disorder,trigeminal nerve disease,EFO:0009569
tympanic membrane disease,tympanic membrane disease,EFO:0009570
tympanic membrane disorder,tympanic membrane disease,EFO:0009570
urinary tract obstruction,urinary tract obstruction,EFO:0009571
urinary tract obstruction,urinary tract obstruction,EFO:0009571
Obstructive Uropathy,urinary tract obstruction,EFO:0009571
uterine inflammatory disease,uterine inflammatory disease,EFO:0009572
uterine inflammatory disease,uterine inflammatory disease,EFO:0009572
testicular disease,testicular disease,EFO:0009601
testicular disorder,testicular disease,EFO:0009601
Testicular Disorder,testicular disease,EFO:0009601
prostate disease,prostate disease,EFO:0009602
prostate disorder,prostate disease,EFO:0009602
Prostate Disorder,prostate disease,EFO:0009602
labyrinthitis,labyrinthitis,EFO:0009604
otitis interna,labyrinthitis,EFO:0009604
labyrinthitis,labyrinthitis,EFO:0009604
Labyrinthitis,labyrinthitis,EFO:0009604
pancreas disease,pancreas disease,EFO:0009605
pancreas disorder,pancreas disease,EFO:0009605
Pancreatic Disorder,pancreas disease,EFO:0009605
macular degeneration,macular degeneration,EFO:0009606
macular degeneration,macular degeneration,EFO:0009606
Macular Degeneration,macular degeneration,EFO:0009606
pituitary gland disease,pituitary gland disease,EFO:0009607
pituitary gland disorder,pituitary gland disease,EFO:0009607
Pituitary Gland Disorder,pituitary gland disease,EFO:0009607
stomach disease,stomach disease,EFO:0009608
stomach disorder,stomach disease,EFO:0009608
Stomach Disorder,stomach disease,EFO:0009608
myocarditis,myocarditis,EFO:0009609
myocarditis,myocarditis,EFO:0009609
Myocarditis,myocarditis,EFO:0009609
"spondylosis, cervical",cervical spondylosis,EFO:0009610
jaw fracture,jaw fracture,EFO:0009612
neuroma,neuroma,EFO:0009619
neuroma,neuroma,EFO:0009619
Neuroma,neuroma,EFO:0009619
pyloric stenosis,pyloric stenosis,EFO:0009626
gastric outlet obstruction,pyloric stenosis,EFO:0009626
gastric outlet obstruction,pyloric stenosis,EFO:0009626
Estenosis pilórica,pyloric stenosis,EFO:0009626
pyloric stenosis,pyloric stenosis,EFO:0009626
Pyloric Stenosis,pyloric stenosis,EFO:0009626
"neurodevelopmental disorder with microcephaly, seizures, and cortical atrophy","neurodevelopmental disorder with microcephaly, seizures, and cortical atrophy",EFO:0009644
"neurodevelopmental disorder with or without anomalies of the brain, eye, or heart","neurodevelopmental disorder with or without anomalies of the brain, eye, or heart",EFO:0009645
MYH-9 related disease,macrothrombocytopenia and granulocyte inclusions with or without nephritis or sensorineural hearing loss,EFO:0009646
macrothrombocytopenia and granulocyte inclusions with or without nephritis or sensorineural hearing loss,macrothrombocytopenia and granulocyte inclusions with or without nephritis or sensorineural hearing loss,EFO:0009646
May-Hegglin Anomaly,macrothrombocytopenia and granulocyte inclusions with or without nephritis or sensorineural hearing loss,EFO:0009646
Macrothrombocytopenia and Granulocyte Inclusions with or without Nephritis or Sensorineural Hearing Loss,macrothrombocytopenia and granulocyte inclusions with or without nephritis or sensorineural hearing loss,EFO:0009646
hyperproinsulinemia,hyperproinsulinemia,EFO:0009650
obsolete native cell,reference sample,EFO:0009654
acute pharyngitis,acute pharyngitis,EFO:0009657
Acute Pharyngitis,acute pharyngitis,EFO:0009657
anus disease,anus disease,EFO:0009660
anus disorder,anus disease,EFO:0009660
Anal Disorder,anus disease,EFO:0009660
bronchitis,bronchitis,EFO:0009661
Bronchite,bronchitis,EFO:0009661
bronchitis,bronchitis,EFO:0009661
Bronchitis,bronchitis,EFO:0009661
common wart,common wart,EFO:0009662
common wart,common wart,EFO:0009662
Verruca Vulgaris,common wart,EFO:0009662
obsolete disorder of genitourinary system,disease of genitourinary system,EFO:0009663
obsolete eye and adnexa disease,disease of orbital region,EFO:0009664
disorder of orbital region,disease of orbital region,EFO:0009664
enthesopathy,enthesopathy,EFO:0009666
enthesopathy,enthesopathy,EFO:0009666
eustachian tube disease,eustachian tube disease,EFO:0009667
eustachian tube disorder,eustachian tube disease,EFO:0009667
external ear disease,external ear disease,EFO:0009668
external ear disorder,external ear disease,EFO:0009668
External Ear Disorder,external ear disease,EFO:0009668
gingival disease,gingival disease,EFO:0009670
gingival disorder,gingival disease,EFO:0009670
Gingival Disorder,gingival disease,EFO:0009670
hereditary ataxia,hereditary ataxia,EFO:0009671
obsolete hereditary ataxia,hereditary ataxia,EFO:0009671
hereditary ataxia,hereditary ataxia,EFO:0009671
inner ear disease,inner ear disease,EFO:0009672
inner ear disorder,inner ear disease,EFO:0009672
Inner Ear Disorder,inner ear disease,EFO:0009672
laryngeal disease,laryngeal disease,EFO:0009673
laryngeal disorder,laryngeal disease,EFO:0009673
Laryngeal Disorder,laryngeal disease,EFO:0009673
lens disease,lens disease,EFO:0009674
lens disorder,lens disease,EFO:0009674
Lens Disorder,lens disease,EFO:0009674
nevus,melanocytic nevus,EFO:0009675
melanocytic nevus,melanocytic nevus,EFO:0009675
Melanocytic Nevus,melanocytic nevus,EFO:0009675
musculoskeletal system disease,musculoskeletal system disease,EFO:0009676
musculoskeletal system disorder,musculoskeletal system disease,EFO:0009676
Musculoskeletal Disorder,musculoskeletal system disease,EFO:0009676
occlusion precerebral artery,occlusion precerebral artery,EFO:0009677
occlusion precerebral artery,occlusion precerebral artery,EFO:0009677
paralytic squint,paralytic strabismus,EFO:0009678
Estrabismo neurogénico,paralytic strabismus,EFO:0009678
paralytic strabismus,paralytic strabismus,EFO:0009678
paraplegia,paraplegia,EFO:0009679
paraplegia,paraplegia,EFO:0009679
Paraplegia,paraplegia,EFO:0009679
pleural empyema,pleural empyema,EFO:0009680
Empiema pleural,pleural empyema,EFO:0009680
pleural empyema,pleural empyema,EFO:0009680
pregnancy disorder,pregnancy disorder,EFO:0009682
Pregnancy Disorder,pregnancy disorder,EFO:0009682
puerperal disorder,puerperal disorder,EFO:0009683
quadriplegia,quadriplegia,EFO:0009684
quadriplegia,quadriplegia,EFO:0009684
Quadriplegia,quadriplegia,EFO:0009684
rectal disease,rectal disease,EFO:0009685
rectal disorder,rectal disease,EFO:0009685
respiratory failure,respiratory failure,EFO:0009686
respiratory failure,respiratory failure,EFO:0009686
Respiratory Failure,respiratory failure,EFO:0009686
somatoform disorder,somatoform disorder,EFO:0009687
somatoform disorder,somatoform disorder,EFO:0009687
Somatoform Disorder,somatoform disorder,EFO:0009687
stomatitis,stomatitis,EFO:0009688
oral mucositis,stomatitis,EFO:0009688
stomatitis,stomatitis,EFO:0009688
Stomatitis,stomatitis,EFO:0009688
urethral disease,urethral disease,EFO:0009689
urethral disorder,urethral disease,EFO:0009689
Urethra Disorder,urethral disease,EFO:0009689
urinary system disease,urinary system disease,EFO:0009690
urinary system disorder,urinary system disease,EFO:0009690
Urinary System Disorder,urinary system disease,EFO:0009690
vestibular disease,vestibular disease,EFO:0009691
vestibular disorder,vestibular disease,EFO:0009691
voice disorders,voice disorders,EFO:0009692
Voice Disorder,voice disorders,EFO:0009692
metastatic neoplasm,metastatic neoplasm,EFO:0009709
Metastatic Neoplasm,metastatic neoplasm,EFO:0009709
"polyarticular juvenile idiopathic arthritis, rheumatoid factor negative",polyarticular juvenile idiopathic arthritis,EFO:0009730
polyarticular juvenile idiopathic arthritis,polyarticular juvenile idiopathic arthritis,EFO:0009730
rheumatoid factor-positive polyarticular juvenile idiopathic arthritis,"polyarticular juvenile idiopathic arthritis, rheumatoid factor positive",EFO:0009731
"Polyarticular Juvenile Idiopathic Arthritis, Rheumatoid Factor Positive","polyarticular juvenile idiopathic arthritis, rheumatoid factor positive",EFO:0009731
enthesitis-related juvenile idiopathic arthritis,enthesitis-related juvenile idiopathic arthritis,EFO:0009732
Enthesitis-Related Arthritis,enthesitis-related juvenile idiopathic arthritis,EFO:0009732
psoriasis-related juvenile idiopathic arthritis,psoriasis-related juvenile idiopathic arthritis,EFO:0009733
enthesitis-related juvenile idiopathic arthritis,psoriasis-related juvenile idiopathic arthritis,EFO:0009733
Juvenile Psoriatic Arthritis,psoriasis-related juvenile idiopathic arthritis,EFO:0009733
unspecified juvenile idiopathic arthritis,unspecified juvenile idiopathic arthritis,EFO:0009734
Her2-receptor negative breast cancer,HER2 negative breast carcinoma,EFO:0009780
Her2-receptor negative breast cancer,HER2 negative breast carcinoma,EFO:0009780
HER2-Negative Breast Carcinoma,HER2 negative breast carcinoma,EFO:0009780
progesterone-receptor negative breast cancer,progesterone-receptor negative breast cancer,EFO:0009781
progesterone-receptor negative breast cancer,progesterone-receptor negative breast cancer,EFO:0009781
secondary malignant neoplasm,secondary malignant neoplasm,EFO:0009812
Secondary Malignant Neoplasm,secondary malignant neoplasm,EFO:0009812
disease characteristic,disease characteristic,EFO:0009813
Qualifier,disease characteristic,EFO:0009813
vascular smooth muscle hypertrophy,vascular smooth muscle hypertrophy,EFO:0009829
respiratory system process,respiratory process,EFO:0009834
pulmonary vascular congestion,pulmonary vascular congestion,EFO:0009866
dysphoria AE,dysphoria,EFO:0009867
xerostomia,xerostomia,EFO:0009869
metastasis to bone AE,bone metastasis,EFO:0009870
increased heart weight,increased heart weight,EFO:0009871
increased cardiac output,increased cardiac output,EFO:0009872
decreased cardiac output,decreased cardiac output,EFO:0009873
decreased anxiety-related response,decreased anxiety-related response,EFO:0009874
thymus atrophy,thymus atrophy,EFO:0009875
abnormal lipolysis,abnormal lipolysis,EFO:0009876
decreased bone mass,decreased bone mass,EFO:0009877
inflammatory disease,inflammatory disease,EFO:0009903
Inflammatory Disorder,inflammatory disease,EFO:0009903
Lopes-Maciel-Rodan syndrome,Lopes-Maciel-Rodan syndrome,EFO:0009904
desmoid tumor,Desmoid-type fibromatosis,EFO:0009907
desmoid tumor,Desmoid-type fibromatosis,EFO:0009907
Desmoid Fibromatosis,Desmoid-type fibromatosis,EFO:0009907
Glabellar hemangioma,glabellar hemangioma,EFO:0009908
Enfermedad renal crónica estadio 5,stage 5 chronic kidney disease,EFO:0009909
Chronic lung disease,chronic lung disease,EFO:0009910
Carcinoma colorrectal sin poliposis hereditaria,hereditary nonpolyposis colorectal carcinoma,EFO:0009911
Amiotrofia distal de extremidad inferior,distal lower limb amyotrophy,EFO:0009912
Fibroma osificante de mandíbula,ossifying fibroma of the jaw,EFO:0009913
chorioamnionitis,chorioamnionitis,EFO:0009948
chorioamnionitis,chorioamnionitis,EFO:0009948
disorder of extraembryonic membrane,disease of extraembryonic membrane,EFO:0009950
bipolar I disorder,bipolar I disorder,EFO:0009963
bipolar ll disorder,bipolar II disorder,EFO:0009964
urine specific gravity,urine specific gravity measurement,EFO:0010135
perinatal disease,perinatal disease,EFO:0010238
gastrointestinal system disease,gastrointestinal disease,EFO:0010282
hepatobiliary disease,hepatobiliary disease,EFO:0010284
hepatobiliary disorder,hepatobiliary disease,EFO:0010284
Hepatobiliary Disorder,hepatobiliary disease,EFO:0010284
integumentary system disease,integumentary system disease,EFO:0010285
integumentary system disorder,integumentary system disease,EFO:0010285
blastic plasmacytoid dendritic cell neoplasm,blastic plasmacytoid dendritic cell neoplasm,EFO:0010580
CD4+/CD56+ hematodermic neoplasm,blastic plasmacytoid dendritic cell neoplasm,EFO:0010580
Blastic Plasmacytoid Dendritic Cell Neoplasm,blastic plasmacytoid dendritic cell neoplasm,EFO:0010580
neurodevelopmental disorder,Neurodevelopmental disorder,EFO:0010642
Neurodevelopmental Disorder,Neurodevelopmental disorder,EFO:0010642
"Füllgrabe, Anja",immunophenotype,EFO:0010649
intellectual developmental disorder with short stature and behavioral abnormalities,intellectual developmental disorder with short stature and behavioral abnormalities,EFO:0010652
abnormal chest sound,abnormal chest sounds,EFO:0010670
Liver Transplantation,liver transplant,EFO:0010682
Coinfection,coinfection,EFO:0010716
"CAUCHETEUR, Déborah",coinfection,EFO:0010716
afebrile,afebrile,EFO:0010717
"CAUCHETEUR, Déborah",afebrile,EFO:0010717
mixed testicular germ cell tumor,testicular mixed germ cell tumor,EFO:0010831
cytokine secretion assay,cytokine secretion assay,EFO:0010935
"Schwartz, Rachel",cytokine secretion assay,EFO:0010935
sodium dodecyl sulfate polyacrylamide gel electrophoresis,SDS-PAGE,EFO:0010936
SDS PAGE,SDS-PAGE,EFO:0010936
"Shadbolt, Marion",SDS-PAGE,EFO:0010936
"Baudis, Michael",comparative genomic hybridization (CGH),EFO:0010937
"Baudis, Michael",large-insert clone DNA microarray,EFO:0010938
"Baudis, Michael",oligonucleotide DNA microarray,EFO:0010939
"Nejad, Parisa",CAST/EiJxC57BL/6J,EFO:0010945
"Nejad, Parisa",C57BL/6JxCAST/EiJ,EFO:0010946
response to growth hormone,response to growth hormone,EFO:0010969
Concussion,concussion,EFO:0011023
Brain Concussion,concussion,EFO:0011023
Neck Circumference,neck circumference,EFO:0011043
Fetal Body Weight,fetal weight,EFO:0011045
dermal toxicity,dermatological toxicity,EFO:0011048
Toxicity,toxicity,EFO:0011061
Refractory drug response,lack of efficacy,EFO:0020002
Drug Toxicity,drug toxicity,EFO:0020003
drug toxicity,drug toxicity,EFO:0020003
drug toxicity,drug toxicity,EFO:0020003
enterocele,enterocele,EFO:0020006
tubulinopathy,tubulinopathy,EFO:0020030
familial Behcet-like autoinflammatory syndrome,familial Behcet-like autoinflammatory syndrome,EFO:0020034
autoimmune disease of central nervous system,neuroinflammatory disorder,EFO:0020092
autoimmune disorder of central nervous system,neuroinflammatory disorder,EFO:0020092
Cytomegalovirus Virus Reactivation,cytomegalovirus virus reactivation,EFO:0020106
Bone Age,skeletal age,EFO:0020898
Overdose,overdose,EFO:0020911
Pigment Epithelium-Derived Factor,pigement epithleium-derived factor (PEDF) measurement,EFO:0020954
Revision of Total Knee Arthroplasty,revision of total knee arthroplasty,EFO:0020972
Mammoplasty,encounter with health service for breast reconstruction following mastectomy,EFO:0020978
Digestive System Surgery,digestive system surgery,EFO:0020979
Radiation Exposure,radiation exposure,EFO:0020980
"Dependence on Enabling Machines and Devices, Not Elsewhere Classified",dependence on enabling machines and devices,EFO:0020981
Diffuse Midline Glioma,diffuse midline glioma,EFO:0020983
skin sensitization,skin sensitization,EFO:0020984
Central Nervous System Embryonal Tumor,central nervous system embryonal neoplasm,EFO:0020985
Mastectomy,mastectomy,EFO:0020987
Blood Transfusion,blood transfusion,EFO:0020988
Bone Marrow Transplantation,bone marrow transplantation,EFO:0020989
Sarilumab,sarilumab,EFO:0020998
adult hypophosphatasia,adult hypophosphatasia,EFO:0021431
"Diffuse Hemispheric Glioma, H3 G34-Mutant","diffuse hemispheric glioma, H3 G34-mutant",EFO:0021505
Age at First Treatment,age at initiation of treatment,EFO:0021779
infantile hypophosphatasia,infantile hypophosphatasia,EFO:0021797
X-linked warfarin sensitivity,x-linked warfarin sensitivity,EFO:0021801
Apolipoprotein B to Apolipoprotein A1 Ratio Measurement,apolipoprotein B to apolipoprotein A1 ratio ,EFO:0021897
Ultraviolet Radiation,ultraviolet radiation,EFO:0022039
Synthetic Data,synthetic data,EFO:0022043
Heat-Shock Response,heat shock response,EFO:0022044
starvation,starvation,EFO:0022074
Starvation,starvation,EFO:0022074
Body Surface Area,body surface area,EFO:0022196
Body Surface Area,body surface area,EFO:0022196
SH-EP1 cell,SH-EP1 cell,EFO:0022343
184A1 cell,184A1 cell,EFO:0022348
BL-60 cell,BL-60 cell,EFO:0022349
MDA-Panc-28 cell,MDA-Panc-28 cell,EFO:0022355
UT-7 cell,ut7 cell,EFO:0022372
GM09607 cell,gm9607 cell,EFO:0022373
SUM1315MO2 cell,sum1315,EFO:0022374
184B5 cell,b5-589 cell,EFO:0022376
American College of Rheumatology Improvement Criteria,American College of Rheumatology Improvement Criteria,EFO:0022379
L-428 cell,L-428 cell,EFO:0022380
Health Assessment Questionnaire Disability Index,Health Assessment Questionnaire Disability Index,EFO:0022381
Psoriasis Area and Severity Index Clinical Classification,psoriasis area and severity index,EFO:0022382
HEP-3B cell,HEP-3B cell,EFO:0022386
T-47D cell,T-47D cell,EFO:0022388
ECV304 cell,ECV304 cell,EFO:0022389
GM03318 cell,GM03318 cell,EFO:0022390
GM02184 cell,GM02184 cell,EFO:0022391
GM05849 cell,GM05849 cell,EFO:0022392
MT2 cell,MT2 cell,EFO:0022393
HT-1080 cell,HT-1080 cell,EFO:0022394
TF-1 cell,TF1 cell,EFO:0022398
AML-193 cell,AML-193 cell,EFO:0022399
AML-193 cell,AML-193 cell,EFO:0022399
NT2-N cell,NT2-N cell,EFO:0022400
SK-N-BE(2) cell,SK-N-BE(2) cell,EFO:0022401
SK-N-BE(2) cell,SK-N-BE(2) cell,EFO:0022401
SAOS-2 cell,Saos-2 cell,EFO:0022402
Saos-2 cell,Saos-2 cell,EFO:0022402
WS1 cell,WS1 cell,EFO:0022403
KM-12C cell,KM-12C cell,EFO:0022404
MNT-1 cell,MNT-1 cell,EFO:0022406
AG11395 cell,AG11395 cell,EFO:0022407
HBL-1 cell,HBL-1 cell,EFO:0022408
REH cell,REH cell,EFO:0022409
REH cell,REH cell,EFO:0022409
Reh cell,REH cell,EFO:0022409
hTERT-HME1 cell,hTERT-HME1 cell,EFO:0022410
BOSC-23 cell,BOSC-23 cell,EFO:0022411
ARP-1 cell,ARP-1 cell,EFO:0022413
ALL-SIL cell,ALL-SIL cell,EFO:0022414
ALL-SIL cell,ALL-SIL cell,EFO:0022414
hTERT-HPNE cell,hTERT-HPNE cell,EFO:0022415
L-540 cell,L-540 cell,EFO:0022416
L-540 cell,L-540 cell,EFO:0022416
EJ-138 cell,EJ138 cell,EFO:0022418
EJ138 cell,EJ138 cell,EFO:0022418
PEER cell,PEER cell,EFO:0022420
PEER cell,PEER cell,EFO:0022420
T1 (174 x CEM.T1) cell,T1 (174 x CEM.T1) cell,EFO:0022421
Eca-109 cell,Eca-109 cell,EFO:0022422
YT cell,YT cell,EFO:0022423
SK-MEL-37 cell,SK-MEL-37 cell,EFO:0022424
RHEK-1 cell,RHEK-1 cell,EFO:0022425
M-07E cell,M-07E cell,EFO:0022426
M-07e cell,M-07E cell,EFO:0022426
TOV-21G cell,TOV-21G cell,EFO:0022427
TOV-21G cell,TOV-21G cell,EFO:0022427
KOPN-8 cell,KOPN-8 cell,EFO:0022428
MUM-2B cell,MUM-2B cell,EFO:0022429
RCC-4 cell,RCC-4 cell,EFO:0022430
HOSE cell,HOSE cell,EFO:0022431
2fTGH cell,2fTGH cell,EFO:0022432
C8161.9 cell,C8161.9 cell,EFO:0022433
MEL-JUSO cell,MEL-JUSO cell,EFO:0022434
MEL-JUSO cell,MEL-JUSO cell,EFO:0022434
CL1-0 cell,CL1-0 cell,EFO:0022435
CL1-5 cell,CL1-5 cell,EFO:0022436
LIM1215 cell,LIM1215 cell,EFO:0022437
NCCIT cell,NCCIT cell,EFO:0022438
NCCIT cell,NCCIT cell,EFO:0022438
ML-1 cell,ML-1 cell,EFO:0022439
ML-1 cell,ML-1 cell,EFO:0022439
KGN cell,KGN cell,EFO:0022440
RCB1154 cell,KGN cell,EFO:0022440
TGW cell,TGW cell,EFO:0022441
PC-3M cell,PC-3M cell,EFO:0022442
MOLM-14 cell,MOLM-14 cell,EFO:0022446
U-343MG cell,U-343MG cell,EFO:0022447
GripTite 293 MSR cell,GripTite 293 MSR cell,EFO:0022448
RCC-10 cell,RCC-10 cell,EFO:0022449
HS-68 cell,HS-68 cell,EFO:0022453
3A(tPA-30-1) cell,3A(tPA-30-1) cell,EFO:0022454
HMC-1-8 cell,HMC-1-8 cell,EFO:0022456
VMRC-RCW cell,VMRC-RCW cell,EFO:0022457
HPB-ALL cell,HPB-ALL cell,EFO:0022458
RCB1935 cell,HPB-ALL cell,EFO:0022458
CWR-22 cell,CWR-22 cell,EFO:0022459
HEK-293FT cell,HEK-293FT cell,EFO:0022461
NOMO-1 cell,NOMO-1 cell,EFO:0022462
SNG-M cell,SNG-M,EFO:0022497
P493-6 cell,P493-6,EFO:0022500
NB-1 cell,NB-1,EFO:0022502
RCB1953 cell,NB-1,EFO:0022502
CCRF-HSB-2 cell,CCRF-HSB-2,EFO:0022508
KYSE-410 cell,KYSE-410,EFO:0022509
NK-92 cell,NK-92,EFO:0022517
NK-92 cell,NK-92,EFO:0022517
HEK-293A cell,HEK-293A,EFO:0022528
HK-2 cell,HK-2,EFO:0022529
HK-2 cell,HK-2,EFO:0022529
SKLU-1 cell,SKLU-1,EFO:0022536
SK LU 1 cell,SKLU-1,EFO:0022536
SK-LU-1 cell,SKLU-1,EFO:0022536
SMS-KCN cell,SMS-KCN,EFO:0022537
hTERT-RPE1 cell,hTERT-RPE1,EFO:0022539
KK-47 cell,KK-47,EFO:0022544
lymphoblastoid cell line,LCL,EFO:0022546
MRC-5V1 cell,MRC-5V1,EFO:0022549
HK-1 cell,HK-1,EFO:0022551
SG231 cell,SG231,EFO:0022554
GM00232 cell,GM00232,EFO:0022555
TIG-3 cell,TIG-3,EFO:0022556
WM-35 cell,WM-35,EFO:0022558
WM35 cell,WM-35,EFO:0022558
WM-278 cell,WM278,EFO:0022559
WM278 cell,WM278,EFO:0022559
1BR3 cell,1BR3,EFO:0022560
1HAEo cell,1HAEo,EFO:0022561
HEK-293-EBNA cell,HEK-293-EBNA,EFO:0022562
HEK-293ET cell,HEK-293ET,EFO:0022563
HEK-293F cell,HEK-293F,EFO:0022564
KCL-22 cell,KCL-22,EFO:0022565
AG02603 cell,AG02603,EFO:0022570
Rh-4 cell,Rh-4,EFO:0022574
EC-9706 cell,EC-9706,EFO:0022576
BL-41 cell,BL-41,EFO:0022580
BL-41 cell,BL-41,EFO:0022580
UACC-903 cell,UACC-903,EFO:0022581
SUP-T1 cell,SUP-T1,EFO:0022582
SUP-T1 cell,SUP-T1,EFO:0022582
HKB-11 cell,HKB-11,EFO:0022587
Mel007 cell,Mel007,EFO:0022590
CAL-33 cell,CAL-33,EFO:0022592
CAL-33 cell,CAL-33,EFO:0022592
HCN-1A cell,HCN-1A,EFO:0022594
HCN-1A cell,HCN-1A,EFO:0022594
PNT-2 cell,PNT2,EFO:0022595
PNT2 cell,PNT2,EFO:0022595
nucleosome,nucleosome,EFO:0022596
Nucleosome,nucleosome,EFO:0022596
Immune Repertoire Deep Sequencing,immune sequencing,EFO:0030006
RCH-ACV cell,RCH-ACV,EFO:0030017
Ghrelin Measurement,ghrelin measurement,EFO:0600001
S100 Calcium-Binding Protein B Measurement,S100 calcium-binding protein B measurement,EFO:0600012
heart left atrium capacity,left atrial volume measurement,EFO:0600035
Resistance Training,resistance training,EFO:0600037
Leucine Rich Alpha-2-Glycoprotein 1 Measurement,plasma leucine rich alpha-2-glycoprotein 1 measurement,EFO:0600050
Blood group,blood group,EFO:0600058
Blood group,ABO blood group,EFO:0600059
A血型,blood group A,EFO:0600060
Blood group B,blood group B,EFO:0600061
AB血型,blood group AB,EFO:0600062
Blood group O,blood group O,EFO:0600063
PP interval,PP interval,EFO:0600085
Appendectomy,appendectomy,EFO:0600086
complement factor H-related protein 4 (human),complement factor H-related protein 4 measurement,EFO:0600091
Birt-Hogg-Dube syndrome,Birt-Hogg-Dube syndrome,EFO:0700020
obsolete_Birt-Hogg-Dube Syndrome,Birt-Hogg-Dube syndrome,EFO:0700020
Birt-Hogg-Dube Syndrome,Birt-Hogg-Dube syndrome,EFO:0700020
lysosomal acid lipase deficiency,lysosomal acid lipase deficiency,EFO:0700022
lysosomal acid lipase deficiency,lysosomal acid lipase deficiency,EFO:0700022
Nicotinamide Phosphoribosyltransferase,visfatin measurement,EFO:0801230
Erken boşalma,premature ejaculation,EFO:0803321
premature ejaculation,premature ejaculation,EFO:0803321
galactosylceramidase activity,blood galactosylceramidase activity measurement,EFO:0803535
multiple sclerosis,multiple sclerosis symptom measurement,EFO:0803536
Loeys-Dietz syndrome 5,Rienhoff syndrome,EFO:1000012
Rienhoff syndrome,Rienhoff syndrome,EFO:1000012
Prinzmetal angina,Prinzmetal's angina,EFO:1000013
Prinzmetal angina,Prinzmetal's angina,EFO:1000013
Acidose,acidosis,EFO:1000014
acidosis disorder,acidosis,EFO:1000014
aldosterone-producing adenoma,aldosterone-producing adenoma,EFO:1000015
aldosterone-producing adrenal cortex adenoma,aldosterone-producing adenoma,EFO:1000015
Aldosterone-Producing Adrenal Cortical Adenoma,aldosterone-producing adenoma,EFO:1000015
autosomal recessive disease,autosomal recessive disease,EFO:1000017
autosomal recessive disease,autosomal recessive disease,EFO:1000017
bladder disease,bladder disease,EFO:1000018
urinary bladder disorder,bladder disease,EFO:1000018
Bladder Disorder,bladder disease,EFO:1000018
breast synovial sarcoma,breast synovial sarcoma,EFO:1000019
breast synovial sarcoma,breast synovial sarcoma,EFO:1000019
cecum adenocarcinoma,cecum adenocarcinoma,EFO:1000020
cecum adenocarcinoma,cecum adenocarcinoma,EFO:1000020
cecum adenocarcinoma,cecum adenocarcinoma,EFO:1000020
Cecum Adenocarcinoma,cecum adenocarcinoma,EFO:1000020
cecum carcinoma,cecum carcinoma,EFO:1000021
cecum carcinoma,cecum carcinoma,EFO:1000021
cecum carcinoma,cecum carcinoma,EFO:1000021
Cecum Carcinoma,cecum carcinoma,EFO:1000021
chronic cystitis,chronic cystitis,EFO:1000023
chronic cystitis,chronic cystitis,EFO:1000023
Chronic Cystitis,chronic cystitis,EFO:1000023
chronic rhinosinusitis,chronic rhinosinusitis,EFO:1000024
Chronic Sinusitis,chronic rhinosinusitis,EFO:1000024
cystitis,cystitis,EFO:1000025
cystitis,cystitis,EFO:1000025
Cystitis,cystitis,EFO:1000025
diffuse intrinsic pontine glioma,diffuse intrinsic pontine glioma,EFO:1000026
diffuse intrinsic pontine glioma,diffuse intrinsic pontine glioma,EFO:1000026
Diffuse Intrinsic Pontine Glioma,diffuse intrinsic pontine glioma,EFO:1000026
ependymal neoplasm,ependymal neoplasm,EFO:1000027
ependymal tumor,ependymal neoplasm,EFO:1000027
Ependymal Tumor,ependymal neoplasm,EFO:1000027
benign ependymoma,ependymoma,EFO:1000028
ependymoma,ependymoma,EFO:1000028
Ependymoma,ependymoma,EFO:1000028
gastric adenosquamous carcinoma,gastric adenosquamous carcinoma,EFO:1000029
gastric adenosquamous carcinoma,gastric adenosquamous carcinoma,EFO:1000029
gastric adenosquamous carcinoma,gastric adenosquamous carcinoma,EFO:1000029
Gastric Adenosquamous Carcinoma,gastric adenosquamous carcinoma,EFO:1000029
gastric tubular adenocarcinoma,gastric tubular adenocarcinoma,EFO:1000030
gastric tubular adenocarcinoma,gastric tubular adenocarcinoma,EFO:1000030
gastric tubular adenocarcinoma,gastric tubular adenocarcinoma,EFO:1000030
Gastric Tubular Adenocarcinoma,gastric tubular adenocarcinoma,EFO:1000030
granulosa cell tumor,granulosa cell tumor,EFO:1000032
granulosa cell tumor,granulosa cell tumor,EFO:1000032
granulosa cell tumor,granulosa cell tumor,EFO:1000032
Granulosa Cell Tumor,granulosa cell tumor,EFO:1000032
hydrolethalus syndrome,obsolete_hydrolethalus syndrome,EFO:1000033
indeterminate colitis,indeterminate colitis,EFO:1000034
Colitis of Indeterminate Type,indeterminate colitis,EFO:1000034
infectious colitis,infectious colitis,EFO:1000035
Infectious Colitis,infectious colitis,EFO:1000035
lactic acidosis,lactic acidosis,EFO:1000036
lactic acidosis,lactic acidosis,EFO:1000036
lung carcinoid tumor,lung carcinoid tumor,EFO:1000037
lung carcinoid tumor,lung carcinoid tumor,EFO:1000037
Lung Carcinoid Tumor,lung carcinoid tumor,EFO:1000037
lung mucoepidermoid carcinoma,obsolete_lung mucoepidermoid carcinoma,EFO:1000038
meningeal tuberculosis,meningeal tuberculosis,EFO:1000039
Meningeal Tuberculosis,meningeal tuberculosis,EFO:1000039
breast metaplastic carcinoma,metaplastic breast carcinoma,EFO:1000040
metaplastic breast carcinoma,metaplastic breast carcinoma,EFO:1000040
metaplastic breast carcinoma,metaplastic breast carcinoma,EFO:1000040
Breast Metaplastic Carcinoma,metaplastic breast carcinoma,EFO:1000040
nephrosclerosis,nephrosclerosis,EFO:1000041
nephrosclerosis,nephrosclerosis,EFO:1000041
ovarian clear cell adenocarcinoma,ovarian clear cell adenocarcinoma,EFO:1000042
ovarian clear cell adenocarcinoma,ovarian clear cell adenocarcinoma,EFO:1000042
ovarian clear cell adenocarcinoma,ovarian clear cell adenocarcinoma,EFO:1000042
Ovarian Clear Cell Adenocarcinoma,ovarian clear cell adenocarcinoma,EFO:1000042
ovarian serous cystadenocarcinoma,ovarian serous cystadenocarcinoma,EFO:1000043
ovarian serous cystadenocarcinoma,ovarian serous cystadenocarcinoma,EFO:1000043
ovarian serous cystadenocarcinoma,ovarian serous cystadenocarcinoma,EFO:1000043
Ovarian Serous Cystadenocarcinoma,ovarian serous cystadenocarcinoma,EFO:1000043
pancreatic adenocarcinoma,pancreatic adenocarcinoma,EFO:1000044
pancreatic adenocarcinoma,pancreatic adenocarcinoma,EFO:1000044
pancreatic adenocarcinoma,pancreatic adenocarcinoma,EFO:1000044
Pancreatic Adenocarcinoma,pancreatic adenocarcinoma,EFO:1000044
islet cell tumor,pancreatic neuroendocrine tumor,EFO:1000045
pancreatic neuroendocrine tumor,pancreatic neuroendocrine tumor,EFO:1000045
Pancreatic Neuroendocrine Tumor,pancreatic neuroendocrine tumor,EFO:1000045
lung papillary adenocarcinoma,papillary lung adenocarcinoma,EFO:1000046
papillary lung adenocarcinoma,papillary lung adenocarcinoma,EFO:1000046
papillary lung adenocarcinoma,papillary lung adenocarcinoma,EFO:1000046
Lung Papillary Adenocarcinoma,papillary lung adenocarcinoma,EFO:1000046
pleomorphic breast carcinoma,pleomorphic breast carcinoma,EFO:1000047
pleomorphic breast carcinoma,pleomorphic breast carcinoma,EFO:1000047
Breast Pleomorphic Carcinoma,pleomorphic breast carcinoma,EFO:1000047
pulmonary tuberculosis,pulmonary tuberculosis,EFO:1000049
pulmonary tuberculosis,pulmonary tuberculosis,EFO:1000049
Pulmonary Tuberculosis,pulmonary tuberculosis,EFO:1000049
renal leiomyoma,renal leiomyoma,EFO:1000050
renal leiomyoma,renal leiomyoma,EFO:1000050
Kidney Leiomyoma,renal leiomyoma,EFO:1000050
reproductive system neoplasm,reproductive system neoplasm,EFO:1000051
reproductive system neoplasm,reproductive system neoplasm,EFO:1000051
Reproductive System Neoplasm,reproductive system neoplasm,EFO:1000051
sex cord-gonadal stromal tumor,sex cord-stromal tumor,EFO:1000052
obsolete_sex cord-gonadal stromal tumor,sex cord-stromal tumor,EFO:1000052
sex cord-stromal tumor,sex cord-stromal tumor,EFO:1000052
sex cord-stromal tumor,sex cord-stromal tumor,EFO:1000052
Sex Cord-Stromal Tumor,sex cord-stromal tumor,EFO:1000052
breast squamous cell carcinoma,squamous cell breast carcinoma,EFO:1000053
squamous cell breast carcinoma,squamous cell breast carcinoma,EFO:1000053
squamous cell breast carcinoma,squamous cell breast carcinoma,EFO:1000053
Breast Squamous Cell Carcinoma,squamous cell breast carcinoma,EFO:1000053
thymus lymphoma,thymic lymphoma,EFO:1000054
thymic lymphoma,thymic lymphoma,EFO:1000054
thymus lymphoma,thymic lymphoma,EFO:1000054
Thymic Lymphoma,thymic lymphoma,EFO:1000054
tongue squamous cell carcinoma,tongue squamous cell carcinoma,EFO:1000055
nasal cavity squamous cell carcinoma,nasal cavity squamous cell carcinoma,EFO:1000057
nasal cavity squamous cell carcinoma,nasal cavity squamous cell carcinoma,EFO:1000057
nasal cavity squamous cell carcinoma,nasal cavity squamous cell carcinoma,EFO:1000057
Nasal Cavity Squamous Cell Carcinoma,nasal cavity squamous cell carcinoma,EFO:1000057
nasopharyngeal squamous cell carcinoma,nasopharyngeal squamous cell carcinoma,EFO:1000058
nasopharyngeal squamous cell carcinoma,nasopharyngeal squamous cell carcinoma,EFO:1000058
Nasopharyngeal Squamous Cell Carcinoma,nasopharyngeal squamous cell carcinoma,EFO:1000058
Nasopharyngeal Carcinoma,nasopharyngeal squamous cell carcinoma,EFO:1000058
cervical artery dissection,cervical artery dissection,EFO:1000059
intestinal disaccharidase deficiency,intestinal disaccharide deficiency and disaccharide malabsorption,EFO:1000060
intestinal disaccharidase deficiency,intestinal disaccharide deficiency and disaccharide malabsorption,EFO:1000060
Intestinal Disaccharidase Deficiency and Disaccharide Malabsorption,intestinal disaccharide deficiency and disaccharide malabsorption,EFO:1000060
lactose intolerance,lactose intolerance,EFO:1000062
Intolerancia a la lactosa,lactose intolerance,EFO:1000062
lactose intolerance,lactose intolerance,EFO:1000062
Lactose Intolerance,lactose intolerance,EFO:1000062
lactose intolerance adult type,lactose intolerance adult type,EFO:1000063
"Acinar Prostate Adenocarcinoma, Foamy Gland Variant","Acinar Prostate Adenocarcinoma, Foamy Gland Variant",EFO:1000064
"acinar prostate adenocarcinoma, foamy gland variant","Acinar Prostate Adenocarcinoma, Foamy Gland Variant",EFO:1000064
Prostate Acinar Foamy Gland Adenocarcinoma,"Acinar Prostate Adenocarcinoma, Foamy Gland Variant",EFO:1000064
prostate colloid adenocarcinoma,Acinar Prostate Mucinous Adenocarcinoma,EFO:1000065
Acinar Prostate Mucinous Adenocarcinoma,Acinar Prostate Mucinous Adenocarcinoma,EFO:1000065
acinar prostate mucinous adenocarcinoma,Acinar Prostate Mucinous Adenocarcinoma,EFO:1000065
Prostate Acinar Mucinous Adenocarcinoma,Acinar Prostate Mucinous Adenocarcinoma,EFO:1000065
ACTH-Producing Pituitary Gland Adenoma,ACTH-Producing Pituitary Gland Adenoma,EFO:1000066
ACTH-producing pituitary gland adenoma,ACTH-Producing Pituitary Gland Adenoma,EFO:1000066
Corticotroph Pituitary Neuroendocrine Tumor,ACTH-Producing Pituitary Gland Adenoma,EFO:1000066
malignant ACTH producing neoplasm of pituitary gland,ACTH-Producing Pituitary Gland Carcinoma,EFO:1000067
ACTH-Producing Pituitary Gland Carcinoma,ACTH-Producing Pituitary Gland Carcinoma,EFO:1000067
ACTH-producing pituitary gland carcinoma,ACTH-Producing Pituitary Gland Carcinoma,EFO:1000067
Metastatic Corticotroph Pituitary Neuroendocrine Tumor,ACTH-Producing Pituitary Gland Carcinoma,EFO:1000067
acute leukemia,Acute Leukemia,EFO:1000068
Acute Leukemia,Acute Leukemia,EFO:1000068
Acute leukemia,Acute Leukemia,EFO:1000068
acute leukemia,Acute Leukemia,EFO:1000068
Acute Undifferentiated Leukemia,Acute Leukemia,EFO:1000068
Acute Leukemia,Acute Leukemia,EFO:1000068
adenofibroma,Adenofibroma,EFO:1000070
Adenofibroma,Adenofibroma,EFO:1000070
adenofibroma,Adenofibroma,EFO:1000070
Female Reproductive System Adenofibroma,Adenofibroma,EFO:1000070
breast adenoid cystic carcinoma,Adenoid Cystic Breast Carcinoma,EFO:1000071
Adenoid Cystic Breast Carcinoma,Adenoid Cystic Breast Carcinoma,EFO:1000071
adenoid cystic breast carcinoma,Adenoid Cystic Breast Carcinoma,EFO:1000071
Breast Adenoid Cystic Carcinoma,Adenoid Cystic Breast Carcinoma,EFO:1000071
Adenomatoid Odontogenic Tumor,Adenomatoid Odontogenic Tumor,EFO:1000072
adenomatoid odontogenic tumor,Adenomatoid Odontogenic Tumor,EFO:1000072
Adenomatoid Odontogenic Tumor,Adenomatoid Odontogenic Tumor,EFO:1000072
adenosquamous carcinoma,Adenosquamous Carcinoma,EFO:1000073
Adenosquamous Carcinoma,Adenosquamous Carcinoma,EFO:1000073
adenosquamous carcinoma,Adenosquamous Carcinoma,EFO:1000073
Adenosquamous Carcinoma,Adenosquamous Carcinoma,EFO:1000073
Adrenal Gland Myelolipoma,Adrenal Gland Myelolipoma,EFO:1000074
adrenal gland myelolipoma,Adrenal Gland Myelolipoma,EFO:1000074
Adrenal Gland Myelolipoma,Adrenal Gland Myelolipoma,EFO:1000074
adrenal neuroblastoma,Adrenal Gland Neuroblastoma,EFO:1000075
adrenal gland neuroblastoma,Adrenal Gland Neuroblastoma,EFO:1000075
Adrenal Gland Neuroblastoma,Adrenal Gland Neuroblastoma,EFO:1000075
adrenal medullary hyperplasia,Adrenal Medullary Hyperplasia,EFO:1000076
Adrenal Medullary Hyperplasia,Adrenal Medullary Hyperplasia,EFO:1000076
AIDS-Related Primary Central Nervous System Lymphoma,AIDS-Related Primary Central Nervous System Lymphoma,EFO:1000077
AIDS-related primary central nervous system lymphoma,AIDS-Related Primary Central Nervous System Lymphoma,EFO:1000077
AIDS-Related Primary Central Nervous System Lymphoma,AIDS-Related Primary Central Nervous System Lymphoma,EFO:1000077
Ameloblastic Carcinoma,Ameloblastic Carcinoma,EFO:1000078
ameloblastic carcinoma,Ameloblastic Carcinoma,EFO:1000078
Ameloblastic Carcinoma,Ameloblastic Carcinoma,EFO:1000078
ampulla of Vater carcinoma,Ampulla of Vater Carcinoma,EFO:1000079
Ampulla of Vater Carcinoma,Ampulla of Vater Carcinoma,EFO:1000079
carcinoma of the ampulla of vater,Ampulla of Vater Carcinoma,EFO:1000079
Ampulla of Vater Carcinoma,Ampulla of Vater Carcinoma,EFO:1000079
malignant anus melanoma,Anal Melanoma,EFO:1000080
Anal Melanoma,Anal Melanoma,EFO:1000080
anal melanoma,Anal Melanoma,EFO:1000080
Anal Melanoma,Anal Melanoma,EFO:1000080
anal squamous cell carcinoma,Anal Squamous Cell Carcinoma,EFO:1000081
Anal Squamous Cell Carcinoma,Anal Squamous Cell Carcinoma,EFO:1000081
anal squamous cell carcinoma,Anal Squamous Cell Carcinoma,EFO:1000081
Anal Squamous Cell Carcinoma,Anal Squamous Cell Carcinoma,EFO:1000081
"Anaplastic Large Cell Lymphoma, ALK-Negative","Anaplastic Large Cell Lymphoma, ALK-Negative",EFO:1000083
ALK-negative anaplastic large cell lymphoma,"Anaplastic Large Cell Lymphoma, ALK-Negative",EFO:1000083
"Anaplastic Large Cell Lymphoma, ALK-Negative","Anaplastic Large Cell Lymphoma, ALK-Negative",EFO:1000083
angiomyoma,Angioleiomyoma,EFO:1000084
Angioleiomyoma,Angioleiomyoma,EFO:1000084
angiomyoma,Angioleiomyoma,EFO:1000084
angioleiomyoma,Angioleiomyoma,EFO:1000084
Angioleiomyoma,Angioleiomyoma,EFO:1000084
angiolipoma,Angiolipoma,EFO:1000085
Angiolipoma,Angiolipoma,EFO:1000085
angiolipoma,Angiolipoma,EFO:1000085
Angiolipoma,Angiolipoma,EFO:1000085
Angiomyxoma,Angiomyxoma,EFO:1000087
angiomyxoma,Angiomyxoma,EFO:1000087
Angiomyxoma,Angiomyxoma,EFO:1000087
appendix adenocarcinoma,Appendix Adenocarcinoma,EFO:1000088
Appendix Adenocarcinoma,Appendix Adenocarcinoma,EFO:1000088
appendix adenocarcinoma,Appendix Adenocarcinoma,EFO:1000088
Appendix Adenocarcinoma,Appendix Adenocarcinoma,EFO:1000088
Appendix Adenoma,Appendix Adenoma,EFO:1000089
appendix adenoma,Appendix Adenoma,EFO:1000089
Appendix Adenoma,Appendix Adenoma,EFO:1000089
Appendix Goblet Cell Carcinoid,Appendix Goblet Cell Carcinoid,EFO:1000090
Appendix Goblet Cell Adenocarcinoma,Appendix Goblet Cell Carcinoid,EFO:1000090
appendix hyperplastic polyp,Appendix Hyperplastic Polyp,EFO:1000091
Appendix Hyperplastic Polyp,Appendix Hyperplastic Polyp,EFO:1000091
appendix carcinoid tumor,Appendix Neuroendocrine Tumor G1,EFO:1000092
Appendix Neuroendocrine Tumor G1,Appendix Neuroendocrine Tumor G1,EFO:1000092
appendix neuroendocrine tumor G1,Appendix Neuroendocrine Tumor G1,EFO:1000092
Appendix Neuroendocrine Tumor G1,Appendix Neuroendocrine Tumor G1,EFO:1000092
Appendix Villous Adenoma,Appendix Villous Adenoma,EFO:1000093
appendix villous adenoma,Appendix Villous Adenoma,EFO:1000093
Appendix Villous Adenoma,Appendix Villous Adenoma,EFO:1000093
Ascending Colon Neuroendocrine Tumor G1,Ascending Colon Neuroendocrine Tumor G1,EFO:1000094
ascending colon neuroendocrine tumor G1,Ascending Colon Neuroendocrine Tumor G1,EFO:1000094
Ascending Colon Neuroendocrine Tumor G1,Ascending Colon Neuroendocrine Tumor G1,EFO:1000094
Askin's tumor,Askin Tumor,EFO:1000095
Askin Tumor,Askin Tumor,EFO:1000095
Askin tumor,Askin Tumor,EFO:1000095
Askin Tumor,Askin Tumor,EFO:1000095
Atypical Carcinoid Tumor,Atypical Carcinoid Tumor,EFO:1000097
atypical carcinoid tumor,Atypical Carcinoid Tumor,EFO:1000097
Atypical Carcinoid Tumor,Atypical Carcinoid Tumor,EFO:1000097
atypical endometrial hyperplasia,Atypical Endometrial Hyperplasia,EFO:1000098
Atypical Endometrial Hyperplasia,Atypical Endometrial Hyperplasia,EFO:1000098
well-differentiated liposarcoma,Atypical Lipomatous Tumor,EFO:1000099
Atypical Lipomatous Tumor,Atypical Lipomatous Tumor,EFO:1000099
atypical lipomatous tumor,Atypical Lipomatous Tumor,EFO:1000099
Well Differentiated Liposarcoma,Atypical Lipomatous Tumor,EFO:1000099
Atypical Lipomatous Tumor/Well Differentiated Liposarcoma,Atypical Lipomatous Tumor,EFO:1000099
atypical lobular breast hyperplasia,Atypical Lobular Breast Hyperplasia,EFO:1000100
Breast Atypical Lobular Hyperplasia,Atypical Lobular Breast Hyperplasia,EFO:1000100
B-cell prolymphocytic leukemia,B-Cell Prolymphocytic Leukemia,EFO:1000102
B-Cell Prolymphocytic Leukemia,B-Cell Prolymphocytic Leukemia,EFO:1000102
B-cell prolymphocytic leukemia,B-Cell Prolymphocytic Leukemia,EFO:1000102
B-Cell Prolymphocytic Leukemia,B-Cell Prolymphocytic Leukemia,EFO:1000102
Bartholin's gland carcinoma,Bartholin Gland Carcinoma,EFO:1000103
Bartholin's gland cancer,Bartholin Gland Carcinoma,EFO:1000103
Bartholin Gland Carcinoma,Bartholin Gland Carcinoma,EFO:1000103
Bartholin bezi karsinomu,Bartholin Gland Carcinoma,EFO:1000103
bartholin gland carcinoma,Bartholin Gland Carcinoma,EFO:1000103
Bartholin Gland Carcinoma,Bartholin Gland Carcinoma,EFO:1000103
Bartholin's gland squamous cell carcinoma,Bartholin Gland Squamous Cell Carcinoma,EFO:1000104
Bartholin Gland Squamous Cell Carcinoma,Bartholin Gland Squamous Cell Carcinoma,EFO:1000104
bartholin gland squamous cell carcinoma,Bartholin Gland Squamous Cell Carcinoma,EFO:1000104
Bartholin Gland Squamous Cell Carcinoma,Bartholin Gland Squamous Cell Carcinoma,EFO:1000104
Basaloid Carcinoma,Basaloid Carcinoma,EFO:1000105
basaloid carcinoma,Basaloid Carcinoma,EFO:1000105
Basaloid Carcinoma,Basaloid Carcinoma,EFO:1000105
Benign Adrenal Gland Pheochromocytoma,Benign Adrenal Gland Pheochromocytoma,EFO:1000106
benign adrenal gland pheochromocytoma,Benign Adrenal Gland Pheochromocytoma,EFO:1000106
Non-Metastatic Adrenal Gland Pheochromocytoma,Benign Adrenal Gland Pheochromocytoma,EFO:1000106
benign neoplasm of brain,Benign Brain Neoplasm,EFO:1000107
Benign Brain Neoplasm,Benign Brain Neoplasm,EFO:1000107
Benign Carotid Body Paraganglioma,Benign Carotid Body Paraganglioma,EFO:1000108
benign carotid body paraganglioma,Benign Carotid Body Paraganglioma,EFO:1000108
Non-Metastatic Carotid Body Paraganglioma,Benign Carotid Body Paraganglioma,EFO:1000108
benign conjunctival neoplasm,Benign Conjunctival Neoplasm,EFO:1000110
Benign Conjunctival Neoplasm,Benign Conjunctival Neoplasm,EFO:1000110
ovarian benign neoplasm,Benign Ovarian Neoplasm,EFO:1000116
ovarian benign neoplasm,Benign Ovarian Neoplasm,EFO:1000116
Benign Ovarian Neoplasm,Benign Ovarian Neoplasm,EFO:1000116
Benign Smooth Muscle Neoplasm,Benign Smooth Muscle Neoplasm,EFO:1000121
benign smooth muscle neoplasm,Benign Smooth Muscle Neoplasm,EFO:1000121
Benign Smooth Muscle Neoplasm,Benign Smooth Muscle Neoplasm,EFO:1000121
Benign Thyroid Gland Neoplasm,Benign Thyroid Gland Neoplasm,EFO:1000122
benign thyroid gland neoplasm,Benign Thyroid Gland Neoplasm,EFO:1000122
Benign Thyroid Gland Neoplasm,Benign Thyroid Gland Neoplasm,EFO:1000122
bile duct adenoma,Bile Duct Adenoma,EFO:1000123
Bile Duct Adenoma,Bile Duct Adenoma,EFO:1000123
bile duct adenoma,Bile Duct Adenoma,EFO:1000123
Bile Duct Adenoma,Bile Duct Adenoma,EFO:1000123
malignant biphasic mesothelioma,Biphasic Mesothelioma,EFO:1000124
Biphasic Mesothelioma,Biphasic Mesothelioma,EFO:1000124
malignant biphasic mesothelioma,Biphasic Mesothelioma,EFO:1000124
Biphasic Mesothelioma,Biphasic Mesothelioma,EFO:1000124
bladder adenocarcinoma,Bladder Adenocarcinoma,EFO:1000125
Bladder Adenocarcinoma,Bladder Adenocarcinoma,EFO:1000125
bladder adenocarcinoma,Bladder Adenocarcinoma,EFO:1000125
Bladder Adenocarcinoma,Bladder Adenocarcinoma,EFO:1000125
bladder flat intraepithelial lesion,Bladder Flat Intraepithelial Lesion,EFO:1000126
Bladder Flat Intraepithelial Lesion,Bladder Flat Intraepithelial Lesion,EFO:1000126
bladder flat intraepithelial lesion,Bladder Flat Intraepithelial Lesion,EFO:1000126
Bladder Urothelial Carcinoma In Situ,Bladder Flat Intraepithelial Lesion,EFO:1000126
Bladder Inflammatory Myofibroblastic Tumor,Bladder Inflammatory Myofibroblastic Tumor,EFO:1000127
bladder inflammatory myofibroblastic tumor,Bladder Inflammatory Myofibroblastic Tumor,EFO:1000127
Bladder Inflammatory Myofibroblastic Tumor,Bladder Inflammatory Myofibroblastic Tumor,EFO:1000127
urinary bladder small cell neuroendocrine carcinoma,Bladder Small Cell Neuroendocrine Carcinoma,EFO:1000129
Bladder Small Cell Neuroendocrine Carcinoma,Bladder Small Cell Neuroendocrine Carcinoma,EFO:1000129
urinary bladder small cell neuroendocrine carcinoma,Bladder Small Cell Neuroendocrine Carcinoma,EFO:1000129
Bladder Small Cell Neuroendocrine Carcinoma,Bladder Small Cell Neuroendocrine Carcinoma,EFO:1000129
bladder squamous cell carcinoma,Bladder Squamous Cell Carcinoma,EFO:1000130
Bladder Squamous Cell Carcinoma,Bladder Squamous Cell Carcinoma,EFO:1000130
bladder squamous cell carcinoma,Bladder Squamous Cell Carcinoma,EFO:1000130
Bladder Squamous Cell Carcinoma,Bladder Squamous Cell Carcinoma,EFO:1000130
"Blast Phase Chronic Myelogenous Leukemia, BCR-ABL1 Positive","Blast Phase Chronic Myelogenous Leukemia, BCR-ABL1 Positive",EFO:1000131
"blast phase chronic myelogenous leukemia, BCR-ABL1 positive","Blast Phase Chronic Myelogenous Leukemia, BCR-ABL1 Positive",EFO:1000131
"Blast Phase Chronic Myeloid Leukemia, BCR-ABL1 Positive","Blast Phase Chronic Myelogenous Leukemia, BCR-ABL1 Positive",EFO:1000131
borderline ovarian serous tumor,Borderline Ovarian Serous Tumor,EFO:1000139
Borderline Ovarian Serous Tumor,Borderline Ovarian Serous Tumor,EFO:1000139
borderline epithelial tumor of ovary,Borderline Ovarian Surface Epithelial-Stromal Tumor,EFO:1000140
Borderline Ovarian Epithelial Tumor,Borderline Ovarian Surface Epithelial-Stromal Tumor,EFO:1000140
brain stem glioma,Brain Stem Glioma,EFO:1000142
brain stem glioma,Brain Stem Glioma,EFO:1000142
Brain Stem Glioma,Brain Stem Glioma,EFO:1000142
Breast Carcinoma by Gene Expression Profile,Breast Carcinoma by Gene Expression Profile,EFO:1000143
breast carcinoma by gene expression profile,Breast Carcinoma by Gene Expression Profile,EFO:1000143
Breast Carcinoma by Gene Expression Profile,Breast Carcinoma by Gene Expression Profile,EFO:1000143
Breast Diffuse Large B-Cell Lymphoma,Breast Diffuse Large B-Cell Lymphoma,EFO:1000144
breast diffuse large B-cell lymphoma,Breast Diffuse Large B-Cell Lymphoma,EFO:1000144
Breast Diffuse Large B-Cell Lymphoma,Breast Diffuse Large B-Cell Lymphoma,EFO:1000144
fibrosclerosis of breast,breast fibrosis,EFO:1000145
breast fibrosis,breast fibrosis,EFO:1000145
breast fibrosis,breast fibrosis,EFO:1000145
Breast Fibrosis,breast fibrosis,EFO:1000145
Breast Mucosa-Associated Lymphoid Tissue Lymphoma,Breast Mucosa-Associated Lymphoid Tissue Lymphoma,EFO:1000146
breast mucosa-associated lymphoid tissue lymphoma,Breast Mucosa-Associated Lymphoid Tissue Lymphoma,EFO:1000146
Breast Mucosa-Associated Lymphoid Tissue Lymphoma,Breast Mucosa-Associated Lymphoid Tissue Lymphoma,EFO:1000146
C-cell hyperplasia,C-Cell Hyperplasia,EFO:1000147
C-Cell Hyperplasia,C-Cell Hyperplasia,EFO:1000147
Calcifying Fibrous Tumor,Calcifying Fibrous Tumor,EFO:1000148
calcifying fibrous tumor,Calcifying Fibrous Tumor,EFO:1000148
Calcifying Fibrous Tumor,Calcifying Fibrous Tumor,EFO:1000148
Calcifying Nested Epithelial Stromal Tumor of the Liver,Calcifying Nested Epithelial Stromal Tumor of the Liver,EFO:1000149
calcifying nested epithelial stromal tumor of the liver,Calcifying Nested Epithelial Stromal Tumor of the Liver,EFO:1000149
Calcifying Nested Stromal-Epithelial Tumor,Calcifying Nested Epithelial Stromal Tumor of the Liver,EFO:1000149
Cardiac Rhabdomyoma,Cardiac Rhabdomyoma,EFO:1000150
Cardiaal rhabdomyoom,Cardiac Rhabdomyoma,EFO:1000150
cardiac rhabdomyoma,Cardiac Rhabdomyoma,EFO:1000150
Cardiac Rhabdomyoma,Cardiac Rhabdomyoma,EFO:1000150
cavernous hemangioma,Cavernous Hemangioma,EFO:1000151
Cavernous Hemangioma,Cavernous Hemangioma,EFO:1000151
Caverneus hemangioom,Cavernous Hemangioma,EFO:1000151
cavernous hemangioma,Cavernous Hemangioma,EFO:1000151
Cavernous Hemangioma,Cavernous Hemangioma,EFO:1000151
cavernous hemangioma of face,Cavernous Hemangioma of the Face,EFO:1000152
Cavernous Hemangioma of the Face,Cavernous Hemangioma of the Face,EFO:1000152
Caverneus hemangioom van het gezicht,Cavernous Hemangioma of the Face,EFO:1000152
cavernous hemangioma of face,Cavernous Hemangioma of the Face,EFO:1000152
Cavernous Hemangioma of the Face,Cavernous Hemangioma of the Face,EFO:1000152
Cecum Neuroendocrine Tumor G1,Cecum Neuroendocrine Tumor G1,EFO:1000154
cecum neuroendocrine tumor G1,Cecum Neuroendocrine Tumor G1,EFO:1000154
Cecum Neuroendocrine Tumor G1,Cecum Neuroendocrine Tumor G1,EFO:1000154
cecum adenoma,Cecum Villous Adenoma,EFO:1000155
Cecum Villous Adenoma,Cecum Villous Adenoma,EFO:1000155
cecum villous adenoma,Cecum Villous Adenoma,EFO:1000155
Cecum Villous Adenoma,Cecum Villous Adenoma,EFO:1000155
Central Nervous System Anaplastic Large Cell Lymphoma,Central Nervous System Anaplastic Large Cell Lymphoma,EFO:1000156
central nervous system anaplastic large cell lymphoma,Central Nervous System Anaplastic Large Cell Lymphoma,EFO:1000156
Central Nervous System Anaplastic Large Cell Lymphoma,Central Nervous System Anaplastic Large Cell Lymphoma,EFO:1000156
central nervous system lymphoma,Central Nervous System Lymphoma,EFO:1000157
Central Nervous System Lymphoma,Central Nervous System Lymphoma,EFO:1000157
primary central nervous system lymphoma,Central Nervous System Lymphoma,EFO:1000157
Central Nervous System Lymphoma,Central Nervous System Lymphoma,EFO:1000157
Central Nervous System Neoplasm,Central Nervous System Neoplasm,EFO:1000158
central nervous system neoplasm,Central Nervous System Neoplasm,EFO:1000158
Central Nervous System Neoplasm,Central Nervous System Neoplasm,EFO:1000158
cerebellar liponeurocytoma,Cerebellar Liponeurocytoma,EFO:1000159
Cerebellar Liponeurocytoma,Cerebellar Liponeurocytoma,EFO:1000159
cerebellar liponeurocytoma,Cerebellar Liponeurocytoma,EFO:1000159
Cerebellar Liponeurocytoma,Cerebellar Liponeurocytoma,EFO:1000159
cervical adenoid basal carcinoma,Cervical Adenoid Basal Carcinoma,EFO:1000160
Cervical Adenoid Basal Carcinoma,Cervical Adenoid Basal Carcinoma,EFO:1000160
cervical adenoid basal carcinoma,Cervical Adenoid Basal Carcinoma,EFO:1000160
Cervical Adenoid Basal Carcinoma,Cervical Adenoid Basal Carcinoma,EFO:1000160
cervical adenoid cystic carcinoma,Cervical Adenoid Cystic Carcinoma,EFO:1000161
Cervical Adenoid Cystic Carcinoma,Cervical Adenoid Cystic Carcinoma,EFO:1000161
cervical adenoid cystic carcinoma,Cervical Adenoid Cystic Carcinoma,EFO:1000161
Cervical Adenoid Cystic Carcinoma,Cervical Adenoid Cystic Carcinoma,EFO:1000161
cervical adenosquamous carcinoma,Cervical Adenosquamous Carcinoma,EFO:1000162
Cervical Adenosquamous Carcinoma,Cervical Adenosquamous Carcinoma,EFO:1000162
cervical adenosquamous carcinoma,Cervical Adenosquamous Carcinoma,EFO:1000162
Cervical Adenosquamous Carcinoma,Cervical Adenosquamous Carcinoma,EFO:1000162
cervical clear cell adenocarcinoma,Cervical Clear Cell Adenocarcinoma,EFO:1000163
Cervical Clear Cell Adenocarcinoma,Cervical Clear Cell Adenocarcinoma,EFO:1000163
cervical clear cell adenocarcinoma,Cervical Clear Cell Adenocarcinoma,EFO:1000163
"Human Papillomavirus-Independent Cervical Adenocarcinoma, Clear Cell-Type",Cervical Clear Cell Adenocarcinoma,EFO:1000163
cervical endometrioid adenocarcinoma,Cervical Endometrioid Adenocarcinoma,EFO:1000164
Cervical Endometrioid Adenocarcinoma,Cervical Endometrioid Adenocarcinoma,EFO:1000164
cervical endometrioid adenocarcinoma,Cervical Endometrioid Adenocarcinoma,EFO:1000164
Cervical Endometrioid Adenocarcinoma,Cervical Endometrioid Adenocarcinoma,EFO:1000164
Cervical Intraepithelial Neoplasia Grade 2/3,Cervical Intraepithelial Neoplasia Grade 2/3,EFO:1000166
cervical intraepithelial neoplasia grade 2/3,Cervical Intraepithelial Neoplasia Grade 2/3,EFO:1000166
Cervical Intraepithelial Neoplasia Grade 2/3,Cervical Intraepithelial Neoplasia Grade 2/3,EFO:1000166
cervical large cell neuroendocrine carcinoma,Cervical Large Cell Neuroendocrine Carcinoma,EFO:1000167
Cervical Large Cell Neuroendocrine Carcinoma,Cervical Large Cell Neuroendocrine Carcinoma,EFO:1000167
cervical large cell neuroendocrine carcinoma,Cervical Large Cell Neuroendocrine Carcinoma,EFO:1000167
Cervical Large Cell Neuroendocrine Carcinoma,Cervical Large Cell Neuroendocrine Carcinoma,EFO:1000167
Cervical Metaplasia,Cervical Metaplasia,EFO:1000168
cervical metaplasia,Cervical Metaplasia,EFO:1000168
cervical adenoma malignum,"Cervical Mucinous Adenocarcinoma, Minimal Deviation Variant",EFO:1000169
"Cervical Mucinous Adenocarcinoma, Minimal Deviation Variant","Cervical Mucinous Adenocarcinoma, Minimal Deviation Variant",EFO:1000169
"cervical mucinous adenocarcinoma, minimal deviation variant","Cervical Mucinous Adenocarcinoma, Minimal Deviation Variant",EFO:1000169
"Human Papillomavirus-Independent Cervical Adenocarcinoma, Gastric-Type","Cervical Mucinous Adenocarcinoma, Minimal Deviation Variant",EFO:1000169
villoglandular variant cervical mucinous adenocarcinoma,"Cervical Mucinous Adenocarcinoma, Villoglandular Variant",EFO:1000170
"Cervical Mucinous Adenocarcinoma, Villoglandular Variant","Cervical Mucinous Adenocarcinoma, Villoglandular Variant",EFO:1000170
cervical villoglandular adenocarcinoma,"Cervical Mucinous Adenocarcinoma, Villoglandular Variant",EFO:1000170
Cervical Villoglandular Adenocarcinoma,"Cervical Mucinous Adenocarcinoma, Villoglandular Variant",EFO:1000170
cervix small cell carcinoma,Cervical Small Cell Carcinoma,EFO:1000171
Cervical Small Cell Carcinoma,Cervical Small Cell Carcinoma,EFO:1000171
cervical small cell carcinoma,Cervical Small Cell Carcinoma,EFO:1000171
Cervical Small Cell Neuroendocrine Carcinoma,Cervical Small Cell Carcinoma,EFO:1000171
cervical squamous cell carcinoma,cervical squamous cell carcinoma,EFO:1000172
cervical squamous cell carcinoma,cervical squamous cell carcinoma,EFO:1000172
cervical squamous cell carcinoma,cervical squamous cell carcinoma,EFO:1000172
Cervical Squamous Cell Carcinoma,cervical squamous cell carcinoma,EFO:1000172
cervical Wilms' tumor,Cervical Wilms Tumor,EFO:1000173
Cervical Wilms Tumor,Cervical Wilms Tumor,EFO:1000173
cervical Wilms tumor,Cervical Wilms Tumor,EFO:1000173
Cervical Wilms Tumor,Cervical Wilms Tumor,EFO:1000173
chondroid chordoma,Chondroid Chordoma,EFO:1000174
Chondroid Chordoma,Chondroid Chordoma,EFO:1000174
chondroid chordoma,Chondroid Chordoma,EFO:1000174
Chondroid Chordoma,Chondroid Chordoma,EFO:1000174
Chondroid Hamartoma,Chondroid Hamartoma,EFO:1000175
chondroid hamartoma,Chondroid Hamartoma,EFO:1000175
Chondroid Hamartoma,Chondroid Hamartoma,EFO:1000175
"Chronic Eosinophilic Leukemia, Not Otherwise Specified","Chronic Eosinophilic Leukemia, Not Otherwise Specified",EFO:1000178
"Chronic Eosinophilic Leukemia, Not Otherwise Specified","Chronic Eosinophilic Leukemia, Not Otherwise Specified",EFO:1000178
chronic neutrophilic leukemia,Chronic Neutrophilic Leukemia,EFO:1000179
Chronic Neutrophilic Leukemia,Chronic Neutrophilic Leukemia,EFO:1000179
chronic neutrophilic leukemia,Chronic Neutrophilic Leukemia,EFO:1000179
Chronic Neutrophilic Leukemia,Chronic Neutrophilic Leukemia,EFO:1000179
Clear Cell Papillary Cystadenoma,Clear Cell Papillary Cystadenoma,EFO:1000181
clear cell papillary cystadenoma,Clear Cell Papillary Cystadenoma,EFO:1000181
Clear Cell Papillary Cystadenoma,Clear Cell Papillary Cystadenoma,EFO:1000181
Colon Burkitt Lymphoma,Colon Burkitt Lymphoma,EFO:1000182
colon Burkitt lymphoma,Colon Burkitt Lymphoma,EFO:1000182
Colon Burkitt Lymphoma,Colon Burkitt Lymphoma,EFO:1000182
colon dysplasia,Colon Dysplasia,EFO:1000183
Colon Dysplasia,Colon Dysplasia,EFO:1000183
Colon Inflammatory Polyp,Colon Inflammatory Polyp,EFO:1000184
colon inflammatory polyp,Colon Inflammatory Polyp,EFO:1000184
Colon Inflammatory Polyp,Colon Inflammatory Polyp,EFO:1000184
colon juvenile polyp,Colon Juvenile Polyp,EFO:1000185
Colon Juvenile Polyp,Colon Juvenile Polyp,EFO:1000185
Colon Mucosa-Associated Lymphoid Tissue Lymphoma,Colon Mucosa-Associated Lymphoid Tissue Lymphoma,EFO:1000186
colon mucosa-associated lymphoid tissue lymphoma,Colon Mucosa-Associated Lymphoid Tissue Lymphoma,EFO:1000186
Colon Mucosa-Associated Lymphoid Tissue Lymphoma,Colon Mucosa-Associated Lymphoid Tissue Lymphoma,EFO:1000186
Colon Neuroendocrine Tumor G1,Colon Neuroendocrine Tumor G1,EFO:1000188
colon neuroendocrine tumor G1,Colon Neuroendocrine Tumor G1,EFO:1000188
Colon Neuroendocrine Tumor G1,Colon Neuroendocrine Tumor G1,EFO:1000188
Colon Sessile Serrated Adenoma/Polyp,Colon Sessile Serrated Adenoma/Polyp,EFO:1000189
colon sessile serrated adenoma/polyp,Colon Sessile Serrated Adenoma/Polyp,EFO:1000189
Colon Serrated Lesions and Polyps,Colon Sessile Serrated Adenoma/Polyp,EFO:1000189
Colorectal Adenosquamous Carcinoma,Colorectal Adenosquamous Carcinoma,EFO:1000190
colorectal adenosquamous carcinoma,Colorectal Adenosquamous Carcinoma,EFO:1000190
Colorectal Adenosquamous Carcinoma,Colorectal Adenosquamous Carcinoma,EFO:1000190
Colorectal Diffuse Large B-Cell Lymphoma,Colorectal Diffuse Large B-Cell Lymphoma,EFO:1000191
colorectal diffuse large B-cell lymphoma,Colorectal Diffuse Large B-Cell Lymphoma,EFO:1000191
Colorectal Diffuse Large B-Cell Lymphoma,Colorectal Diffuse Large B-Cell Lymphoma,EFO:1000191
Colorectal Gastrointestinal Stromal Tumor,Colorectal Gastrointestinal Stromal Tumor,EFO:1000192
colorectal gastrointestinal stromal tumor,Colorectal Gastrointestinal Stromal Tumor,EFO:1000192
Colorectal Gastrointestinal Stromal Tumor,Colorectal Gastrointestinal Stromal Tumor,EFO:1000192
colorectal hamartoma,Colorectal Hamartoma,EFO:1000193
Colorectal Hamartoma,Colorectal Hamartoma,EFO:1000193
Colorectal Juvenile Polyp,Colorectal Juvenile Polyp,EFO:1000194
colorectal juvenile polyp,Colorectal Juvenile Polyp,EFO:1000194
Colorectal Juvenile Polyp,Colorectal Juvenile Polyp,EFO:1000194
Colorectal Neuroendocrine Tumor G1,Colorectal Neuroendocrine Tumor G1,EFO:1000195
colorectal neuroendocrine tumor G1,Colorectal Neuroendocrine Tumor G1,EFO:1000195
Colorectal Neuroendocrine Tumor G1,Colorectal Neuroendocrine Tumor G1,EFO:1000195
Colorectal Serrated Adenocarcinoma,Colorectal Serrated Adenocarcinoma,EFO:1000196
colorectal serrated adenocarcinoma,Colorectal Serrated Adenocarcinoma,EFO:1000196
Colorectal Serrated Adenocarcinoma,Colorectal Serrated Adenocarcinoma,EFO:1000196
Colorectal Sessile Serrated Adenoma/Polyp,Colorectal Sessile Serrated Adenoma/Polyp,EFO:1000197
colorectal sessile serrated adenoma/polyp,Colorectal Sessile Serrated Adenoma/Polyp,EFO:1000197
Colorectal Serrated Lesions and Polyps,Colorectal Sessile Serrated Adenoma/Polyp,EFO:1000197
Colorectal Squamous Cell Carcinoma,Colorectal Squamous Cell Carcinoma,EFO:1000198
colorectal squamous cell carcinoma,Colorectal Squamous Cell Carcinoma,EFO:1000198
Colorectal Squamous Cell Carcinoma,Colorectal Squamous Cell Carcinoma,EFO:1000198
columnar cell hyperplasia of the breast,Columnar Cell Hyperplasia of the Breast,EFO:1000199
Breast Columnar Cell Hyperplasia,Columnar Cell Hyperplasia of the Breast,EFO:1000199
Combined Lung Carcinoma,Combined Lung Carcinoma,EFO:1000200
combined lung carcinoma,Combined Lung Carcinoma,EFO:1000200
Combined Lung Carcinoma,Combined Lung Carcinoma,EFO:1000200
complex endometrial hyperplasia,Complex Endometrial Hyperplasia,EFO:1000202
Complex Endometrial Hyperplasia,Complex Endometrial Hyperplasia,EFO:1000202
conjunctival disease,Conjunctival Disorder,EFO:1000203
conjunctival disorder,Conjunctival Disorder,EFO:1000203
Conjunctival Disorder,Conjunctival Disorder,EFO:1000203
malignant conjunctival melanoma,Conjunctival Melanoma,EFO:1000204
Conjunctival Melanoma,Conjunctival Melanoma,EFO:1000204
malignant conjunctival melanoma,Conjunctival Melanoma,EFO:1000204
Conjunctival Melanoma,Conjunctival Melanoma,EFO:1000204
conjunctival nevus,Conjunctival Nevus,EFO:1000205
Conjunctival Nevus,Conjunctival Nevus,EFO:1000205
conjunctival nevus,Conjunctival Nevus,EFO:1000205
Conjunctival Nevus,Conjunctival Nevus,EFO:1000205
conjunctival squamous cell carcinoma,Conjunctival Squamous Cell Carcinoma,EFO:1000206
Conjunctival Squamous Cell Carcinoma,Conjunctival Squamous Cell Carcinoma,EFO:1000206
conjunctival squamous cell carcinoma,Conjunctival Squamous Cell Carcinoma,EFO:1000206
Conjunctival Squamous Cell Carcinoma,Conjunctival Squamous Cell Carcinoma,EFO:1000206
Cortisol-Producing Adrenal Cortex Adenoma,Cortisol-Producing Adrenal Cortex Adenoma,EFO:1000208
cortisol-producing adrenal cortex adenoma,Cortisol-Producing Adrenal Cortex Adenoma,EFO:1000208
Cortisol-Producing Adrenal Cortical Adenoma,Cortisol-Producing Adrenal Cortex Adenoma,EFO:1000208
craniopharyngioma,Craniopharyngioma,EFO:1000209
Craniopharyngioma,Craniopharyngioma,EFO:1000209
craniopharyngioma,Craniopharyngioma,EFO:1000209
Craniopharyngioma,Craniopharyngioma,EFO:1000209
Cribriform Carcinoma,Cribriform Carcinoma,EFO:1000210
cribriform carcinoma,Cribriform Carcinoma,EFO:1000210
Cribriform Carcinoma,Cribriform Carcinoma,EFO:1000210
malignant skin fibrous histiocytoma,Cutaneous Undifferentiated Pleomorphic Sarcoma,EFO:1000212
Cutaneous Undifferentiated Pleomorphic Sarcoma,Cutaneous Undifferentiated Pleomorphic Sarcoma,EFO:1000212
cutaneous undifferentiated pleomorphic sarcoma,Cutaneous Undifferentiated Pleomorphic Sarcoma,EFO:1000212
Skin Undifferentiated Pleomorphic Sarcoma,Cutaneous Undifferentiated Pleomorphic Sarcoma,EFO:1000212
Dedifferentiated Solitary Fibrous Tumor,Dedifferentiated Solitary Fibrous Tumor,EFO:1000214
dedifferentiated solitary fibrous tumor,Dedifferentiated Solitary Fibrous Tumor,EFO:1000214
Dedifferentiated Solitary Fibrous Tumor,Dedifferentiated Solitary Fibrous Tumor,EFO:1000214
Desmoplastic Ameloblastoma,Desmoplastic Ameloblastoma,EFO:1000215
desmoplastic ameloblastoma,Desmoplastic Ameloblastoma,EFO:1000215
Desmoplastic Ameloblastoma,Desmoplastic Ameloblastoma,EFO:1000215
gastrointestinal adenoma,Digestive System Adenoma,EFO:1000217
Digestive System Adenoma,Digestive System Adenoma,EFO:1000217
digestive system adenoma,Digestive System Adenoma,EFO:1000217
Digestive System Adenoma,Digestive System Adenoma,EFO:1000217
gastrointestinal carcinoma,Digestive System Carcinoma,EFO:1000218
Digestive System Carcinoma,Digestive System Carcinoma,EFO:1000218
Carcinoma gastrointestinal,Digestive System Carcinoma,EFO:1000218
digestive system carcinoma,Digestive System Carcinoma,EFO:1000218
Digestive System Carcinoma,Digestive System Carcinoma,EFO:1000218
Digestive System Mixed Adenoneuroendocrine Carcinoma,Digestive System Mixed Adenoneuroendocrine Carcinoma,EFO:1000219
digestive system mixed adenoneuroendocrine carcinoma,Digestive System Mixed Adenoneuroendocrine Carcinoma,EFO:1000219
Digestive System Mixed Adenoneuroendocrine Carcinoma,Digestive System Mixed Adenoneuroendocrine Carcinoma,EFO:1000219
diffuse peritoneal leiomyomatosis,Disseminated Peritoneal Leiomyomatosis,EFO:1000220
Disseminated Peritoneal Leiomyomatosis,Disseminated Peritoneal Leiomyomatosis,EFO:1000220
disseminated peritoneal leiomyomatosis,Disseminated Peritoneal Leiomyomatosis,EFO:1000220
Disseminated Peritoneal Leiomyomatosis,Disseminated Peritoneal Leiomyomatosis,EFO:1000220
Ductal Breast Carcinoma In Situ and Lobular Carcinoma In Situ,Ductal Breast Carcinoma In Situ and Lobular Carcinoma In Situ,EFO:1000221
ductal breast carcinoma in situ and lobular carcinoma in situ,Ductal Breast Carcinoma In Situ and Lobular Carcinoma In Situ,EFO:1000221
Breast Ductal Carcinoma In Situ and Lobular Carcinoma In Situ,Ductal Breast Carcinoma In Situ and Lobular Carcinoma In Situ,EFO:1000221
Ductal or Ductular Proliferation,Ductal or Ductular Proliferation,EFO:1000222
duodenum adenocarcinoma,Duodenal Adenocarcinoma,EFO:1000223
Duodenal Adenocarcinoma,Duodenal Adenocarcinoma,EFO:1000223
duodenal adenocarcinoma,Duodenal Adenocarcinoma,EFO:1000223
Duodenal Adenocarcinoma,Duodenal Adenocarcinoma,EFO:1000223
duodenum adenoma,Duodenal Villous Adenoma,EFO:1000225
Duodenal Villous Adenoma,Duodenal Villous Adenoma,EFO:1000225
duodenal villous adenoma,Duodenal Villous Adenoma,EFO:1000225
Duodenal Villous Adenoma,Duodenal Villous Adenoma,EFO:1000225
EBV-Positive T-Cell Lymphoproliferative Disorder of Childhood,EBV-Positive T-Cell Lymphoproliferative Disorder of Childhood,EFO:1000228
EBV-positive T-cell lymphoproliferative disorder of childhood,EBV-Positive T-Cell Lymphoproliferative Disorder of Childhood,EFO:1000228
EBV-Positive T-Cell/NK-Cell Lymphoproliferative Disorder of Childhood,EBV-Positive T-Cell Lymphoproliferative Disorder of Childhood,EFO:1000228
eccrine porocarcinoma,Eccrine Porocarcinoma,EFO:1000229
Eccrine Porocarcinoma,Eccrine Porocarcinoma,EFO:1000229
eccrine porocarcinoma,Eccrine Porocarcinoma,EFO:1000229
Porocarcinoma,Eccrine Porocarcinoma,EFO:1000229
Endolymphatic Sac Tumor,Endolymphatic Sac Tumor,EFO:1000230
Endolenfatik kese tümörü,Endolymphatic Sac Tumor,EFO:1000230
endolymphatic sac tumor,Endolymphatic Sac Tumor,EFO:1000230
Endolymphatic Sac Tumor,Endolymphatic Sac Tumor,EFO:1000230
endometrial clear cell adenocarcinoma,Endometrial Clear Cell Adenocarcinoma,EFO:1000231
Endometrial Clear Cell Adenocarcinoma,Endometrial Clear Cell Adenocarcinoma,EFO:1000231
endometrial clear cell adenocarcinoma,Endometrial Clear Cell Adenocarcinoma,EFO:1000231
Endometrial Clear Cell Adenocarcinoma,Endometrial Clear Cell Adenocarcinoma,EFO:1000231
Endometrial Endometrioid Adenocarcinoma,Endometrial Endometrioid Adenocarcinoma,EFO:1000233
endometrial endometrioid adenocarcinoma,Endometrial Endometrioid Adenocarcinoma,EFO:1000233
Endometrial Endometrioid Adenocarcinoma,Endometrial Endometrioid Adenocarcinoma,EFO:1000233
endometrial hyperplasia without atypia,Endometrial Hyperplasia without Atypia,EFO:1000234
Endometrial Hyperplasia without Atypia,Endometrial Hyperplasia without Atypia,EFO:1000234
endometrial mucinous adenocarcinoma,Endometrial Mucinous Adenocarcinoma,EFO:1000236
Endometrial Mucinous Adenocarcinoma,Endometrial Mucinous Adenocarcinoma,EFO:1000236
endometrial mucinous adenocarcinoma,Endometrial Mucinous Adenocarcinoma,EFO:1000236
Endometrial Mucinous Adenocarcinoma,Endometrial Mucinous Adenocarcinoma,EFO:1000236
endometrial polyp,Endometrial Polyp,EFO:1000237
Endometrial Polyp,Endometrial Polyp,EFO:1000237
Endometrial Serous Adenocarcinoma,Endometrial Serous Adenocarcinoma,EFO:1000238
endometrial serous adenocarcinoma,Endometrial Serous Adenocarcinoma,EFO:1000238
Endometrial Serous Adenocarcinoma,Endometrial Serous Adenocarcinoma,EFO:1000238
endometrial small cell carcinoma,Endometrial Small Cell Carcinoma,EFO:1000239
Endometrial Small Cell Carcinoma,Endometrial Small Cell Carcinoma,EFO:1000239
endometrial small cell carcinoma,Endometrial Small Cell Carcinoma,EFO:1000239
Endometrial Small Cell Neuroendocrine Carcinoma,Endometrial Small Cell Carcinoma,EFO:1000239
endometrial squamous cell carcinoma,Endometrial Squamous Cell Carcinoma,EFO:1000240
Endometrial Squamous Cell Carcinoma,Endometrial Squamous Cell Carcinoma,EFO:1000240
endometrial squamous cell carcinoma,Endometrial Squamous Cell Carcinoma,EFO:1000240
Endometrial Squamous Cell Carcinoma,Endometrial Squamous Cell Carcinoma,EFO:1000240
Endometrial Undifferentiated Carcinoma,Endometrial Undifferentiated Carcinoma,EFO:1000242
endometrial undifferentiated carcinoma,Endometrial Undifferentiated Carcinoma,EFO:1000242
Endometrial Undifferentiated Carcinoma,Endometrial Undifferentiated Carcinoma,EFO:1000242
uveal epithelioid cell melanoma,Epithelioid Cell Uveal Melanoma,EFO:1000244
Epithelioid Cell Uveal Melanoma,Epithelioid Cell Uveal Melanoma,EFO:1000244
epithelioid cell uveal melanoma,Epithelioid Cell Uveal Melanoma,EFO:1000244
Uveal Epithelioid Cell Melanoma,Epithelioid Cell Uveal Melanoma,EFO:1000244
ethmoid sinus adenoid cystic carcinoma,Ethmoid Sinus Adenoid Cystic Carcinoma,EFO:1000246
Ethmoid Sinus Adenoid Cystic Carcinoma,Ethmoid Sinus Adenoid Cystic Carcinoma,EFO:1000246
ethmoid sinus adenoid cystic carcinoma,Ethmoid Sinus Adenoid Cystic Carcinoma,EFO:1000246
Ethmoid Sinus Adenoid Cystic Carcinoma,Ethmoid Sinus Adenoid Cystic Carcinoma,EFO:1000246
Extrahepatic Bile Duct Adenosquamous Carcinoma,Extrahepatic Bile Duct Adenosquamous Carcinoma,EFO:1000247
extrahepatic bile duct adenosquamous carcinoma,Extrahepatic Bile Duct Adenosquamous Carcinoma,EFO:1000247
Extrahepatic Bile Duct Adenosquamous Carcinoma,Extrahepatic Bile Duct Adenosquamous Carcinoma,EFO:1000247
Extrahepatic Bile Duct Squamous Cell Carcinoma,Extrahepatic Bile Duct Squamous Cell Carcinoma,EFO:1000248
extrahepatic bile duct squamous cell carcinoma,Extrahepatic Bile Duct Squamous Cell Carcinoma,EFO:1000248
Extrahepatic Bile Duct Squamous Cell Carcinoma,Extrahepatic Bile Duct Squamous Cell Carcinoma,EFO:1000248
Extramammary Paget Disease,Extramammary Paget Disease,EFO:1000249
extramammary Paget disease,Extramammary Paget Disease,EFO:1000249
Extramammary Paget Disease,Extramammary Paget Disease,EFO:1000249
extraosseous Ewings sarcoma-primitive neuroepithelial tumor,Extraskeletal Ewing Sarcoma/Peripheral Primitive Neuroectodermal Tumor,EFO:1000250
Extraskeletal Ewing Sarcoma/Peripheral Primitive Neuroectodermal Tumor,Extraskeletal Ewing Sarcoma/Peripheral Primitive Neuroectodermal Tumor,EFO:1000250
extraskeletal Ewing sarcoma/peripheral primitive neuroectodermal tumor,Extraskeletal Ewing Sarcoma/Peripheral Primitive Neuroectodermal Tumor,EFO:1000250
Extraskeletal Ewing Sarcoma/Peripheral Primitive Neuroectodermal Tumor,Extraskeletal Ewing Sarcoma/Peripheral Primitive Neuroectodermal Tumor,EFO:1000250
fallopian tube carcinoma,Fallopian Tube Carcinoma,EFO:1000251
Fallopian Tube Carcinoma,Fallopian Tube Carcinoma,EFO:1000251
fallopian tube carcinoma,Fallopian Tube Carcinoma,EFO:1000251
Fallopian Tube Carcinoma,Fallopian Tube Carcinoma,EFO:1000251
fallopian tube carcinosarcoma,Fallopian Tube Carcinosarcoma,EFO:1000252
Fallopian Tube Carcinosarcoma,Fallopian Tube Carcinosarcoma,EFO:1000252
fallopian tube carcinosarcoma,Fallopian Tube Carcinosarcoma,EFO:1000252
Fallopian Tube Carcinosarcoma,Fallopian Tube Carcinosarcoma,EFO:1000252
fallopian tube serous adenocarcinoma,Fallopian Tube Serous Adenocarcinoma,EFO:1000253
Fallopian Tube Serous Adenocarcinoma,Fallopian Tube Serous Adenocarcinoma,EFO:1000253
fallopian tube serous adenocarcinoma,Fallopian Tube Serous Adenocarcinoma,EFO:1000253
Fallopian Tube Serous Adenocarcinoma,Fallopian Tube Serous Adenocarcinoma,EFO:1000253
Fibroblastic Neoplasm,Fibroblastic Neoplasm,EFO:1000255
fibroblastic neoplasm,Fibroblastic Neoplasm,EFO:1000255
Fibroblastic Neoplasm,Fibroblastic Neoplasm,EFO:1000255
fibrolamellar carcinoma,Fibrolamellar Carcinoma,EFO:1000256
Fibrolamellar Carcinoma,Fibrolamellar Carcinoma,EFO:1000256
fibrolamellar hepatocellular carcinoma,Fibrolamellar Carcinoma,EFO:1000256
Fibrolamellar Carcinoma,Fibrolamellar Carcinoma,EFO:1000256
Fibrous Hamartoma of Infancy,Fibrous Hamartoma of Infancy,EFO:1000257
fibrous hamartoma of infancy,Fibrous Hamartoma of Infancy,EFO:1000257
Fibrous Hamartoma of Infancy,Fibrous Hamartoma of Infancy,EFO:1000257
flat urothelial hyperplasia,Flat Urothelial Hyperplasia,EFO:1000259
Flat Urothelial Hyperplasia,Flat Urothelial Hyperplasia,EFO:1000259
Floor of Mouth Mucoepidermoid Carcinoma,Floor of Mouth Mucoepidermoid Carcinoma,EFO:1000260
floor of mouth mucoepidermoid carcinoma,Floor of Mouth Mucoepidermoid Carcinoma,EFO:1000260
Floor of Mouth Mucoepidermoid Carcinoma,Floor of Mouth Mucoepidermoid Carcinoma,EFO:1000260
Follicular Variant Thyroid Gland Papillary Carcinoma,Follicular Variant Thyroid Gland Papillary Carcinoma,EFO:1000261
follicular variant thyroid gland papillary carcinoma,Follicular Variant Thyroid Gland Papillary Carcinoma,EFO:1000261
Follicular Variant Thyroid Gland Papillary Carcinoma,Follicular Variant Thyroid Gland Papillary Carcinoma,EFO:1000261
gallbladder adenocarcinoma,Gallbladder Adenocarcinoma,EFO:1000262
Gallbladder Adenocarcinoma,Gallbladder Adenocarcinoma,EFO:1000262
gallbladder adenocarcinoma,Gallbladder Adenocarcinoma,EFO:1000262
Gallbladder Adenocarcinoma,Gallbladder Adenocarcinoma,EFO:1000262
gallbladder adenoma,Gallbladder Adenoma,EFO:1000263
Gallbladder Adenoma,Gallbladder Adenoma,EFO:1000263
gallbladder adenoma,Gallbladder Adenoma,EFO:1000263
Gallbladder Adenoma,Gallbladder Adenoma,EFO:1000263
adenosquamous gallbladder carcinoma,Gallbladder Adenosquamous Carcinoma,EFO:1000264
Gallbladder Adenosquamous Carcinoma,Gallbladder Adenosquamous Carcinoma,EFO:1000264
gallbladder adenosquamous carcinoma,Gallbladder Adenosquamous Carcinoma,EFO:1000264
Gallbladder Adenosquamous Carcinoma,Gallbladder Adenosquamous Carcinoma,EFO:1000264
Gallbladder Biliary Intraepithelial Neoplasia,Gallbladder Biliary Intraepithelial Neoplasia,EFO:1000265
gallbladder biliary intraepithelial neoplasia,Gallbladder Biliary Intraepithelial Neoplasia,EFO:1000265
Gallbladder Biliary Intraepithelial Neoplasia,Gallbladder Biliary Intraepithelial Neoplasia,EFO:1000265
gallbladder small cell carcinoma,Gallbladder Small Cell Neuroendocrine Carcinoma,EFO:1000266
Gallbladder Small Cell Neuroendocrine Carcinoma,Gallbladder Small Cell Neuroendocrine Carcinoma,EFO:1000266
gallbladder small cell neuroendocrine carcinoma,Gallbladder Small Cell Neuroendocrine Carcinoma,EFO:1000266
Gallbladder Small Cell Neuroendocrine Carcinoma,Gallbladder Small Cell Neuroendocrine Carcinoma,EFO:1000266
gallbladder squamous cell carcinoma,Gallbladder Squamous Cell Carcinoma,EFO:1000267
Gallbladder Squamous Cell Carcinoma,Gallbladder Squamous Cell Carcinoma,EFO:1000267
gallbladder squamous cell carcinoma,Gallbladder Squamous Cell Carcinoma,EFO:1000267
Gallbladder Squamous Cell Carcinoma,Gallbladder Squamous Cell Carcinoma,EFO:1000267
Gastric Adenoma,Gastric Adenoma,EFO:1000268
gastric adenoma,Gastric Adenoma,EFO:1000268
Gastric Adenoma,Gastric Adenoma,EFO:1000268
Gastric Choriocarcinoma,Gastric Choriocarcinoma,EFO:1000269
gastric choriocarcinoma,Gastric Choriocarcinoma,EFO:1000269
Gastric Choriocarcinoma,Gastric Choriocarcinoma,EFO:1000269
Gastric Diffuse Large B-Cell Lymphoma,Gastric Diffuse Large B-Cell Lymphoma,EFO:1000270
gastric diffuse large B-cell lymphoma,Gastric Diffuse Large B-Cell Lymphoma,EFO:1000270
Gastric Diffuse Large B-Cell Lymphoma,Gastric Diffuse Large B-Cell Lymphoma,EFO:1000270
gastric hamartomatous polyp,Gastric Hamartomatous Polyp,EFO:1000271
Gastric Hamartomatous Polyp,Gastric Hamartomatous Polyp,EFO:1000271
Gastric Mantle Cell Lymphoma,Gastric Mantle Cell Lymphoma,EFO:1000272
gastric mantle cell lymphoma,Gastric Mantle Cell Lymphoma,EFO:1000272
Gastric Mantle Cell Lymphoma,Gastric Mantle Cell Lymphoma,EFO:1000272
Gastric Mucosa-Associated Lymphoid Tissue Lymphoma,Gastric Mucosa-Associated Lymphoid Tissue Lymphoma,EFO:1000274
gastric mucosa-associated lymphoid tissue lymphoma,Gastric Mucosa-Associated Lymphoid Tissue Lymphoma,EFO:1000274
Gastric Mucosa-Associated Lymphoid Tissue Lymphoma,Gastric Mucosa-Associated Lymphoid Tissue Lymphoma,EFO:1000274
Gastric Neuroendocrine Tumor G1,Gastric Neuroendocrine Tumor G1,EFO:1000275
gastric neuroendocrine tumor G1,Gastric Neuroendocrine Tumor G1,EFO:1000275
Gastric Neuroendocrine Tumor G1,Gastric Neuroendocrine Tumor G1,EFO:1000275
gastric papillary adenocarcinoma,Gastric Papillary Adenocarcinoma,EFO:1000276
Gastric Papillary Adenocarcinoma,Gastric Papillary Adenocarcinoma,EFO:1000276
gastric papillary adenocarcinoma,Gastric Papillary Adenocarcinoma,EFO:1000276
Gastric Papillary Adenocarcinoma,Gastric Papillary Adenocarcinoma,EFO:1000276
gastric small cell carcinoma,Gastric Small Cell Neuroendocrine Carcinoma,EFO:1000277
Gastric Small Cell Neuroendocrine Carcinoma,Gastric Small Cell Neuroendocrine Carcinoma,EFO:1000277
gastric small cell neuroendocrine carcinoma,Gastric Small Cell Neuroendocrine Carcinoma,EFO:1000277
Gastric Small Cell Neuroendocrine Carcinoma,Gastric Small Cell Neuroendocrine Carcinoma,EFO:1000277
gastric squamous cell carcinoma,Gastric Squamous Cell Carcinoma,EFO:1000278
Gastric Squamous Cell Carcinoma,Gastric Squamous Cell Carcinoma,EFO:1000278
gastric squamous cell carcinoma,Gastric Squamous Cell Carcinoma,EFO:1000278
Gastric Squamous Cell Carcinoma,Gastric Squamous Cell Carcinoma,EFO:1000278
gastrointestinal hamartoma,Gastrointestinal Hamartoma,EFO:1000280
Gastrointestinal Hamartoma,Gastrointestinal Hamartoma,EFO:1000280
Giant Cell Tumor of Soft Tissue,Giant Cell Tumor of Soft Tissue,EFO:1000281
giant cell tumor of soft tissue,Giant Cell Tumor of Soft Tissue,EFO:1000281
Giant Cell Tumor of Soft Tissue,Giant Cell Tumor of Soft Tissue,EFO:1000281
Gonadal Teratoma,Gonadal Teratoma,EFO:1000282
gonadal teratoma,Gonadal Teratoma,EFO:1000282
Gonadal Teratoma,Gonadal Teratoma,EFO:1000282
prostate carcinoma in situ,Grade III Prostatic Intraepithelial Neoplasia,EFO:1000283
Grade III Prostatic Intraepithelial Neoplasia,Grade III Prostatic Intraepithelial Neoplasia,EFO:1000283
grade III prostatic intraepithelial neoplasia,Grade III Prostatic Intraepithelial Neoplasia,EFO:1000283
Grade III Prostatic Intraepithelial Neoplasia,Grade III Prostatic Intraepithelial Neoplasia,EFO:1000283
granular cell tumor,Granular Cell Tumor,EFO:1000284
Granular Cell Tumor,Granular Cell Tumor,EFO:1000284
granular cell tumor,Granular Cell Tumor,EFO:1000284
Granular Cell Tumor,Granular Cell Tumor,EFO:1000284
granular cell tumor of the sellar region,Granular Cell Tumor of the Neurohypophysis,EFO:1000285
Granular Cell Tumor of the Neurohypophysis,Granular Cell Tumor of the Neurohypophysis,EFO:1000285
neurohypophysis granular cell tumor,Granular Cell Tumor of the Neurohypophysis,EFO:1000285
Granular Cell Tumor of the Sellar Region,Granular Cell Tumor of the Neurohypophysis,EFO:1000285
Granulocytic Sarcoma,Granulocytic Sarcoma,EFO:1000286
granulocytic sarcoma,Granulocytic Sarcoma,EFO:1000286
Granulocytic Sarcoma,Granulocytic Sarcoma,EFO:1000286
growth hormone secreting pituitary adenoma,Growth Hormone-Producing Pituitary Gland Adenoma,EFO:1000287
growth hormone-secreting pituitary adenoma,Growth Hormone-Producing Pituitary Gland Adenoma,EFO:1000287
Growth Hormone-Producing Pituitary Gland Adenoma,Growth Hormone-Producing Pituitary Gland Adenoma,EFO:1000287
growth hormone-producing pituitary gland adenoma,Growth Hormone-Producing Pituitary Gland Adenoma,EFO:1000287
Somatotroph Pituitary Neuroendocrine Tumor,Growth Hormone-Producing Pituitary Gland Adenoma,EFO:1000287
head and neck paraganglioma,Head and Neck Paraganglioma,EFO:1000288
Head and Neck Paraganglioma,Head and Neck Paraganglioma,EFO:1000288
hemangiopericytic tumor,Hemangiopericytic Neoplasm,EFO:1000289
Hemangiopericytic Neoplasm,Hemangiopericytic Neoplasm,EFO:1000289
hemangiopericytic tumor,Hemangiopericytic Neoplasm,EFO:1000289
Hemangiopericytic Neoplasm,Hemangiopericytic Neoplasm,EFO:1000289
Hepatic Granuloma,Hepatic Granuloma,EFO:1000291
hepatic granuloma,Hepatic Granuloma,EFO:1000291
hepatoblastoma,Hepatoblastoma,EFO:1000292
Hepatoblastoma,Hepatoblastoma,EFO:1000292
hepatoblastoma,Hepatoblastoma,EFO:1000292
Hepatoblastoma,Hepatoblastoma,EFO:1000292
hepatoid adenocarcinoma,Hepatoid Adenocarcinoma,EFO:1000293
Hepatoid Adenocarcinoma,Hepatoid Adenocarcinoma,EFO:1000293
hepatoid adenocarcinoma,Hepatoid Adenocarcinoma,EFO:1000293
Hepatoid Adenocarcinoma,Hepatoid Adenocarcinoma,EFO:1000293
Her2-receptor positive breast cancer,HER2 Positive Breast Carcinoma,EFO:1000294
HER2 Positive Breast Carcinoma,HER2 Positive Breast Carcinoma,EFO:1000294
HER2 positive breast carcinoma,HER2 Positive Breast Carcinoma,EFO:1000294
HER2-Positive Breast Carcinoma,HER2 Positive Breast Carcinoma,EFO:1000294
Hidradenocarcinoma,Hidradenocarcinoma,EFO:1000295
hidradenocarcinoma,Hidradenocarcinoma,EFO:1000295
Hidradenocarcinoma,Hidradenocarcinoma,EFO:1000295
High Grade Surface Osteosarcoma,High Grade Surface Osteosarcoma,EFO:1000296
high grade surface osteosarcoma,High Grade Surface Osteosarcoma,EFO:1000296
High Grade Surface Osteosarcoma,High Grade Surface Osteosarcoma,EFO:1000296
histiocytic and dendritic cell cancer,Histiocytic and Dendritic Cell Neoplasm,EFO:1000297
Histiocytic and Dendritic Cell Neoplasm,Histiocytic and Dendritic Cell Neoplasm,EFO:1000297
histiocytic and dendritic cell neoplasm,Histiocytic and Dendritic Cell Neoplasm,EFO:1000297
Histiocytic and Dendritic Cell Neoplasm,Histiocytic and Dendritic Cell Neoplasm,EFO:1000297
hydatidiform mole,Hydatidiform Mole,EFO:1000298
Hydatidiform Mole,Hydatidiform Mole,EFO:1000298
hyperplastic polyp,Hyperplastic Polyp,EFO:1000299
Hyperplastic Polyp,Hyperplastic Polyp,EFO:1000299
Ileal Neuroendocrine Tumor G1,Ileal Neuroendocrine Tumor G1,EFO:1000300
ileal neuroendocrine tumor G1,Ileal Neuroendocrine Tumor G1,EFO:1000300
Ileal Neuroendocrine Tumor G1,Ileal Neuroendocrine Tumor G1,EFO:1000300
Inclusion Body Fibromatosis,Inclusion Body Fibromatosis,EFO:1000301
Fibromatose à corps d'inclusion,Inclusion Body Fibromatosis,EFO:1000301
Inclusion Body Fibromatosis,Inclusion Body Fibromatosis,EFO:1000301
infiltrating bladder lymphoepithelioma-like carcinoma,Infiltrating Bladder Lymphoepithelioma-Like Carcinoma,EFO:1000302
Infiltrating Bladder Lymphoepithelioma-Like Carcinoma,Infiltrating Bladder Lymphoepithelioma-Like Carcinoma,EFO:1000302
infiltrating bladder lymphoepithelioma-like carcinoma,Infiltrating Bladder Lymphoepithelioma-Like Carcinoma,EFO:1000302
Invasive Bladder Lymphoepithelioma-Like Carcinoma,Infiltrating Bladder Lymphoepithelioma-Like Carcinoma,EFO:1000302
infiltrating bladder urothelial carcinoma sarcomatoid variant,Infiltrating Bladder Urothelial Carcinoma Sarcomatoid Variant,EFO:1000303
Infiltrating Bladder Urothelial Carcinoma Sarcomatoid Variant,Infiltrating Bladder Urothelial Carcinoma Sarcomatoid Variant,EFO:1000303
infiltrating bladder urothelial carcinoma sarcomatoid variant,Infiltrating Bladder Urothelial Carcinoma Sarcomatoid Variant,EFO:1000303
Invasive Bladder Sarcomatoid Urothelial Carcinoma,Infiltrating Bladder Urothelial Carcinoma Sarcomatoid Variant,EFO:1000303
Intestinal Type Adenocarcinoma,Intestinal Type Adenocarcinoma,EFO:1000304
intestinal type adenocarcinoma,Intestinal Type Adenocarcinoma,EFO:1000304
Intestinal-Type Adenocarcinoma,Intestinal Type Adenocarcinoma,EFO:1000304
Intimal Sarcoma,Intimal Sarcoma,EFO:1000305
intimal sarcoma,Intimal Sarcoma,EFO:1000305
Intimal Sarcoma,Intimal Sarcoma,EFO:1000305
Invasive Breast Carcinoma,Invasive Breast Carcinoma,EFO:1000307
invasive breast carcinoma,Invasive Breast Carcinoma,EFO:1000307
Invasive Breast Carcinoma,Invasive Breast Carcinoma,EFO:1000307
Jejunal Neuroendocrine Tumor G1,Jejunal Neuroendocrine Tumor G1,EFO:1000308
jejunal neuroendocrine tumor G1,Jejunal Neuroendocrine Tumor G1,EFO:1000308
Jejunal Neuroendocrine Tumor G1,Jejunal Neuroendocrine Tumor G1,EFO:1000308
juvenile myelomonocytic leukemia,Juvenile Myelomonocytic Leukemia,EFO:1000309
Juvenile Myelomonocytic Leukemia,Juvenile Myelomonocytic Leukemia,EFO:1000309
juvenile myelomonocytic leukemia,Juvenile Myelomonocytic Leukemia,EFO:1000309
Juvenile Myelomonocytic Leukemia,Juvenile Myelomonocytic Leukemia,EFO:1000309
juvenile polyp,Juvenile Polyp,EFO:1000310
Juvenile Polyp,Juvenile Polyp,EFO:1000310
juvenile xanthogranuloma,Juvenile Xanthogranuloma,EFO:1000311
Juvenile Xanthogranuloma,Juvenile Xanthogranuloma,EFO:1000311
juvenile xanthogranuloma,Juvenile Xanthogranuloma,EFO:1000311
Juvenile Xanthogranuloma,Juvenile Xanthogranuloma,EFO:1000311
Kidney Medullary Carcinoma,Kidney Medullary Carcinoma,EFO:1000314
kidney medullary carcinoma,Kidney Medullary Carcinoma,EFO:1000314
Kidney Medullary Carcinoma,Kidney Medullary Carcinoma,EFO:1000314
Krukenberg carcinoma,Krukenberg Tumor,EFO:1000316
Krukenberg Tumor,Krukenberg Tumor,EFO:1000316
Krukenberg carcinoma,Krukenberg Tumor,EFO:1000316
Krukenberg Tumor,Krukenberg Tumor,EFO:1000316
lacrimal gland adenoid cystic carcinoma,Lacrimal Gland Adenoid Cystic Carcinoma,EFO:1000317
Lacrimal Gland Adenoid Cystic Carcinoma,Lacrimal Gland Adenoid Cystic Carcinoma,EFO:1000317
lacrimal gland adenoid cystic carcinoma,Lacrimal Gland Adenoid Cystic Carcinoma,EFO:1000317
Lacrimal Gland Adenoid Cystic Carcinoma,Lacrimal Gland Adenoid Cystic Carcinoma,EFO:1000317
Langerhans-cell histiocytosis,Langerhans Cell Histiocytosis,EFO:1000318
Langerhans Cell Histiocytosis,Langerhans Cell Histiocytosis,EFO:1000318
Langerhans cell histiocytosis,Langerhans Cell Histiocytosis,EFO:1000318
Langerhans Cell Histiocytosis,Langerhans Cell Histiocytosis,EFO:1000318
laryngeal adenoid cystic carcinoma,Laryngeal Adenoid Cystic Carcinoma,EFO:1000319
Laryngeal Adenoid Cystic Carcinoma,Laryngeal Adenoid Cystic Carcinoma,EFO:1000319
laryngeal adenoid cystic carcinoma,Laryngeal Adenoid Cystic Carcinoma,EFO:1000319
Laryngeal Adenoid Cystic Carcinoma,Laryngeal Adenoid Cystic Carcinoma,EFO:1000319
laryngeal small cell carcinoma,Laryngeal Small Cell Carcinoma,EFO:1000320
Laryngeal Small Cell Carcinoma,Laryngeal Small Cell Carcinoma,EFO:1000320
laryngeal small cell carcinoma,Laryngeal Small Cell Carcinoma,EFO:1000320
Laryngeal Small Cell Neuroendocrine Carcinoma,Laryngeal Small Cell Carcinoma,EFO:1000320
Leydig cell tumor,Leydig Cell Tumor,EFO:1000321
Leydig Cell Tumor,Leydig Cell Tumor,EFO:1000321
Leydig cell tumor,Leydig Cell Tumor,EFO:1000321
Leydig Cell Tumor,Leydig Cell Tumor,EFO:1000321
Liver Diffuse Large B-Cell Lymphoma,Liver Diffuse Large B-Cell Lymphoma,EFO:1000323
liver diffuse large B-cell lymphoma,Liver Diffuse Large B-Cell Lymphoma,EFO:1000323
Liver Diffuse Large B-Cell Lymphoma,Liver Diffuse Large B-Cell Lymphoma,EFO:1000323
Lobular Breast Carcinoma In Situ,Lobular Breast Carcinoma In Situ,EFO:1000326
lobular breast carcinoma in situ,Lobular Breast Carcinoma In Situ,EFO:1000326
Breast Lobular Carcinoma In Situ,Lobular Breast Carcinoma In Situ,EFO:1000326
Low Grade Central Osteosarcoma,Low Grade Central Osteosarcoma,EFO:1000327
low grade central osteosarcoma,Low Grade Central Osteosarcoma,EFO:1000327
Low Grade Central Osteosarcoma,Low Grade Central Osteosarcoma,EFO:1000327
Low Grade Fibromyxoid Sarcoma,Low Grade Fibromyxoid Sarcoma,EFO:1000328
low grade fibromyxoid sarcoma,Low Grade Fibromyxoid Sarcoma,EFO:1000328
Low Grade Fibromyxoid Sarcoma,Low Grade Fibromyxoid Sarcoma,EFO:1000328
Low Grade Fibromyxoid Sarcoma with Giant Collagen Rosettes,Low Grade Fibromyxoid Sarcoma with Giant Collagen Rosettes,EFO:1000329
low grade fibromyxoid sarcoma with giant collagen rosettes,Low Grade Fibromyxoid Sarcoma with Giant Collagen Rosettes,EFO:1000329
Low Grade Fibromyxoid Sarcoma with Giant Collagen Rosettes,Low Grade Fibromyxoid Sarcoma with Giant Collagen Rosettes,EFO:1000329
Low Grade Vulvar Intraepithelial Neoplasia,Low Grade Vulvar Intraepithelial Neoplasia,EFO:1000330
low grade vulvar intraepithelial neoplasia,Low Grade Vulvar Intraepithelial Neoplasia,EFO:1000330
Low Grade Vulvar Squamous Intraepithelial Lesion,Low Grade Vulvar Intraepithelial Neoplasia,EFO:1000330
lung giant cell carcinoma,Lung Giant Cell Carcinoma,EFO:1000332
Lung Giant Cell Carcinoma,Lung Giant Cell Carcinoma,EFO:1000332
lung giant cell carcinoma,Lung Giant Cell Carcinoma,EFO:1000332
Lung Giant Cell Carcinoma,Lung Giant Cell Carcinoma,EFO:1000332
Lung Inflammatory Myofibroblastic Tumor,Lung Inflammatory Myofibroblastic Tumor,EFO:1000333
lung inflammatory myofibroblastic tumor,Lung Inflammatory Myofibroblastic Tumor,EFO:1000333
Lung Inflammatory Myofibroblastic Tumor,Lung Inflammatory Myofibroblastic Tumor,EFO:1000333
lymphangioleiomyomatosis,Lung Lymphangioleiomyomatosis,EFO:1000334
Lung Lymphangioleiomyomatosis,Lung Lymphangioleiomyomatosis,EFO:1000334
lung lymphangioleiomyomatosis,Lung Lymphangioleiomyomatosis,EFO:1000334
Lung Lymphangioleiomyomatosis,Lung Lymphangioleiomyomatosis,EFO:1000334
Lung Papilloma,Lung Papilloma,EFO:1000335
lung papilloma,Lung Papilloma,EFO:1000335
Bronchial Papilloma,Lung Papilloma,EFO:1000335
lung sarcomatoid carcinoma,Lung Sarcomatoid Carcinoma,EFO:1000336
Lung Sarcomatoid Carcinoma,Lung Sarcomatoid Carcinoma,EFO:1000336
lung sarcomatoid carcinoma,Lung Sarcomatoid Carcinoma,EFO:1000336
Lung Sarcomatoid Carcinoma,Lung Sarcomatoid Carcinoma,EFO:1000336
sclerosing hemangioma,Lung Sclerosing Hemangioma,EFO:1000337
pulmonary sclerosing hemangioma,Lung Sclerosing Hemangioma,EFO:1000337
Lung Sclerosing Hemangioma,Lung Sclerosing Hemangioma,EFO:1000337
lung sclerosing hemangioma,Lung Sclerosing Hemangioma,EFO:1000337
Sclerosing Pneumocytoma,Lung Sclerosing Hemangioma,EFO:1000337
signet ring lung adenocarcinoma,Lung Signet Ring Cell Carcinoma,EFO:1000338
Lung Signet Ring Cell Carcinoma,Lung Signet Ring Cell Carcinoma,EFO:1000338
lung signet ring cell carcinoma,Lung Signet Ring Cell Carcinoma,EFO:1000338
Lung Signet Ring Cell Carcinoma,Lung Signet Ring Cell Carcinoma,EFO:1000338
lymphangiosarcoma,Lymphangiosarcoma,EFO:1000339
Lymphangiosarcoma,Lymphangiosarcoma,EFO:1000339
lymphangiosarcoma,Lymphangiosarcoma,EFO:1000339
Lymphangiosarcoma,Lymphangiosarcoma,EFO:1000339
Lymphoepithelioma-Like Lung Carcinoma,Lymphoepithelioma-Like Lung Carcinoma,EFO:1000340
lymphoepithelioma-like lung carcinoma,Lymphoepithelioma-Like Lung Carcinoma,EFO:1000340
Lung Lymphoepithelial Carcinoma,Lymphoepithelioma-Like Lung Carcinoma,EFO:1000340
Major Salivary Gland Carcinoma,Major Salivary Gland Carcinoma,EFO:1000344
major salivary gland carcinoma,Major Salivary Gland Carcinoma,EFO:1000344
Major Salivary Gland Carcinoma,Major Salivary Gland Carcinoma,EFO:1000344
Major Salivary Gland Carcinoma ex Pleomorphic Adenoma,Major Salivary Gland Carcinoma ex Pleomorphic Adenoma,EFO:1000345
major salivary gland carcinoma ex pleomorphic adenoma,Major Salivary Gland Carcinoma ex Pleomorphic Adenoma,EFO:1000345
Major Salivary Gland Carcinoma ex Pleomorphic Adenoma,Major Salivary Gland Carcinoma ex Pleomorphic Adenoma,EFO:1000345
Major Salivary Gland Mucoepidermoid Carcinoma,Major Salivary Gland Mucoepidermoid Carcinoma,EFO:1000346
major salivary gland mucoepidermoid carcinoma,Major Salivary Gland Mucoepidermoid Carcinoma,EFO:1000346
Major Salivary Gland Mucoepidermoid Carcinoma,Major Salivary Gland Mucoepidermoid Carcinoma,EFO:1000346
bone giant cell sarcoma,Malignancy in Giant Cell Tumor of Bone,EFO:1000347
Malignancy in Giant Cell Tumor of Bone,Malignancy in Giant Cell Tumor of Bone,EFO:1000347
malignancy in giant cell tumor of bone,Malignancy in Giant Cell Tumor of Bone,EFO:1000347
Malignancy in Giant Cell Tumor of Bone,Malignancy in Giant Cell Tumor of Bone,EFO:1000347
malignant pheochromocytoma,Malignant Adrenal Gland Pheochromocytoma,EFO:1000348
Malignant Adrenal Gland Pheochromocytoma,Malignant Adrenal Gland Pheochromocytoma,EFO:1000348
malignant adrenal gland pheochromocytoma,Malignant Adrenal Gland Pheochromocytoma,EFO:1000348
Metastatic Adrenal Gland Pheochromocytoma,Malignant Adrenal Gland Pheochromocytoma,EFO:1000348
bone cancer,Malignant Bone Neoplasm,EFO:1000350
bone cancer,Malignant Bone Neoplasm,EFO:1000350
Malignant Bone Neoplasm,Malignant Bone Neoplasm,EFO:1000350
Malignant Germ Cell Tumor,Malignant Germ Cell Tumor,EFO:1000352
malignant germ cell tumor,Malignant Germ Cell Tumor,EFO:1000352
Malignant Germ Cell Tumor,Malignant Germ Cell Tumor,EFO:1000352
Malignant Jugulotympanic Paraganglioma,Malignant Jugulotympanic Paraganglioma,EFO:1000353
malignant jugulotympanic paraganglioma,Malignant Jugulotympanic Paraganglioma,EFO:1000353
Metastatic Jugulotympanic Paraganglioma,Malignant Jugulotympanic Paraganglioma,EFO:1000353
larynx cancer,Malignant Laryngeal Neoplasm,EFO:1000354
larynx cancer,Malignant Laryngeal Neoplasm,EFO:1000354
Malignant Laryngeal Neoplasm,Malignant Laryngeal Neoplasm,EFO:1000354
malignant mesothelioma,Malignant Mesothelioma,EFO:1000355
Malignant Mesothelioma,Malignant Mesothelioma,EFO:1000355
Malign mezotelyoma,Malignant Mesothelioma,EFO:1000355
malignant mesothelioma,Malignant Mesothelioma,EFO:1000355
Malignant Mesothelioma,Malignant Mesothelioma,EFO:1000355
mixed cell type cancer,Malignant Mixed Neoplasm,EFO:1000356
mixed cell type cancer,Malignant Mixed Neoplasm,EFO:1000356
Malignant Mixed Neoplasm,Malignant Mixed Neoplasm,EFO:1000356
malignant mixed neoplasm,Malignant Mixed Neoplasm,EFO:1000356
Malignant Mixed Neoplasm,Malignant Mixed Neoplasm,EFO:1000356
pancreatic cancer,Malignant Pancreatic Neoplasm,EFO:1000359
malignant pancreatic neoplasm,Malignant Pancreatic Neoplasm,EFO:1000359
Malignant Pancreatic Neoplasm,Malignant Pancreatic Neoplasm,EFO:1000359
pleural cancer,Malignant Pleural Neoplasm,EFO:1000362
Malignant Pleural Neoplasm,Malignant Pleural Neoplasm,EFO:1000362
pleural cancer,Malignant Pleural Neoplasm,EFO:1000362
Malignant Pleural Neoplasm,Malignant Pleural Neoplasm,EFO:1000362
urinary system cancer,Malignant Urinary System Neoplasm,EFO:1000363
Malignant Urinary System Neoplasm,Malignant Urinary System Neoplasm,EFO:1000363
malignant urinary system neoplasm,Malignant Urinary System Neoplasm,EFO:1000363
Malignant Urinary System Neoplasm,Malignant Urinary System Neoplasm,EFO:1000363
mast-cell sarcoma,Mast Cell Sarcoma,EFO:1000364
Mast Cell Sarcoma,Mast Cell Sarcoma,EFO:1000364
mast cell sarcoma,Mast Cell Sarcoma,EFO:1000364
Mast Cell Sarcoma,Mast Cell Sarcoma,EFO:1000364
maxillary sinus adenoid cystic carcinoma,Maxillary Sinus Adenoid Cystic Carcinoma,EFO:1000365
Maxillary Sinus Adenoid Cystic Carcinoma,Maxillary Sinus Adenoid Cystic Carcinoma,EFO:1000365
maxillary sinus adenoid cystic carcinoma,Maxillary Sinus Adenoid Cystic Carcinoma,EFO:1000365
Maxillary Sinus Adenoid Cystic Carcinoma,Maxillary Sinus Adenoid Cystic Carcinoma,EFO:1000365
Mediastinal Malignant Germ Cell Tumor,Mediastinal Malignant Germ Cell Tumor,EFO:1000366
mediastinal malignant germ cell tumor,Mediastinal Malignant Germ Cell Tumor,EFO:1000366
Malignant Mediastinal Germ Cell Tumor,Mediastinal Malignant Germ Cell Tumor,EFO:1000366
mediastinum neuroblastoma,Mediastinal Neuroblastoma,EFO:1000367
mediastinum neuroblastoma,Mediastinal Neuroblastoma,EFO:1000367
Mediastinal Neuroblastoma,Mediastinal Neuroblastoma,EFO:1000367
medullomyoblastoma,Medullomyoblastoma with Myogenic Differentiation,EFO:1000368
Medullomyoblastoma with Myogenic Differentiation,Medullomyoblastoma with Myogenic Differentiation,EFO:1000368
medullomyoblastoma with myogenic differentiation,Medullomyoblastoma with Myogenic Differentiation,EFO:1000368
Medullomyoblastoma,Medullomyoblastoma with Myogenic Differentiation,EFO:1000368
metanephric adenoma,Metanephric Adenoma,EFO:1000373
Metanephric Adenoma,Metanephric Adenoma,EFO:1000373
metanephric adenoma,Metanephric Adenoma,EFO:1000373
Metanephric Adenoma,Metanephric Adenoma,EFO:1000373
Micropapillary Serous Carcinoma,Micropapillary Serous Carcinoma,EFO:1000377
micropapillary serous carcinoma,Micropapillary Serous Carcinoma,EFO:1000377
Micropapillary Serous Carcinoma,Micropapillary Serous Carcinoma,EFO:1000377
middle ear squamous cell carcinoma,Middle Ear Squamous Cell Carcinoma,EFO:1000378
Middle Ear Squamous Cell Carcinoma,Middle Ear Squamous Cell Carcinoma,EFO:1000378
middle ear squamous cell carcinoma,Middle Ear Squamous Cell Carcinoma,EFO:1000378
Middle Ear Squamous Cell Carcinoma,Middle Ear Squamous Cell Carcinoma,EFO:1000378
Minor Salivary Gland Adenocarcinoma,Minor Salivary Gland Adenocarcinoma,EFO:1000379
minor salivary gland adenocarcinoma,Minor Salivary Gland Adenocarcinoma,EFO:1000379
Minor Salivary Gland Adenocarcinoma,Minor Salivary Gland Adenocarcinoma,EFO:1000379
mixed cell uveal melanoma,Mixed Cell Uveal Melanoma,EFO:1000380
Mixed Cell Uveal Melanoma,Mixed Cell Uveal Melanoma,EFO:1000380
mixed cell uveal melanoma,Mixed Cell Uveal Melanoma,EFO:1000380
Uveal Mixed Cell Melanoma,Mixed Cell Uveal Melanoma,EFO:1000380
Mixed Lobular and Ductal Breast Carcinoma,Mixed Lobular and Ductal Breast Carcinoma,EFO:1000382
mixed lobular and ductal breast carcinoma,Mixed Lobular and Ductal Breast Carcinoma,EFO:1000382
Breast Mixed Ductal and Lobular Carcinoma,Mixed Lobular and Ductal Breast Carcinoma,EFO:1000382
Mixed Somatotroph-Lactotroph Pituitary Gland Adenoma,Mixed Somatotroph-Lactotroph Pituitary Gland Adenoma,EFO:1000383
mixed somatotroph-lactotroph pituitary gland adenoma,Mixed Somatotroph-Lactotroph Pituitary Gland Adenoma,EFO:1000383
Mixed Somatotroph and Lactotroph Pituitary Neuroendocrine Tumor,Mixed Somatotroph-Lactotroph Pituitary Gland Adenoma,EFO:1000383
salivary gland neoplasm,Mixed Tumor of the Salivary Gland,EFO:1000384
tumor of salivary gland,Mixed Tumor of the Salivary Gland,EFO:1000384
Salivary Gland Neoplasm,Mixed Tumor of the Salivary Gland,EFO:1000384
eccrine mixed tumor of skin,Mixed Tumor of the Skin,EFO:1000385
Mixed Tumor of the Skin,Mixed Tumor of the Skin,EFO:1000385
eccrine mixed tumor of skin,Mixed Tumor of the Skin,EFO:1000385
Chondroid Syringoma,Mixed Tumor of the Skin,EFO:1000385
mucinous stomach adenocarcinoma,Mucinous Gastric Adenocarcinoma,EFO:1000386
Mucinous Gastric Adenocarcinoma,Mucinous Gastric Adenocarcinoma,EFO:1000386
mucinous gastric adenocarcinoma,Mucinous Gastric Adenocarcinoma,EFO:1000386
Gastric Mucinous Adenocarcinoma,Mucinous Gastric Adenocarcinoma,EFO:1000386
myelodysplastic/myeloproliferative neoplasm,Myelodysplastic/Myeloproliferative Neoplasm,EFO:1000388
Myelodysplastic/Myeloproliferative Neoplasm,Myelodysplastic/Myeloproliferative Neoplasm,EFO:1000388
myelodysplastic/myeloproliferative neoplasm,Myelodysplastic/Myeloproliferative Neoplasm,EFO:1000388
Myelodysplastic/Myeloproliferative Neoplasm,Myelodysplastic/Myeloproliferative Neoplasm,EFO:1000388
myofibroma,Myofibroma,EFO:1000389
Myofibroma,Myofibroma,EFO:1000389
myofibroma,Myofibroma,EFO:1000389
Myofibroma,Myofibroma,EFO:1000389
Nabothian Cyst,Nabothian Cyst,EFO:1000390
nabothian cyst,Nabothian Cyst,EFO:1000390
Nabothian Cyst,Nabothian Cyst,EFO:1000390
nasal cavity polyp,Nasal Cavity Polyp,EFO:1000391
Nasal Cavity Polyp,Nasal Cavity Polyp,EFO:1000391
Neuroblastic Tumor,Neuroblastic Tumor,EFO:1000393
neuroblastic tumor,Neuroblastic Tumor,EFO:1000393
Neuroblastic Tumor,Neuroblastic Tumor,EFO:1000393
Neurothekeoma,Neurothekeoma,EFO:1000394
neurothekeoma,Neurothekeoma,EFO:1000394
Nerve Sheath Myxoma,Neurothekeoma,EFO:1000394
Nevus of Ito,Nevus of Ito,EFO:1000395
nevus of Ito,Nevus of Ito,EFO:1000395
Nevus of Ito,Nevus of Ito,EFO:1000395
Nevus of Ota,Nevus of Ota,EFO:1000396
nevus of Ota,Nevus of Ota,EFO:1000396
Nevus of Ota,Nevus of Ota,EFO:1000396
Non-Cutaneous Melanoma,Non-Cutaneous Melanoma,EFO:1000397
non-cutaneous melanoma,Non-Cutaneous Melanoma,EFO:1000397
Non-Cutaneous Melanoma,Non-Cutaneous Melanoma,EFO:1000397
Non-Functioning Adrenal Cortex Adenoma,Non-Functioning Adrenal Cortex Adenoma,EFO:1000399
non-functioning adrenal cortex adenoma,Non-Functioning Adrenal Cortex Adenoma,EFO:1000399
Non-Functioning Adrenal Cortical Adenoma,Non-Functioning Adrenal Cortex Adenoma,EFO:1000399
non-neoplastic bile duct disorder,Non-Neoplastic Bile Duct Disorder,EFO:1000400
Non-Neoplastic Bile Duct Disorder,Non-Neoplastic Bile Duct Disorder,EFO:1000400
Non-Seminomatous Lesion,Non-Seminomatous Lesion,EFO:1000401
non-seminomatous lesion,Non-Seminomatous Lesion,EFO:1000401
Normal Breast-Like Subtype of Breast Carcinoma,Normal Breast-Like Subtype of Breast Carcinoma,EFO:1000402
normal breast-like subtype of breast carcinoma,Normal Breast-Like Subtype of Breast Carcinoma,EFO:1000402
Normal Breast-Like Subtype of Breast Carcinoma,Normal Breast-Like Subtype of Breast Carcinoma,EFO:1000402
ocular melanoma,Ocular Melanoma,EFO:1000403
Ocular Melanoma,Ocular Melanoma,EFO:1000403
ocular melanoma,Ocular Melanoma,EFO:1000403
Ocular Melanoma,Ocular Melanoma,EFO:1000403
Ocular Melanoma with Extraocular Extension,Ocular Melanoma with Extraocular Extension,EFO:1000404
ocular melanoma with extraocular extension,Ocular Melanoma with Extraocular Extension,EFO:1000404
Ocular Melanoma with Extraocular Extension,Ocular Melanoma with Extraocular Extension,EFO:1000404
Ocular Sebaceous Carcinoma,Ocular Sebaceous Carcinoma,EFO:1000405
ocular sebaceous carcinoma,Ocular Sebaceous Carcinoma,EFO:1000405
Eye Sebaceous Carcinoma,Ocular Sebaceous Carcinoma,EFO:1000405
Odontogenic Cyst,Odontogenic Cyst,EFO:1000406
odontogenic cyst,Odontogenic Cyst,EFO:1000406
Odontogenic Cyst,Odontogenic Cyst,EFO:1000406
olfactory neuroblastoma,Olfactory Neuroblastoma,EFO:1000407
olfactory neuroblastoma,Olfactory Neuroblastoma,EFO:1000407
Olfactory Neuroblastoma,Olfactory Neuroblastoma,EFO:1000407
ossifying fibromyxoid tumor,Ossifying Fibromyxoid Tumor,EFO:1000408
Ossifying Fibromyxoid Tumor,Ossifying Fibromyxoid Tumor,EFO:1000408
ossifying fibromyxoid tumor,Ossifying Fibromyxoid Tumor,EFO:1000408
Ossifying Fibromyxoid Tumor,Ossifying Fibromyxoid Tumor,EFO:1000408
ovarian carcinosarcoma,Ovarian Carcinosarcoma,EFO:1000412
Ovarian Carcinosarcoma,Ovarian Carcinosarcoma,EFO:1000412
ovarian carcinosarcoma,Ovarian Carcinosarcoma,EFO:1000412
Ovarian Carcinosarcoma,Ovarian Carcinosarcoma,EFO:1000412
choriocarcinoma of ovary,Ovarian Choriocarcinoma,EFO:1000413
Ovarian Choriocarcinoma,Ovarian Choriocarcinoma,EFO:1000413
choriocarcinoma of ovary,Ovarian Choriocarcinoma,EFO:1000413
Ovarian Choriocarcinoma,Ovarian Choriocarcinoma,EFO:1000413
dysgerminoma of ovary,Ovarian Dysgerminoma,EFO:1000414
Ovarian Dysgerminoma,Ovarian Dysgerminoma,EFO:1000414
dysgerminoma of ovary,Ovarian Dysgerminoma,EFO:1000414
Ovarian Dysgerminoma,Ovarian Dysgerminoma,EFO:1000414
ovarian embryonal carcinoma,Ovarian Embryonal Carcinoma,EFO:1000415
Ovarian Embryonal Carcinoma,Ovarian Embryonal Carcinoma,EFO:1000415
ovarian embryonal carcinoma,Ovarian Embryonal Carcinoma,EFO:1000415
Ovarian Embryonal Carcinoma,Ovarian Embryonal Carcinoma,EFO:1000415
endometrioid ovary carcinoma,Ovarian Endometrioid Adenocarcinoma,EFO:1000416
Ovarian Endometrioid Adenocarcinoma,Ovarian Endometrioid Adenocarcinoma,EFO:1000416
ovarian endometrioid adenocarcinoma,Ovarian Endometrioid Adenocarcinoma,EFO:1000416
Ovarian Endometrioid Adenocarcinoma,Ovarian Endometrioid Adenocarcinoma,EFO:1000416
Ovarian Endometrioid Adenocarcinoma with Squamous Differentiation,Ovarian Endometrioid Adenocarcinoma with Squamous Differentiation,EFO:1000417
ovarian endometrioid adenocarcinoma with squamous differentiation,Ovarian Endometrioid Adenocarcinoma with Squamous Differentiation,EFO:1000417
Ovarian Endometrioid Adenocarcinoma with Squamous Differentiation,Ovarian Endometrioid Adenocarcinoma with Squamous Differentiation,EFO:1000417
endometriosis of ovary,Ovarian Endometriosis,EFO:1000418
ovarian endometriosis,Ovarian Endometriosis,EFO:1000418
Ovarian Endometriosis,Ovarian Endometriosis,EFO:1000418
ovarian germ cell cancer,Ovarian Germ Cell Tumor,EFO:1000419
Ovarian Germ Cell Tumor,Ovarian Germ Cell Tumor,EFO:1000419
ovarian germ cell tumor,Ovarian Germ Cell Tumor,EFO:1000419
Ovarian Germ Cell Tumor,Ovarian Germ Cell Tumor,EFO:1000419
Ovarian Microcystic Stromal Tumor,Ovarian Microcystic Stromal Tumor,EFO:1000424
ovarian microcystic stromal tumor,Ovarian Microcystic Stromal Tumor,EFO:1000424
Ovarian Microcystic Stromal Tumor,Ovarian Microcystic Stromal Tumor,EFO:1000424
ovarian serous adenofibroma,Ovarian Serous Adenofibroma,EFO:1000428
Ovarian Serous Adenofibroma,Ovarian Serous Adenofibroma,EFO:1000428
ovarian serous adenofibroma,Ovarian Serous Adenofibroma,EFO:1000428
Ovarian Serous Adenofibroma,Ovarian Serous Adenofibroma,EFO:1000428
ovarian small cell carcinoma,Ovarian Small Cell Carcinoma,EFO:1000431
Ovarian Small Cell Carcinoma,Ovarian Small Cell Carcinoma,EFO:1000431
ovarian small cell carcinoma,Ovarian Small Cell Carcinoma,EFO:1000431
Ovarian Small Cell Carcinoma,Ovarian Small Cell Carcinoma,EFO:1000431
ovarian squamous cell carcinoma,Ovarian Squamous Cell Carcinoma,EFO:1000432
Ovarian Squamous Cell Carcinoma,Ovarian Squamous Cell Carcinoma,EFO:1000432
ovarian squamous cell carcinoma,Ovarian Squamous Cell Carcinoma,EFO:1000432
Ovarian Squamous Cell Carcinoma,Ovarian Squamous Cell Carcinoma,EFO:1000432
ovary transitional cell carcinoma,Ovarian Transitional Cell Carcinoma,EFO:1000435
Ovarian Transitional Cell Carcinoma,Ovarian Transitional Cell Carcinoma,EFO:1000435
ovarian transitional cell carcinoma,Ovarian Transitional Cell Carcinoma,EFO:1000435
Ovarian Transitional Cell Carcinoma,Ovarian Transitional Cell Carcinoma,EFO:1000435
ovarian endodermal sinus tumor,Ovarian Yolk Sac Tumor,EFO:1000437
Ovarian Yolk Sac Tumor,Ovarian Yolk Sac Tumor,EFO:1000437
ovarian yolk sac tumor,Ovarian Yolk Sac Tumor,EFO:1000437
Ovarian Yolk Sac Tumor,Ovarian Yolk Sac Tumor,EFO:1000437
Dupuytren Contracture,Palmar Fibromatosis,EFO:1000438
Palmar Fibromatosis,Palmar Fibromatosis,EFO:1000438
Contractura de Dupuytren,Palmar Fibromatosis,EFO:1000438
palmar fibromatosis,Palmar Fibromatosis,EFO:1000438
Palmar Fibromatosis,Palmar Fibromatosis,EFO:1000438
pancreatic acinar cell adenocarcinoma,Pancreatic Acinar Cell Carcinoma,EFO:1000439
Pancreatic Acinar Cell Carcinoma,Pancreatic Acinar Cell Carcinoma,EFO:1000439
pancreatic acinar cell carcinoma,Pancreatic Acinar Cell Carcinoma,EFO:1000439
Pancreatic Acinar Cell Carcinoma,Pancreatic Acinar Cell Carcinoma,EFO:1000439
Pancreatic Large Cell Neuroendocrine Carcinoma,Pancreatic Large Cell Neuroendocrine Carcinoma,EFO:1000442
pancreatic large cell neuroendocrine carcinoma,Pancreatic Large Cell Neuroendocrine Carcinoma,EFO:1000442
Pancreatic Large Cell Neuroendocrine Carcinoma,Pancreatic Large Cell Neuroendocrine Carcinoma,EFO:1000442
Pancreatic Small Cell Neuroendocrine Carcinoma,Pancreatic Small Cell Neuroendocrine Carcinoma,EFO:1000444
pancreatic small cell neuroendocrine carcinoma,Pancreatic Small Cell Neuroendocrine Carcinoma,EFO:1000444
Pancreatic Small Cell Neuroendocrine Carcinoma,Pancreatic Small Cell Neuroendocrine Carcinoma,EFO:1000444
Papillary Cystic Neoplasm,Papillary Cystic Neoplasm,EFO:1000448
papillary cystic neoplasm,Papillary Cystic Neoplasm,EFO:1000448
Papillary Cystic Neoplasm,Papillary Cystic Neoplasm,EFO:1000448
papillary transitional carcinoma,Papillary Transitional Cell Carcinoma,EFO:1000450
Papillary Transitional Cell Carcinoma,Papillary Transitional Cell Carcinoma,EFO:1000450
papillary transitional cell carcinoma,Papillary Transitional Cell Carcinoma,EFO:1000450
Papillary Transitional Cell Carcinoma,Papillary Transitional Cell Carcinoma,EFO:1000450
parachordoma,Parachordoma,EFO:1000452
Parachordoma,Parachordoma,EFO:1000452
parachordoma,Parachordoma,EFO:1000452
Parachordoma,Parachordoma,EFO:1000452
paraganglioma,Paraganglioma,EFO:1000453
paraganglioma,Paraganglioma,EFO:1000453
Paraganglioma,Paraganglioma,EFO:1000453
Paranasal Sinus Adenoid Cystic Carcinoma,Paranasal Sinus Adenoid Cystic Carcinoma,EFO:1000454
paranasal sinus adenoid cystic carcinoma,Paranasal Sinus Adenoid Cystic Carcinoma,EFO:1000454
Paranasal Sinus Adenoid Cystic Carcinoma,Paranasal Sinus Adenoid Cystic Carcinoma,EFO:1000454
Paranasal Sinus Schneiderian Papilloma,Paranasal Sinus Schneiderian Papilloma,EFO:1000455
paranasal sinus Schneiderian papilloma,Paranasal Sinus Schneiderian Papilloma,EFO:1000455
Paranasal Sinus Papilloma,Paranasal Sinus Schneiderian Papilloma,EFO:1000455
parathyroid carcinoma,Parathyroid Gland Carcinoma,EFO:1000456
Parathyroid Gland Carcinoma,Parathyroid Gland Carcinoma,EFO:1000456
parathyroid gland carcinoma,Parathyroid Gland Carcinoma,EFO:1000456
Parathyroid Gland Carcinoma,Parathyroid Gland Carcinoma,EFO:1000456
Bijschildklier hyperplasie,Parathyroid Hyperplasia,EFO:1000457
parathyroid hyperplasia,Parathyroid Hyperplasia,EFO:1000457
Parathyroid Gland Hyperplasia,Parathyroid Hyperplasia,EFO:1000457
Parotid Gland Acinic Cell Carcinoma,Parotid Gland Acinic Cell Carcinoma,EFO:1000458
parotid gland acinic cell carcinoma,Parotid Gland Acinic Cell Carcinoma,EFO:1000458
Parotid Gland Acinic Cell Carcinoma,Parotid Gland Acinic Cell Carcinoma,EFO:1000458
parotid gland adenoid cystic carcinoma,Parotid Gland Adenoid Cystic Carcinoma,EFO:1000459
Parotid Gland Adenoid Cystic Carcinoma,Parotid Gland Adenoid Cystic Carcinoma,EFO:1000459
parotid gland adenoid cystic carcinoma,Parotid Gland Adenoid Cystic Carcinoma,EFO:1000459
Parotid Gland Adenoid Cystic Carcinoma,Parotid Gland Adenoid Cystic Carcinoma,EFO:1000459
carcinoma of parotid gland,Parotid Gland Carcinoma,EFO:1000460
Parotid Gland Carcinoma,Parotid Gland Carcinoma,EFO:1000460
Parotid Gland Carcinoma ex Pleomorphic Adenoma,Parotid Gland Carcinoma ex Pleomorphic Adenoma,EFO:1000461
parotid gland carcinoma ex pleomorphic adenoma,Parotid Gland Carcinoma ex Pleomorphic Adenoma,EFO:1000461
Parotid Gland Carcinoma ex Pleomorphic Adenoma,Parotid Gland Carcinoma ex Pleomorphic Adenoma,EFO:1000461
Parotid Gland Squamous Cell Carcinoma,Parotid Gland Squamous Cell Carcinoma,EFO:1000463
parotid gland squamous cell carcinoma,Parotid Gland Squamous Cell Carcinoma,EFO:1000463
Parotid Gland Squamous Cell Carcinoma,Parotid Gland Squamous Cell Carcinoma,EFO:1000463
perivascular epithelioid cell tumor,PEComa,EFO:1000464
PEComa,PEComa,EFO:1000464
neoplasm with perivascular epithelioid cell differentiation,PEComa,EFO:1000464
PEComa,PEComa,EFO:1000464
penis carcinoma,Penile Carcinoma,EFO:1000465
Penile Carcinoma,Penile Carcinoma,EFO:1000465
penile carcinoma,Penile Carcinoma,EFO:1000465
Penile Carcinoma,Penile Carcinoma,EFO:1000465
Penile Fibromatosis,Penile Fibromatosis,EFO:1000466
penile fibromatosis,Penile Fibromatosis,EFO:1000466
Penile Fibromatosis,Penile Fibromatosis,EFO:1000466
Peritoneal Mesothelioma,Peritoneal Mesothelioma,EFO:1000467
Mesotelioma peritoneal,Peritoneal Mesothelioma,EFO:1000467
peritoneal mesothelioma,Peritoneal Mesothelioma,EFO:1000467
Peritoneal Mesothelial Neoplasm,Peritoneal Mesothelioma,EFO:1000467
Peritoneal Multicystic Mesothelioma,Peritoneal Multicystic Mesothelioma,EFO:1000468
peritoneal multicystic mesothelioma,Peritoneal Multicystic Mesothelioma,EFO:1000468
Peritoneal Multicystic Mesothelioma,Peritoneal Multicystic Mesothelioma,EFO:1000468
Peritoneal Well Differentiated Papillary Mesothelioma,Peritoneal Well Differentiated Papillary Mesothelioma,EFO:1000469
peritoneal well differentiated papillary mesothelioma,Peritoneal Well Differentiated Papillary Mesothelioma,EFO:1000469
Peritoneal Well Differentiated Papillary Mesothelial Tumor,Peritoneal Well Differentiated Papillary Mesothelioma,EFO:1000469
Peutz-Jeghers polyp,Peutz-Jeghers Polyp,EFO:1000470
Peutz-Jeghers Polyp,Peutz-Jeghers Polyp,EFO:1000470
Peutz-Jeghers Polyp of the Stomach,Peutz-Jeghers Polyp of the Stomach,EFO:1000471
Peutz-Jeghers polyp of the stomach,Peutz-Jeghers Polyp of the Stomach,EFO:1000471
Peutz-Jeghers Polyp of the Stomach,Peutz-Jeghers Polyp of the Stomach,EFO:1000471
Pharyngeal Adenoid Cystic Carcinoma,Pharyngeal Adenoid Cystic Carcinoma,EFO:1000472
pharyngeal adenoid cystic carcinoma,Pharyngeal Adenoid Cystic Carcinoma,EFO:1000472
Pharyngeal Adenoid Cystic Carcinoma,Pharyngeal Adenoid Cystic Carcinoma,EFO:1000472
Phosphaturic Mesenchymal Tumor,Phosphaturic Mesenchymal Tumor,EFO:1000473
phosphaturic mesenchymal tumor,Phosphaturic Mesenchymal Tumor,EFO:1000473
Phosphaturic Mesenchymal Tumor,Phosphaturic Mesenchymal Tumor,EFO:1000473
pineal parenchymal tumor of intermediate differentiation,Pineal Parenchymal Tumor of Intermediate Differentiation,EFO:1000474
Pineal Parenchymal Tumor of Intermediate Differentiation,Pineal Parenchymal Tumor of Intermediate Differentiation,EFO:1000474
pineal parenchymal tumor of intermediate differentiation,Pineal Parenchymal Tumor of Intermediate Differentiation,EFO:1000474
Pineal Parenchymal Tumor of Intermediate Differentiation,Pineal Parenchymal Tumor of Intermediate Differentiation,EFO:1000474
pineoblastoma,Pineoblastoma,EFO:1000475
Pineoblastoma,Pineoblastoma,EFO:1000475
pineoblastoma,Pineoblastoma,EFO:1000475
Pineoblastoma,Pineoblastoma,EFO:1000475
pineocytoma,Pineocytoma,EFO:1000476
Pineocytoma,Pineocytoma,EFO:1000476
Pineocitoma,Pineocytoma,EFO:1000476
pineocytoma,Pineocytoma,EFO:1000476
Pineocytoma,Pineocytoma,EFO:1000476
pituicytoma,Pituicytoma,EFO:1000477
Pituicytoma,Pituicytoma,EFO:1000477
pituicytoma,Pituicytoma,EFO:1000477
Pituicytoma,Pituicytoma,EFO:1000477
pituitary adenoma,Pituitary Gland Adenoma,EFO:1000478
Pituitary Gland Adenoma,Pituitary Gland Adenoma,EFO:1000478
pituitary gland adenoma,Pituitary Gland Adenoma,EFO:1000478
Pituitary Neuroendocrine Tumor,Pituitary Gland Adenoma,EFO:1000478
placental choriocarcinoma,Placental Choriocarcinoma,EFO:1000479
Placental Choriocarcinoma,Placental Choriocarcinoma,EFO:1000479
placental choriocarcinoma,Placental Choriocarcinoma,EFO:1000479
Placental Choriocarcinoma,Placental Choriocarcinoma,EFO:1000479
chorioangioma,Placental Hemangioma,EFO:1000480
Placental Hemangioma,Placental Hemangioma,EFO:1000480
placental hemangioma,Placental Hemangioma,EFO:1000480
Placental Hemangioma,Placental Hemangioma,EFO:1000480
plantar fascial fibromatosis,Plantar Fibromatosis,EFO:1000481
Plantar Fibromatosis,Plantar Fibromatosis,EFO:1000481
plantar fibromatosis,Plantar Fibromatosis,EFO:1000481
Plantar Fibromatosis,Plantar Fibromatosis,EFO:1000481
Pleural Biphasic Mesothelioma,Pleural Biphasic Mesothelioma,EFO:1000483
pleural biphasic mesothelioma,Pleural Biphasic Mesothelioma,EFO:1000483
Pleural Biphasic Mesothelioma,Pleural Biphasic Mesothelioma,EFO:1000483
Pleural Epithelioid Mesothelioma,Pleural Epithelioid Mesothelioma,EFO:1000484
pleural epithelioid mesothelioma,Pleural Epithelioid Mesothelioma,EFO:1000484
Pleural Epithelioid Mesothelioma,Pleural Epithelioid Mesothelioma,EFO:1000484
benign pleural mesothelioma,Pleural Mesothelioma,EFO:1000485
Pleural Mesothelioma,Pleural Mesothelioma,EFO:1000485
Mesotelioma pleural,Pleural Mesothelioma,EFO:1000485
pleural mesothelioma,Pleural Mesothelioma,EFO:1000485
Pleural Mesothelial Neoplasm,Pleural Mesothelioma,EFO:1000485
Pleural Sarcomatoid Mesothelioma,Pleural Sarcomatoid Mesothelioma,EFO:1000486
pleural sarcomatoid mesothelioma,Pleural Sarcomatoid Mesothelioma,EFO:1000486
Pleural Sarcomatoid Mesothelioma,Pleural Sarcomatoid Mesothelioma,EFO:1000486
Plexiform Ameloblastoma,Plexiform Ameloblastoma,EFO:1000487
plexiform ameloblastoma,Plexiform Ameloblastoma,EFO:1000487
Plexiform Ameloblastoma,Plexiform Ameloblastoma,EFO:1000487
Poorly Differentiated Thyroid Gland Carcinoma,Poorly Differentiated Thyroid Gland Carcinoma,EFO:1000489
poorly differentiated thyroid gland carcinoma,Poorly Differentiated Thyroid Gland Carcinoma,EFO:1000489
Poorly Differentiated Thyroid Gland Carcinoma,Poorly Differentiated Thyroid Gland Carcinoma,EFO:1000489
"Primary Cutaneous Diffuse Large B-Cell Lymphoma, Leg Type","Primary Cutaneous Diffuse Large B-Cell Lymphoma, Leg Type",EFO:1000490
"primary cutaneous diffuse large B-cell lymphoma, Leg type","Primary Cutaneous Diffuse Large B-Cell Lymphoma, Leg Type",EFO:1000490
"Primary Cutaneous Diffuse Large B-Cell Lymphoma, Leg Type","Primary Cutaneous Diffuse Large B-Cell Lymphoma, Leg Type",EFO:1000490
Primary Effusion Lymphoma,Primary Effusion Lymphoma,EFO:1000491
primary effusion lymphoma,Primary Effusion Lymphoma,EFO:1000491
Primary Effusion Lymphoma,Primary Effusion Lymphoma,EFO:1000491
Primary Intraosseous Squamous Cell Carcinoma,Primary Intraosseous Squamous Cell Carcinoma,EFO:1000492
primary intraosseous squamous cell carcinoma,Primary Intraosseous Squamous Cell Carcinoma,EFO:1000492
Primary Intraosseous Squamous Cell Carcinoma,Primary Intraosseous Squamous Cell Carcinoma,EFO:1000492
Primary Peritoneal Serous Adenocarcinoma,Primary Peritoneal Serous Adenocarcinoma,EFO:1000494
primary peritoneal serous adenocarcinoma,Primary Peritoneal Serous Adenocarcinoma,EFO:1000494
Primary Peritoneal Serous Adenocarcinoma,Primary Peritoneal Serous Adenocarcinoma,EFO:1000494
Primary Pulmonary Diffuse Large B-Cell Lymphoma,Primary Pulmonary Diffuse Large B-Cell Lymphoma,EFO:1000495
primary pulmonary diffuse large B-cell lymphoma,Primary Pulmonary Diffuse Large B-Cell Lymphoma,EFO:1000495
Lung Diffuse Large B-Cell Lymphoma,Primary Pulmonary Diffuse Large B-Cell Lymphoma,EFO:1000495
prolactinoma,Prolactin-Producing Pituitary Gland Adenoma,EFO:1000496
Prolactin-Producing Pituitary Gland Adenoma,Prolactin-Producing Pituitary Gland Adenoma,EFO:1000496
prolactin-producing pituitary gland adenoma,Prolactin-Producing Pituitary Gland Adenoma,EFO:1000496
Lactotroph Pituitary Neuroendocrine Tumor,Prolactin-Producing Pituitary Gland Adenoma,EFO:1000496
Prolactin-Producing Pituitary Gland Carcinoma,Prolactin-Producing Pituitary Gland Carcinoma,EFO:1000497
prolactin-producing pituitary gland carcinoma,Prolactin-Producing Pituitary Gland Carcinoma,EFO:1000497
Metastatic Lactotroph Pituitary Neuroendocrine Tumor,Prolactin-Producing Pituitary Gland Carcinoma,EFO:1000497
prostate rhabdomyosarcoma,Prostate Rhabdomyosarcoma,EFO:1000498
Prostate Rhabdomyosarcoma,Prostate Rhabdomyosarcoma,EFO:1000498
prostate rhabdomyosarcoma,Prostate Rhabdomyosarcoma,EFO:1000498
Prostate Rhabdomyosarcoma,Prostate Rhabdomyosarcoma,EFO:1000498
prostate small cell carcinoma,Prostate Small Cell Carcinoma,EFO:1000499
Prostate Small Cell Carcinoma,Prostate Small Cell Carcinoma,EFO:1000499
prostate small cell carcinoma,Prostate Small Cell Carcinoma,EFO:1000499
Prostate Small Cell Neuroendocrine Carcinoma,Prostate Small Cell Carcinoma,EFO:1000499
Pyloric Gland Adenoma,Pyloric Gland Adenoma,EFO:1000501
pyloric gland adenoma,Pyloric Gland Adenoma,EFO:1000501
Gastric Pyloric Gland Adenoma,Pyloric Gland Adenoma,EFO:1000501
rectal hyperplastic polyp,Rectal Hyperplastic Polyp,EFO:1000502
Rectal Hyperplastic Polyp,Rectal Hyperplastic Polyp,EFO:1000502
Rectal Traditional Serrated Adenoma,Rectal Traditional Serrated Adenoma,EFO:1000503
rectal traditional serrated adenoma,Rectal Traditional Serrated Adenoma,EFO:1000503
Rectal Traditional Serrated Adenoma,Rectal Traditional Serrated Adenoma,EFO:1000503
Rectal Tubular Adenoma,Rectal Tubular Adenoma,EFO:1000504
rectal tubular adenoma,Rectal Tubular Adenoma,EFO:1000504
Rectal Tubular Adenoma,Rectal Tubular Adenoma,EFO:1000504
Rectal Tubulovillous Adenoma,Rectal Tubulovillous Adenoma,EFO:1000505
rectal tubulovillous adenoma,Rectal Tubulovillous Adenoma,EFO:1000505
Rectal Tubulovillous Adenoma,Rectal Tubulovillous Adenoma,EFO:1000505
Rectal Villous Adenoma,Rectal Villous Adenoma,EFO:1000506
rectal villous adenoma,Rectal Villous Adenoma,EFO:1000506
Rectal Villous Adenoma,Rectal Villous Adenoma,EFO:1000506
Renal Cell Carcinoma Associated with Xp11.2 Translocations/TFE3 Gene Fusions,Renal Cell Carcinoma Associated with Xp11.2 Translocations/TFE3 Gene Fusions,EFO:1000508
renal cell carcinoma associated with Xp11.2 translocations/TFE3 gene fusions,Renal Cell Carcinoma Associated with Xp11.2 Translocations/TFE3 Gene Fusions,EFO:1000508
TFE3-Rearranged Renal Cell Carcinoma,Renal Cell Carcinoma Associated with Xp11.2 Translocations/TFE3 Gene Fusions,EFO:1000508
retina neoplasm,Retinal Neoplasm,EFO:1000509
Retinal Neoplasm,Retinal Neoplasm,EFO:1000509
Retroperitoneal Inflammatory Myofibroblastic Tumor,Retroperitoneal Inflammatory Myofibroblastic Tumor,EFO:1000510
retroperitoneal inflammatory myofibroblastic tumor,Retroperitoneal Inflammatory Myofibroblastic Tumor,EFO:1000510
Retroperitoneal Inflammatory Myofibroblastic Tumor,Retroperitoneal Inflammatory Myofibroblastic Tumor,EFO:1000510
kidney rhabdoid cancer,Rhabdoid Tumor of the Kidney,EFO:1000512
Rhabdoid Tumor of the Kidney,Rhabdoid Tumor of the Kidney,EFO:1000512
rhabdoid tumor of the kidney,Rhabdoid Tumor of the Kidney,EFO:1000512
Rhabdoid Tumor of the Kidney,Rhabdoid Tumor of the Kidney,EFO:1000512
Salivary Gland Acinic Cell Carcinoma,Salivary Gland Acinic Cell Carcinoma,EFO:1000513
salivary gland acinic cell carcinoma,Salivary Gland Acinic Cell Carcinoma,EFO:1000513
Salivary Gland Acinic Cell Carcinoma,Salivary Gland Acinic Cell Carcinoma,EFO:1000513
Salivary Gland Adenosquamous Carcinoma,Salivary Gland Adenosquamous Carcinoma,EFO:1000514
salivary gland adenosquamous carcinoma,Salivary Gland Adenosquamous Carcinoma,EFO:1000514
Salivary Gland Adenosquamous Carcinoma,Salivary Gland Adenosquamous Carcinoma,EFO:1000514
Salivary Gland Basal Cell Adenocarcinoma,Salivary Gland Basal Cell Adenocarcinoma,EFO:1000515
salivary gland basal cell adenocarcinoma,Salivary Gland Basal Cell Adenocarcinoma,EFO:1000515
Salivary Gland Basal Cell Adenocarcinoma,Salivary Gland Basal Cell Adenocarcinoma,EFO:1000515
pleomorphic adenoma carcinoma,Salivary Gland Carcinoma ex Pleomorphic Adenoma,EFO:1000516
Salivary Gland Carcinoma ex Pleomorphic Adenoma,Salivary Gland Carcinoma ex Pleomorphic Adenoma,EFO:1000516
salivary gland carcinoma ex pleomorphic adenoma,Salivary Gland Carcinoma ex Pleomorphic Adenoma,EFO:1000516
Salivary Gland Carcinoma ex Pleomorphic Adenoma,Salivary Gland Carcinoma ex Pleomorphic Adenoma,EFO:1000516
Salivary Gland Large Cell Carcinoma,Salivary Gland Large Cell Carcinoma,EFO:1000517
salivary gland large cell carcinoma,Salivary Gland Large Cell Carcinoma,EFO:1000517
Salivary Gland Large Cell Carcinoma,Salivary Gland Large Cell Carcinoma,EFO:1000517
Salivary Gland Small Cell Carcinoma,Salivary Gland Small Cell Carcinoma,EFO:1000519
salivary gland small cell carcinoma,Salivary Gland Small Cell Carcinoma,EFO:1000519
Salivary Gland Small Cell Neuroendocrine Carcinoma,Salivary Gland Small Cell Carcinoma,EFO:1000519
sarcomatoid carcinoma,Sarcomatoid Carcinoma,EFO:1000520
Sarcomatoid Carcinoma,Sarcomatoid Carcinoma,EFO:1000520
sarcomatoid carcinoma,Sarcomatoid Carcinoma,EFO:1000520
Sarcomatoid Carcinoma,Sarcomatoid Carcinoma,EFO:1000520
sarcomatoid mesothelioma,Sarcomatoid Mesothelioma,EFO:1000521
Sarcomatoid Mesothelioma,Sarcomatoid Mesothelioma,EFO:1000521
sarcomatoid mesothelioma,Sarcomatoid Mesothelioma,EFO:1000521
Sarcomatoid Mesothelioma,Sarcomatoid Mesothelioma,EFO:1000521
Sex Hormone-Producing Adrenal Cortex Adenoma,Sex Hormone-Producing Adrenal Cortex Adenoma,EFO:1000523
sex hormone-producing adrenal cortex adenoma,Sex Hormone-Producing Adrenal Cortex Adenoma,EFO:1000523
Sex Hormone-Producing Adrenal Cortical Adenoma,Sex Hormone-Producing Adrenal Cortex Adenoma,EFO:1000523
gastric signet ring cell adenocarcinoma,Signet Ring Cell Gastric Adenocarcinoma,EFO:1000524
Signet Ring Cell Gastric Adenocarcinoma,Signet Ring Cell Gastric Adenocarcinoma,EFO:1000524
signet ring cell gastric adenocarcinoma,Signet Ring Cell Gastric Adenocarcinoma,EFO:1000524
Gastric Signet Ring Cell Adenocarcinoma,Signet Ring Cell Gastric Adenocarcinoma,EFO:1000524
simple endometrial hyperplasia,Simple Endometrial Hyperplasia,EFO:1000525
Simple Endometrial Hyperplasia,Simple Endometrial Hyperplasia,EFO:1000525
sinonasal undifferentiated carcinoma,Sinonasal Undifferentiated Carcinoma,EFO:1000527
Sinonasal Undifferentiated Carcinoma,Sinonasal Undifferentiated Carcinoma,EFO:1000527
sinonasal undifferentiated carcinoma,Sinonasal Undifferentiated Carcinoma,EFO:1000527
Sinonasal Undifferentiated Carcinoma,Sinonasal Undifferentiated Carcinoma,EFO:1000527
basosquamous carcinoma,Skin Basosquamous Cell Carcinoma,EFO:1000529
Skin Basosquamous Cell Carcinoma,Skin Basosquamous Cell Carcinoma,EFO:1000529
basosquamous carcinoma,Skin Basosquamous Cell Carcinoma,EFO:1000529
Skin Basosquamous Cell Carcinoma,Skin Basosquamous Cell Carcinoma,EFO:1000529
skin sarcoma,Skin Sarcoma,EFO:1000531
Skin Sarcoma,Skin Sarcoma,EFO:1000531
skin sarcoma,Skin Sarcoma,EFO:1000531
Skin Sarcoma,Skin Sarcoma,EFO:1000531
small intestine adenocarcinoma,small intestinal adenocarcinoma,EFO:1000532
small intestinal adenocarcinoma,small intestinal adenocarcinoma,EFO:1000532
small intestine adenocarcinoma,small intestinal adenocarcinoma,EFO:1000532
Small Intestinal Adenocarcinoma,small intestinal adenocarcinoma,EFO:1000532
Small Intestinal Burkitt Lymphoma,Small Intestinal Burkitt Lymphoma,EFO:1000533
small intestinal Burkitt lymphoma,Small Intestinal Burkitt Lymphoma,EFO:1000533
Small Intestinal Burkitt Lymphoma,Small Intestinal Burkitt Lymphoma,EFO:1000533
Small Intestinal Diffuse Large B-Cell Lymphoma,Small Intestinal Diffuse Large B-Cell Lymphoma,EFO:1000534
small intestinal diffuse large B-cell lymphoma,Small Intestinal Diffuse Large B-Cell Lymphoma,EFO:1000534
Small Intestinal Diffuse Large B-Cell Lymphoma,Small Intestinal Diffuse Large B-Cell Lymphoma,EFO:1000534
Small Intestinal Enteropathy-Associated T-Cell Lymphoma,Small Intestinal Enteropathy-Associated T-Cell Lymphoma,EFO:1000535
small intestinal enteropathy-associated T-cell lymphoma,Small Intestinal Enteropathy-Associated T-Cell Lymphoma,EFO:1000535
Small Intestinal Enteropathy-Associated T-Cell Lymphoma,Small Intestinal Enteropathy-Associated T-Cell Lymphoma,EFO:1000535
Small Intestinal Intraepithelial Neoplasia,Small Intestinal Intraepithelial Neoplasia,EFO:1000536
small intestinal intraepithelial neoplasia,Small Intestinal Intraepithelial Neoplasia,EFO:1000536
Small Intestinal Intraepithelial Neoplasia,Small Intestinal Intraepithelial Neoplasia,EFO:1000536
Small Intestinal Mucosa-Associated Lymphoid Tissue Lymphoma,Small Intestinal Mucosa-Associated Lymphoid Tissue Lymphoma,EFO:1000537
small intestinal mucosa-associated lymphoid tissue lymphoma,Small Intestinal Mucosa-Associated Lymphoid Tissue Lymphoma,EFO:1000537
Small Intestinal Mucosa-Associated Lymphoid Tissue Lymphoma,Small Intestinal Mucosa-Associated Lymphoid Tissue Lymphoma,EFO:1000537
Small Intestinal Tubular Adenoma,Small Intestinal Tubular Adenoma,EFO:1000538
small intestinal tubular adenoma,Small Intestinal Tubular Adenoma,EFO:1000538
Small Intestinal Tubular Adenoma,Small Intestinal Tubular Adenoma,EFO:1000538
Small Intestinal Tubulovillous Adenoma,Small Intestinal Tubulovillous Adenoma,EFO:1000539
small intestinal tubulovillous adenoma,Small Intestinal Tubulovillous Adenoma,EFO:1000539
Small Intestinal Tubulovillous Adenoma,Small Intestinal Tubulovillous Adenoma,EFO:1000539
soft tissue chondroma,Soft Tissue Chondroma,EFO:1000540
Soft Tissue Chondroma,Soft Tissue Chondroma,EFO:1000540
soft tissue chondroma,Soft Tissue Chondroma,EFO:1000540
Soft Tissue Chondroma,Soft Tissue Chondroma,EFO:1000540
Soft Tissue Neoplasm,Soft Tissue Neoplasm,EFO:1000541
soft tissue neoplasm,Soft Tissue Neoplasm,EFO:1000541
Soft Tissue Neoplasm,Soft Tissue Neoplasm,EFO:1000541
spinal chordoma,Spinal Chordoma,EFO:1000543
Spinal Chordoma,Spinal Chordoma,EFO:1000543
spinal chordoma,Spinal Chordoma,EFO:1000543
Spinal Chordoma,Spinal Chordoma,EFO:1000543
spinal cord astrocytoma,Spinal Cord Astrocytoma,EFO:1000544
Spinal Cord Astrocytoma,Spinal Cord Astrocytoma,EFO:1000544
spinal cord astrocytoma,Spinal Cord Astrocytoma,EFO:1000544
Spinal Cord Astrocytoma,Spinal Cord Astrocytoma,EFO:1000544
spinal cord primitive neuroectodermal neoplasm,Spinal Cord Primitive Neuroectodermal Tumor,EFO:1000545
Spinal Cord Primitive Neuroectodermal Tumor,Spinal Cord Primitive Neuroectodermal Tumor,EFO:1000545
spinal cord primitive neuroectodermal tumor,Spinal Cord Primitive Neuroectodermal Tumor,EFO:1000545
"Spinal Cord Embryonal Tumor, Not Otherwise Specified",Spinal Cord Primitive Neuroectodermal Tumor,EFO:1000545
malignant spindle cell melanoma,Spindle Cell Melanoma,EFO:1000546
Spindle Cell Melanoma,Spindle Cell Melanoma,EFO:1000546
spindle cell melanoma,Spindle Cell Melanoma,EFO:1000546
Spindle Cell Melanoma,Spindle Cell Melanoma,EFO:1000546
Splenic Diffuse Large B-Cell Lymphoma,Splenic Diffuse Large B-Cell Lymphoma,EFO:1000547
splenic diffuse large B-cell lymphoma,Splenic Diffuse Large B-Cell Lymphoma,EFO:1000547
Splenic Diffuse Large B-Cell Lymphoma,Splenic Diffuse Large B-Cell Lymphoma,EFO:1000547
Splenic Hodgkin Lymphoma,Splenic Hodgkin Lymphoma,EFO:1000548
splenic hodgkin lymphoma,Splenic Hodgkin Lymphoma,EFO:1000548
Splenic Hodgkin Lymphoma,Splenic Hodgkin Lymphoma,EFO:1000548
Splenic Mantle Cell Lymphoma,Splenic Mantle Cell Lymphoma,EFO:1000549
splenic mantle cell lymphoma,Splenic Mantle Cell Lymphoma,EFO:1000549
Splenic Mantle Cell Lymphoma,Splenic Mantle Cell Lymphoma,EFO:1000549
splenic marginal zone lymphoma,Splenic Marginal Zone Lymphoma,EFO:1000550
Splenic Marginal Zone Lymphoma,Splenic Marginal Zone Lymphoma,EFO:1000550
splenic marginal zone lymphoma,Splenic Marginal Zone Lymphoma,EFO:1000550
Splenic Marginal Zone Lymphoma,Splenic Marginal Zone Lymphoma,EFO:1000550
stromal predominant kidney Wilms' tumor,Stromal Predominant Kidney Wilms Tumor,EFO:1000551
Stromal Predominant Kidney Wilms Tumor,Stromal Predominant Kidney Wilms Tumor,EFO:1000551
stromal predominant kidney Wilms tumor,Stromal Predominant Kidney Wilms Tumor,EFO:1000551
Stromal Predominant Kidney Wilms Tumor,Stromal Predominant Kidney Wilms Tumor,EFO:1000551
Subcutaneous Panniculitis-Like T-Cell Lymphoma,Subcutaneous Panniculitis-Like T-Cell Lymphoma,EFO:1000552
subcutaneous panniculitis-like T-cell lymphoma,Subcutaneous Panniculitis-Like T-Cell Lymphoma,EFO:1000552
Subcutaneous Panniculitis-Like T-Cell Lymphoma,Subcutaneous Panniculitis-Like T-Cell Lymphoma,EFO:1000552
subependymal glioma,Subependymoma,EFO:1000553
Subependymoma,Subependymoma,EFO:1000553
subependymal glioma,Subependymoma,EFO:1000553
subependymoma,Subependymoma,EFO:1000553
Subependymoma,Subependymoma,EFO:1000553
Submandibular Gland Adenocarcinoma,Submandibular Gland Adenocarcinoma,EFO:1000554
submandibular gland adenocarcinoma,Submandibular Gland Adenocarcinoma,EFO:1000554
Submandibular Gland Adenocarcinoma,Submandibular Gland Adenocarcinoma,EFO:1000554
Submandibular Gland Adenoid Cystic Carcinoma,Submandibular Gland Adenoid Cystic Carcinoma,EFO:1000555
submandibular gland adenoid cystic carcinoma,Submandibular Gland Adenoid Cystic Carcinoma,EFO:1000555
Submandibular Gland Adenoid Cystic Carcinoma,Submandibular Gland Adenoid Cystic Carcinoma,EFO:1000555
Superficial Fibromatosis,Superficial Fibromatosis,EFO:1000556
superficial Fibromatosis,Superficial Fibromatosis,EFO:1000556
Superficial Fibromatosis,Superficial Fibromatosis,EFO:1000556
Synovial Chondromatosis,Synovial Chondromatosis,EFO:1000557
synovial chondromatosis,Synovial Chondromatosis,EFO:1000557
Synovial Chondromatosis,Synovial Chondromatosis,EFO:1000557
syringocystadenoma papilliferum,Syringocystadenoma Papilliferum,EFO:1000558
Syringocystadenoma Papilliferum,Syringocystadenoma Papilliferum,EFO:1000558
syringocystadenoma papilliferum,Syringocystadenoma Papilliferum,EFO:1000558
Syringocystadenoma Papilliferum,Syringocystadenoma Papilliferum,EFO:1000558
SM-AHNMD,Systemic Mastocytosis with Associated Clonal Hematological non-Mast-Cell Lineage Disease,EFO:1000559
Systemic Mastocytosis with Associated Clonal Hematological non-Mast-Cell Lineage Disease,Systemic Mastocytosis with Associated Clonal Hematological non-Mast-Cell Lineage Disease,EFO:1000559
systemic mastocytosis with an associated clonal hematologic non-mast cell lineage disease,Systemic Mastocytosis with Associated Clonal Hematological non-Mast-Cell Lineage Disease,EFO:1000559
Systemic Mastocytosis with an Associated Myeloid Neoplasm,Systemic Mastocytosis with Associated Clonal Hematological non-Mast-Cell Lineage Disease,EFO:1000559
T-cell prolymphocytic leukemia,T-Cell Prolymphocytic Leukemia,EFO:1000560
T-Cell Prolymphocytic Leukemia,T-Cell Prolymphocytic Leukemia,EFO:1000560
T-cell prolymphocytic leukemia,T-Cell Prolymphocytic Leukemia,EFO:1000560
T-Cell Prolymphocytic Leukemia,T-Cell Prolymphocytic Leukemia,EFO:1000560
T-Cell Chronic Lymphocytic Leukemia,T-Cell Prolymphocytic Leukemia,EFO:1000560
Tendon Sheath Fibroma,Tendon Sheath Fibroma,EFO:1000561
tendon sheath fibroma,Tendon Sheath Fibroma,EFO:1000561
Tendon Sheath Fibroma,Tendon Sheath Fibroma,EFO:1000561
tenosynovial giant cell tumor,Tenosynovial Giant Cell Tumor,EFO:1000562
Tenosynovial Giant Cell Tumor,Tenosynovial Giant Cell Tumor,EFO:1000562
tenosynovial giant cell tumor,Tenosynovial Giant Cell Tumor,EFO:1000562
Tenosynovial Giant Cell Tumor,Tenosynovial Giant Cell Tumor,EFO:1000562
teratoma with somatic-type malignancy,Teratoma with Malignant Transformation,EFO:1000563
Teratoma with Malignant Transformation,Teratoma with Malignant Transformation,EFO:1000563
teratoma with malignant transformation,Teratoma with Malignant Transformation,EFO:1000563
Teratoma with Somatic-Type Malignancy,Teratoma with Malignant Transformation,EFO:1000563
choriocarcinoma of the testis,Testicular Choriocarcinoma,EFO:1000564
Testicular Choriocarcinoma,Testicular Choriocarcinoma,EFO:1000564
choriocarcinoma of testis,Testicular Choriocarcinoma,EFO:1000564
Testicular Choriocarcinoma,Testicular Choriocarcinoma,EFO:1000564
embryonal testis carcinoma,Testicular Embryonal Carcinoma,EFO:1000565
Testicular Embryonal Carcinoma,Testicular Embryonal Carcinoma,EFO:1000565
testicular embryonal carcinoma,Testicular Embryonal Carcinoma,EFO:1000565
Testicular Embryonal Carcinoma,Testicular Embryonal Carcinoma,EFO:1000565
testicular germ cell cancer,Testicular Germ Cell Tumor,EFO:1000566
Testicular Germ Cell Tumor,Testicular Germ Cell Tumor,EFO:1000566
testicular germ cell tumor,Testicular Germ Cell Tumor,EFO:1000566
Testicular Germ Cell Tumor,Testicular Germ Cell Tumor,EFO:1000566
testicular germ cell tumor non-seminomatous,Testicular Non-Seminomatous Germ Cell Tumor,EFO:1000570
Testicular Non-Seminomatous Germ Cell Tumor,Testicular Non-Seminomatous Germ Cell Tumor,EFO:1000570
testicular non-seminomatous germ cell tumor,Testicular Non-Seminomatous Germ Cell Tumor,EFO:1000570
Testicular Non-Seminomatous Germ Cell Tumor,Testicular Non-Seminomatous Germ Cell Tumor,EFO:1000570
Testicular Teratoma,Testicular Teratoma,EFO:1000573
Teratoma testicular,Testicular Teratoma,EFO:1000573
testicular teratoma,Testicular Teratoma,EFO:1000573
Testicular Teratoma,Testicular Teratoma,EFO:1000573
testicular yolk sac tumor,Testicular Yolk Sac Tumor,EFO:1000574
Testicular Yolk Sac Tumor,Testicular Yolk Sac Tumor,EFO:1000574
testicular yolk sac tumor,Testicular Yolk Sac Tumor,EFO:1000574
Testicular Yolk Sac Tumor,Testicular Yolk Sac Tumor,EFO:1000574
Therapy-Related Myeloid Neoplasm,Therapy-Related Myeloid Neoplasm,EFO:1000575
therapy-related myeloid neoplasm,Therapy-Related Myeloid Neoplasm,EFO:1000575
Myeloid Neoplasm Post Cytotoxic Therapy,Therapy-Related Myeloid Neoplasm,EFO:1000575
thymic carcinoma,Thymic Carcinoma,EFO:1000576
type C thymoma,Thymic Carcinoma,EFO:1000576
Thymic Carcinoma,Thymic Carcinoma,EFO:1000576
thymic carcinoma,Thymic Carcinoma,EFO:1000576
Thymic Carcinoma,Thymic Carcinoma,EFO:1000576
thymus sarcomatoid carcinoma,Thymic Sarcomatoid Carcinoma,EFO:1000577
Thymic Sarcomatoid Carcinoma,Thymic Sarcomatoid Carcinoma,EFO:1000577
thymic sarcomatoid carcinoma,Thymic Sarcomatoid Carcinoma,EFO:1000577
Thymic Sarcomatoid Carcinoma,Thymic Sarcomatoid Carcinoma,EFO:1000577
thymus small cell carcinoma,Thymic Small Cell Carcinoma,EFO:1000578
Thymic Small Cell Carcinoma,Thymic Small Cell Carcinoma,EFO:1000578
thymus small cell carcinoma,Thymic Small Cell Carcinoma,EFO:1000578
Thymic Small Cell Neuroendocrine Carcinoma,Thymic Small Cell Carcinoma,EFO:1000578
thymus squamous cell carcinoma,Thymic Squamous Cell Carcinoma,EFO:1000579
Thymic Squamous Cell Carcinoma,Thymic Squamous Cell Carcinoma,EFO:1000579
thymus squamous cell carcinoma,Thymic Squamous Cell Carcinoma,EFO:1000579
Thymic Squamous Cell Carcinoma,Thymic Squamous Cell Carcinoma,EFO:1000579
Thymic Undifferentiated Carcinoma,Thymic Undifferentiated Carcinoma,EFO:1000580
thymic undifferentiated carcinoma,Thymic Undifferentiated Carcinoma,EFO:1000580
Thymic Undifferentiated Carcinoma,Thymic Undifferentiated Carcinoma,EFO:1000580
thymoma,Thymoma,EFO:1000581
Thymoma,Thymoma,EFO:1000581
Thymom,Thymoma,EFO:1000581
thymoma,Thymoma,EFO:1000581
Thymoma,Thymoma,EFO:1000581
mixed type thymoma,Thymoma Type AB,EFO:1000582
Thymoma Type AB,Thymoma Type AB,EFO:1000582
thymoma type AB,Thymoma Type AB,EFO:1000582
Thymoma Type AB,Thymoma Type AB,EFO:1000582
epithelial malignant thymoma,Thymoma Type B3,EFO:1000583
Thymoma Type B3,Thymoma Type B3,EFO:1000583
thymoma type B3,Thymoma Type B3,EFO:1000583
Thymoma Type B3,Thymoma Type B3,EFO:1000583
predominantly cortical thymoma,Thymoma Type B1,EFO:1000584
Thymoma Type B1,Thymoma Type B1,EFO:1000584
thymoma type B1,Thymoma Type B1,EFO:1000584
Thymoma Type B1,Thymoma Type B1,EFO:1000584
Thyroglossal Duct Cyst,Thyroglossal Duct Cyst,EFO:1000585
thyroglossal duct cyst,Thyroglossal Duct Cyst,EFO:1000585
Thyroid Gland Diffuse Large B-Cell Lymphoma,Thyroid Gland Diffuse Large B-Cell Lymphoma,EFO:1000587
thyroid gland diffuse large B-cell lymphoma,Thyroid Gland Diffuse Large B-Cell Lymphoma,EFO:1000587
Thyroid Gland Diffuse Large B-Cell Lymphoma,Thyroid Gland Diffuse Large B-Cell Lymphoma,EFO:1000587
thyroid gland mucoepidermoid carcinoma,Thyroid Gland Mucoepidermoid Carcinoma,EFO:1000590
Thyroid Gland Mucoepidermoid Carcinoma,Thyroid Gland Mucoepidermoid Carcinoma,EFO:1000590
thyroid gland mucoepidermoid carcinoma,Thyroid Gland Mucoepidermoid Carcinoma,EFO:1000590
Thyroid Gland Mucoepidermoid Carcinoma,Thyroid Gland Mucoepidermoid Carcinoma,EFO:1000590
Thyroid Gland Mucosa-Associated Lymphoid Tissue Lymphoma,Thyroid Gland Mucosa-Associated Lymphoid Tissue Lymphoma,EFO:1000591
thyroid gland mucosa-associated lymphoid tissue lymphoma,Thyroid Gland Mucosa-Associated Lymphoid Tissue Lymphoma,EFO:1000591
Thyroid Gland Mucosa-Associated Lymphoid Tissue Lymphoma,Thyroid Gland Mucosa-Associated Lymphoid Tissue Lymphoma,EFO:1000591
Thyroid Gland Oncocytic Follicular Carcinoma,Thyroid Gland Oncocytic Follicular Carcinoma,EFO:1000592
thyroid gland oncocytic follicular carcinoma,Thyroid Gland Oncocytic Follicular Carcinoma,EFO:1000592
Thyroid Gland Oncocytic Carcinoma,Thyroid Gland Oncocytic Follicular Carcinoma,EFO:1000592
spindle epithelial tumor with thymus-like differentiation tumor,Thyroid Gland Spindle Cell Tumor with Thymus-Like Differentiation,EFO:1000593
Thyroid Gland Spindle Cell Tumor with Thymus-Like Differentiation,Thyroid Gland Spindle Cell Tumor with Thymus-Like Differentiation,EFO:1000593
thyroid gland spindle cell tumor with thymus-like differentiation,Thyroid Gland Spindle Cell Tumor with Thymus-Like Differentiation,EFO:1000593
Thyroid Gland Spindle Epithelial Tumor with Thymus-Like Elements,Thyroid Gland Spindle Cell Tumor with Thymus-Like Differentiation,EFO:1000593
Thyroid Gland Squamous Cell Carcinoma,Thyroid Gland Squamous Cell Carcinoma,EFO:1000594
thyroid gland squamous cell carcinoma,Thyroid Gland Squamous Cell Carcinoma,EFO:1000594
"Thyroid Gland Anaplastic Carcinoma, Squamous Cell Carcinoma Pattern",Thyroid Gland Squamous Cell Carcinoma,EFO:1000594
thyroid gland anaplastic carcinoma,Thyroid Gland Undifferentiated (Anaplastic) Carcinoma,EFO:1000595
Thyroid Gland Undifferentiated (Anaplastic) Carcinoma,Thyroid Gland Undifferentiated (Anaplastic) Carcinoma,EFO:1000595
Anaplastic thyroid carcinoma,Thyroid Gland Undifferentiated (Anaplastic) Carcinoma,EFO:1000595
thyroid gland undifferentiated (anaplastic) carcinoma,Thyroid Gland Undifferentiated (Anaplastic) Carcinoma,EFO:1000595
Thyroid Gland Anaplastic Carcinoma,Thyroid Gland Undifferentiated (Anaplastic) Carcinoma,EFO:1000595
tibial adamantinoma,Tibial Adamantinoma,EFO:1000596
Tibial Adamantinoma,Tibial Adamantinoma,EFO:1000596
tibial adamantinoma,Tibial Adamantinoma,EFO:1000596
Tibial Adamantinoma,Tibial Adamantinoma,EFO:1000596
Tonsillar Squamous Cell Carcinoma,Tonsillar Squamous Cell Carcinoma,EFO:1000597
tonsillar squamous cell carcinoma,Tonsillar Squamous Cell Carcinoma,EFO:1000597
Tonsillar Squamous Cell Carcinoma,Tonsillar Squamous Cell Carcinoma,EFO:1000597
trachea adenoid cystic carcinoma,Tracheal Adenoid Cystic Carcinoma,EFO:1000598
Tracheal Adenoid Cystic Carcinoma,Tracheal Adenoid Cystic Carcinoma,EFO:1000598
tracheal adenoid cystic carcinoma,Tracheal Adenoid Cystic Carcinoma,EFO:1000598
Tracheal Adenoid Cystic Carcinoma,Tracheal Adenoid Cystic Carcinoma,EFO:1000598
trachea carcinoma,Tracheal Carcinoma,EFO:1000599
Tracheal Carcinoma,Tracheal Carcinoma,EFO:1000599
trachea carcinoma,Tracheal Carcinoma,EFO:1000599
Tracheal Carcinoma,Tracheal Carcinoma,EFO:1000599
trachea squamous cell carcinoma,Tracheal Squamous Cell Carcinoma,EFO:1000600
Tracheal Squamous Cell Carcinoma,Tracheal Squamous Cell Carcinoma,EFO:1000600
trachea squamous cell carcinoma,Tracheal Squamous Cell Carcinoma,EFO:1000600
Tracheal Squamous Cell Carcinoma,Tracheal Squamous Cell Carcinoma,EFO:1000600
transitional cell carcinoma,Transitional Cell Carcinoma,EFO:1000601
Transitional Cell Carcinoma,Transitional Cell Carcinoma,EFO:1000601
transitional cell carcinoma,Transitional Cell Carcinoma,EFO:1000601
Transitional Cell Carcinoma,Transitional Cell Carcinoma,EFO:1000601
Transitional Cell Neoplasm,Transitional Cell Carcinoma,EFO:1000601
Unclassified Renal Cell Carcinoma,Unclassified Renal Cell Carcinoma,EFO:1000603
Unclassified Renal Cell Carcinoma,Unclassified Renal Cell Carcinoma,EFO:1000603
Undifferentiated Gallbladder Carcinoma,Undifferentiated Gallbladder Carcinoma,EFO:1000604
undifferentiated gallbladder carcinoma,Undifferentiated Gallbladder Carcinoma,EFO:1000604
Gallbladder Undifferentiated Carcinoma,Undifferentiated Gallbladder Carcinoma,EFO:1000604
Undifferentiated Ovarian Carcinoma,Undifferentiated Ovarian Carcinoma,EFO:1000605
undifferentiated ovarian carcinoma,Undifferentiated Ovarian Carcinoma,EFO:1000605
Ovarian Undifferentiated Carcinoma,Undifferentiated Ovarian Carcinoma,EFO:1000605
undifferentiated pancreatic carcinoma,Undifferentiated Pancreatic Carcinoma,EFO:1000606
Pancreatic Undifferentiated Carcinoma,Undifferentiated Pancreatic Carcinoma,EFO:1000606
osteoclast-like giant cell neoplasm of the pancreas,Undifferentiated Pancreatic Carcinoma with Osteoclast-Like Giant Cells,EFO:1000607
undifferentiated pancreatic carcinoma with osteoclast-like giant cells,Undifferentiated Pancreatic Carcinoma with Osteoclast-Like Giant Cells,EFO:1000607
Pancreatic Undifferentiated Carcinoma with Osteoclast-Like Giant Cells,Undifferentiated Pancreatic Carcinoma with Osteoclast-Like Giant Cells,EFO:1000607
malignant inflammatory fibrous histiocytoma,"Undifferentiated Pleomorphic Sarcoma, Inflammatory Variant",EFO:1000608
"Undifferentiated Pleomorphic Sarcoma, Inflammatory Variant","Undifferentiated Pleomorphic Sarcoma, Inflammatory Variant",EFO:1000608
"undifferentiated pleomorphic sarcoma, inflammatory variant","Undifferentiated Pleomorphic Sarcoma, Inflammatory Variant",EFO:1000608
"Undifferentiated Pleomorphic Sarcoma, Inflammatory Variant","Undifferentiated Pleomorphic Sarcoma, Inflammatory Variant",EFO:1000608
ureter carcinoma,Ureter Carcinoma,EFO:1000609
Ureter Carcinoma,Ureter Carcinoma,EFO:1000609
ureter carcinoma,Ureter Carcinoma,EFO:1000609
Ureter Carcinoma,Ureter Carcinoma,EFO:1000609
ureter small cell carcinoma,Ureter Small Cell Carcinoma,EFO:1000610
Ureter Small Cell Carcinoma,Ureter Small Cell Carcinoma,EFO:1000610
ureter small cell carcinoma,Ureter Small Cell Carcinoma,EFO:1000610
Ureter Small Cell Neuroendocrine Carcinoma,Ureter Small Cell Carcinoma,EFO:1000610
Urothelial Dysplasia,Urothelial Dysplasia,EFO:1000611
urothelial dysplasia,Urothelial Dysplasia,EFO:1000611
Urothelial Dysplasia,Urothelial Dysplasia,EFO:1000611
usual ductal breast hyperplasia,Usual Ductal Breast Hyperplasia,EFO:1000612
Breast Usual Ductal Hyperplasia,Usual Ductal Breast Hyperplasia,EFO:1000612
uterine carcinosarcoma,Uterine Carcinosarcoma,EFO:1000613
Uterine Carcinosarcoma,Uterine Carcinosarcoma,EFO:1000613
uterine carcinosarcoma,Uterine Carcinosarcoma,EFO:1000613
Uterine Carcinosarcoma,Uterine Carcinosarcoma,EFO:1000613
uveal melanoma,Uveal Melanoma,EFO:1000616
Uveal Melanoma,Uveal Melanoma,EFO:1000616
uveal melanoma,Uveal Melanoma,EFO:1000616
Uveal Melanoma,Uveal Melanoma,EFO:1000616
Vaginal Adenoid Cystic Carcinoma,Vaginal Adenoid Cystic Carcinoma,EFO:1000617
vaginal adenoid cystic carcinoma,Vaginal Adenoid Cystic Carcinoma,EFO:1000617
Vaginal Adenoid Cystic Carcinoma,Vaginal Adenoid Cystic Carcinoma,EFO:1000617
vaginal carcinosarcoma,Vaginal Carcinosarcoma,EFO:1000618
Vaginal Carcinosarcoma,Vaginal Carcinosarcoma,EFO:1000618
vaginal carcinosarcoma,Vaginal Carcinosarcoma,EFO:1000618
Vaginal Carcinosarcoma,Vaginal Carcinosarcoma,EFO:1000618
Vaginal Melanoma,Vaginal Melanoma,EFO:1000619
vaginal melanoma,Vaginal Melanoma,EFO:1000619
Vaginal Melanoma,Vaginal Melanoma,EFO:1000619
Vaginal Squamous Cell Carcinoma,Vaginal Squamous Cell Carcinoma,EFO:1000620
vaginal squamous cell carcinoma,Vaginal Squamous Cell Carcinoma,EFO:1000620
Vaginal Squamous Cell Carcinoma,Vaginal Squamous Cell Carcinoma,EFO:1000620
"Vaginal Squamous Cell Carcinoma, Not Otherwise Specified",Vaginal Squamous Cell Carcinoma,EFO:1000620
vulvar lichen sclerosus,Vulvar Lichen Sclerosus,EFO:1000623
Vulvar Lichen Sclerosus,Vulvar Lichen Sclerosus,EFO:1000623
vulva squamous cell carcinoma,Vulvar Squamous Cell Carcinoma,EFO:1000624
Vulvar Squamous Cell Carcinoma,Vulvar Squamous Cell Carcinoma,EFO:1000624
vulvar squamous cell carcinoma,Vulvar Squamous Cell Carcinoma,EFO:1000624
Vulvar Squamous Cell Carcinoma,Vulvar Squamous Cell Carcinoma,EFO:1000624
Warthin Tumor,Warthin Tumor,EFO:1000625
Warthin tumor,Warthin Tumor,EFO:1000625
Warthin Tumor,Warthin Tumor,EFO:1000625
thyroid gland disease,thyroid disease,EFO:1000627
thyroid gland disorder,thyroid disease,EFO:1000627
Thyroid Gland Disorder,thyroid disease,EFO:1000627
marginal zone lymphoma,marginal zone B-cell lymphoma,EFO:1000630
marginal zone B-cell lymphoma,marginal zone B-cell lymphoma,EFO:1000630
marginal zone lymphoma,marginal zone B-cell lymphoma,EFO:1000630
Marginal Zone Lymphoma,marginal zone B-cell lymphoma,EFO:1000630
palsy,palsy,EFO:1000631
cerebral palsy,cerebral palsy,EFO:1000632
Cerebral palsy,cerebral palsy,EFO:1000632
cerebral palsy,cerebral palsy,EFO:1000632
Cerebral Palsy,cerebral palsy,EFO:1000632
Adenomateuze polyposis van colon,adenomatous colon polyp,EFO:1000633
adenomatous colon polyp,adenomatous colon polyp,EFO:1000633
Colon Adenomatous Polyp,adenomatous colon polyp,EFO:1000633
hamartoma,hamartoma,EFO:1000634
Hamartom,hamartoma,EFO:1000634
hamartoma,hamartoma,EFO:1000634
Hamartoma,hamartoma,EFO:1000634
hemangioma,hemangioma,EFO:1000635
hemangioma,hemangioma,EFO:1000635
Hemangiom,hemangioma,EFO:1000635
hemangioma,hemangioma,EFO:1000635
Hemangioma,hemangioma,EFO:1000635
acute respiratory distress syndrome,acute respiratory distress syndrome,EFO:1000637
Acute Respiratory Distress Syndrome,acute respiratory distress syndrome,EFO:1000637
episodic ataxia,Isaacs syndrome,EFO:1000638
acquired metabolic disease,acquired metabolic disease,EFO:1000639
acquired metabolic disease,acquired metabolic disease,EFO:1000639
basal ganglia cerebrovascular disease,basal ganglia cerebrovascular disease,EFO:1000640
basal ganglia cerebrovascular disorder,basal ganglia cerebrovascular disease,EFO:1000640
congenital nonspherocytic hemolytic anemia,congenital nonspherocytic hemolytic anemia,EFO:1000641
congenital nonspherocytic hemolytic anemia,congenital nonspherocytic hemolytic anemia,EFO:1000641
hemochromatosis,hemochromatosis,EFO:1000642
obsolete infantile epileptic encephalopathy,infantile epileptic encephalopathy,EFO:1000643
newborn respiratory distress syndrome,newborn respiratory distress syndrome,EFO:1000644
newborn respiratory distress syndrome,newborn respiratory distress syndrome,EFO:1000644
Respiratory Distress Syndrome,newborn respiratory distress syndrome,EFO:1000644
postural orthostatic tachycardia syndrome,orthostatic intolerance,EFO:1000645
postural orthostatic tachycardia syndrome,orthostatic intolerance,EFO:1000645
Postural Orthostatic Tachycardia Syndrome,orthostatic intolerance,EFO:1000645
papillary carcinoma,papillary carcinoma,EFO:1000646
papillary carcinoma,papillary carcinoma,EFO:1000646
papillary carcinoma,papillary carcinoma,EFO:1000646
Papillary Carcinoma,papillary carcinoma,EFO:1000646
renal tubular transport disease,renal tubular transport disease,EFO:1000647
renal tubular transport disease,renal tubular transport disease,EFO:1000647
developmental dysplasia of the hip,developmental dysplasia of the hip,EFO:1000648
estrogen-receptor positive breast cancer,estrogen-receptor positive breast cancer,EFO:1000649
estrogen-receptor positive breast cancer,estrogen-receptor positive breast cancer,EFO:1000649
estrogen-receptor positive breast cancer,estrogen-receptor positive breast cancer,EFO:1000649
estrogen-receptor negative breast cancer,estrogen-receptor negative breast cancer,EFO:1000650
estrogen-receptor negative breast cancer,estrogen-receptor negative breast cancer,EFO:1000650
estrogen-receptor negative breast cancer,estrogen-receptor negative breast cancer,EFO:1000650
obsolete recalcitrant atopic dermatitis,recalcitrant atopic dermatitis,EFO:1000651
acute pancreatitis,acute pancreatitis,EFO:1000652
Acute pancreatitis,acute pancreatitis,EFO:1000652
acute pancreatitis,acute pancreatitis,EFO:1000652
Acute Pancreatitis,acute pancreatitis,EFO:1000652
childhood cancer,childhood cancer,EFO:1000654
childhood malignant neoplasm,childhood cancer,EFO:1000654
Childhood Malignant Neoplasm,childhood cancer,EFO:1000654
sporadic Creutzfeld Jacob disease,sporadic Creutzfeld Jacob disease,EFO:1000656
rectum cancer,rectum cancer,EFO:1000657
rectum cancer,rectum cancer,EFO:1000657
rectal cancer,rectum cancer,EFO:1000657
Malignant Rectal Neoplasm,rectum cancer,EFO:1000657
acanthosis nigricans,acanthosis nigricans,EFO:1000660
Acanthosis nigricans,acanthosis nigricans,EFO:1000660
acanthosis nigricans,acanthosis nigricans,EFO:1000660
Acanthosis Nigricans,acanthosis nigricans,EFO:1000660
Achenbach syndrome,Achenbach syndrome,EFO:1000661
Achenbach syndrome,Achenbach syndrome,EFO:1000661
Achenbach Syndrome,Achenbach syndrome,EFO:1000661
acneiform dermatitis,acneiform dermatitis,EFO:1000662
acneiform dermatitis,acneiform dermatitis,EFO:1000662
Acneiform Dermatitis,acneiform dermatitis,EFO:1000662
acquired hyperkeratosis,acquired keratosis,EFO:1000663
acquired keratosis,acquired keratosis,EFO:1000663
Acquired Keratoderma,acquired keratosis,EFO:1000663
acrodermatitis,acrodermatitis,EFO:1000664
acrodermatitis,acrodermatitis,EFO:1000664
Acrodermatitis,acrodermatitis,EFO:1000664
acrodermatitis chronica atrophicans,acrodermatitis chronica atrophicans,EFO:1000665
acrodermatitis chronica atrophicans,acrodermatitis chronica atrophicans,EFO:1000665
acrokeratosis verruciformis,acrokeratosis verruciformis,EFO:1000666
acrokeratosis verruciformis,acrokeratosis verruciformis,EFO:1000666
Acrokeratosis Verruciformis,acrokeratosis verruciformis,EFO:1000666
adiposis dolorosa,adiposis dolorosa,EFO:1000667
adiposis dolorosa,adiposis dolorosa,EFO:1000667
Adiposis Dolorosa,adiposis dolorosa,EFO:1000667
allergic contact dermatitis,allergic contact dermatitis,EFO:1000668
allergic contact dermatitis,allergic contact dermatitis,EFO:1000668
Allergic Contact Dermatitis,allergic contact dermatitis,EFO:1000668
allergic urticaria,allergic urticaria,EFO:1000669
allergic urticaria,allergic urticaria,EFO:1000669
anhidrosis,anhidrosis,EFO:1000670
anhidrosis,anhidrosis,EFO:1000670
bacterial exanthem,bacterial exanthem,EFO:1000671
bacterial exanthem,bacterial exanthem,EFO:1000671
Bloch-Sulzberger syndrome,obsolete_Bloch-Sulzberger syndrome,EFO:1000672
bullous skin disease,obsolete_bullous skin disease,EFO:1000673
carbuncle,carbuncle,EFO:1000674
cholesteatoma,cholesteatoma,EFO:1000675
Cholesteatom,cholesteatoma,EFO:1000675
cholesteatoma,cholesteatoma,EFO:1000675
Cholesteatoma,cholesteatoma,EFO:1000675
cholesteatoma of attic,cholesteatoma of attic,EFO:1000676
cholesteatoma of attic,cholesteatoma of attic,EFO:1000676
cholesteatoma of external ear,cholesteatoma of external ear,EFO:1000677
cholesteatoma of external ear,cholesteatoma of external ear,EFO:1000677
cholesteatoma of middle ear,cholesteatoma of middle ear,EFO:1000678
cholesteatoma of middle ear,cholesteatoma of middle ear,EFO:1000678
Middle Ear Cholesteatoma,cholesteatoma of middle ear,EFO:1000678
cholinergic urticaria,cholinergic urticaria,EFO:1000679
cholinergic urticaria,cholinergic urticaria,EFO:1000679
cicatricial pemphigoid,mucous membrane pemphigoid,EFO:1000680
mucous membrane pemphigoid,mucous membrane pemphigoid,EFO:1000680
Benign Mucous Membrane Pemphigoid,mucous membrane pemphigoid,EFO:1000680
congenital generalized lipodystrophy,congenital generalized lipodystrophy,EFO:1000681
Congenital generalized lipodystrophy,congenital generalized lipodystrophy,EFO:1000681
congenital generalized lipodystrophy,congenital generalized lipodystrophy,EFO:1000681
conjunctival pigmentation,conjunctival pigmentation,EFO:1000682
conjunctival pigmentation,conjunctival pigmentation,EFO:1000682
cutaneous diphtheria,cutaneous diphtheria,EFO:1000683
dermatitis herpetiformis,dermatitis herpetiformis,EFO:1000684
dermatitis herpetiformis,dermatitis herpetiformis,EFO:1000684
Dermatitis Herpetiformis,dermatitis herpetiformis,EFO:1000684
dermatographia,dermatographia,EFO:1000685
familial dermatographia,dermatographia,EFO:1000685
dermatosis papulosa nigra,dermatosis papulosa nigra,EFO:1000686
dermatosis papulosa nigra,dermatosis papulosa nigra,EFO:1000686
Dermatosis Papulosa Nigra,dermatosis papulosa nigra,EFO:1000686
diffuse lipomatosis,diffuse lipomatosis,EFO:1000687
diffuse lipomatosis,diffuse lipomatosis,EFO:1000687
Diffuse Lipomatosis,diffuse lipomatosis,EFO:1000687
pompholyx,dyshidrosis,EFO:1000688
dyshidrosis,dyshidrosis,EFO:1000688
ecthyma,ecthyma,EFO:1000689
epidermolysis bullosa,epidermolysis bullosa,EFO:1000690
epidermolysis bullosa,epidermolysis bullosa,EFO:1000690
Epidermolysis Bullosa,epidermolysis bullosa,EFO:1000690
epidermolysis bullosa acquisita,epidermolysis bullosa acquisita,EFO:1000691
acquired epidermolysis bullosa,epidermolysis bullosa acquisita,EFO:1000691
Epidermolysis Bullosa Acquisita,epidermolysis bullosa acquisita,EFO:1000691
epidermolysis bullosa dystrophica,epidermolysis bullosa dystrophica,EFO:1000692
epidermolysis bullosa dystrophica,epidermolysis bullosa dystrophica,EFO:1000692
Epidermolysis Bullosa Dystrophica,epidermolysis bullosa dystrophica,EFO:1000692
erythema infectiosum,erythema infectiosum,EFO:1000693
erythema infectiosum,erythema infectiosum,EFO:1000693
Erythema Infectiosum,erythema infectiosum,EFO:1000693
erythema multiforme,erythema multiforme,EFO:1000694
erythema multiforme,erythema multiforme,EFO:1000694
Erythema Multiforme,erythema multiforme,EFO:1000694
erythematosquamous dermatosis,erythematosquamous dermatosis,EFO:1000695
erythematosquamous dermatosis,erythematosquamous dermatosis,EFO:1000695
Erythematosquamous Dermatosis,erythematosquamous dermatosis,EFO:1000695
erythrasma,erythrasma,EFO:1000696
exanthem,exanthem,EFO:1000697
Deri döküntüsü,exanthem,EFO:1000697
exanthem,exanthem,EFO:1000697
Skin Rash,exanthem,EFO:1000697
facial dermatosis,facial dermatosis,EFO:1000698
facial dermatosis,facial dermatosis,EFO:1000698
fibroepithelial polyp of the anus,fibroepithelial polyp of the anus,EFO:1000699
fibroepithelial polyp of the anus,fibroepithelial polyp of the anus,EFO:1000699
Anal Fibroepithelial Polyp,fibroepithelial polyp of the anus,EFO:1000699
fibroepithelial polyp of urethra,fibroepithelial polyp of urethra,EFO:1000700
fibroepithelial polyp of urethra,fibroepithelial polyp of urethra,EFO:1000700
Urethra Fibroepithelial Polyp,fibroepithelial polyp of urethra,EFO:1000700
follicular mucinosis,follicular mucinosis,EFO:1000701
alopecia mucinosa,follicular mucinosis,EFO:1000701
Alopecia Mucinosa,follicular mucinosis,EFO:1000701
folliculitis,folliculitis,EFO:1000702
folliculitis,folliculitis,EFO:1000702
Folliculitis,folliculitis,EFO:1000702
Fox-Fordyce disease,fox fordyce disease,EFO:1000703
Fox-Fordyce disease,fox fordyce disease,EFO:1000703
Fox-Fordyce Disease,fox fordyce disease,EFO:1000703
granuloma annulare,granuloma annulare,EFO:1000704
granuloma annulare,granuloma annulare,EFO:1000704
Granuloma Annulare,granuloma annulare,EFO:1000704
granulomatous dermatitis,granulomatous dermatitis,EFO:1000705
granulomatous dermatitis,granulomatous dermatitis,EFO:1000705
Granulomatous Dermatitis,granulomatous dermatitis,EFO:1000705
hand dermatosis,hand dermatosis,EFO:1000706
hand dermatosis,hand dermatosis,EFO:1000706
hemangioma of subcutaneous tissue,hemangioma of subcutaneous tissue,EFO:1000707
hemangioma of subcutaneous tissue,hemangioma of subcutaneous tissue,EFO:1000707
hemangioma of subcutaneous tissue,hemangioma of subcutaneous tissue,EFO:1000707
Subcutaneous Hemangioma,hemangioma of subcutaneous tissue,EFO:1000707
hereditary papulotranslucent acrokeratoderma,hereditary papulotranslucent acrokeratoderma,EFO:1000708
hereditary papulotranslucent acrokeratoderma,hereditary papulotranslucent acrokeratoderma,EFO:1000708
pemphigus gestationis,pemphigoid gestationis,EFO:1000709
pemphigoid gestationis,pemphigoid gestationis,EFO:1000709
pemphigoid gestationis,pemphigoid gestationis,EFO:1000709
Pemphigoid Gestationis,pemphigoid gestationis,EFO:1000709
hidradenitis suppurativa,hidradenitis suppurativa,EFO:1000710
hidradenitis,hidradenitis suppurativa,EFO:1000710
hidradenitis suppurativa,hidradenitis suppurativa,EFO:1000710
hyperpigmentation of eyelid,hyperpigmentation of eyelid,EFO:1000711
hyperpigmentation of eyelid,hyperpigmentation of eyelid,EFO:1000711
hypohidrosis,hypohidrosis,EFO:1000712
hypopigmentation of eyelid,hypopigmentation of eyelid,EFO:1000713
eyelid hypopigmentation,hypopigmentation of eyelid,EFO:1000713
impetigo,impetigo,EFO:1000714
impetigo herpetiformis,impetigo herpetiformis,EFO:1000715
hypomelanosis of Ito,obsolete_incontinentia pigmenti achromians,EFO:1000716
inverted follicular keratosis,inverted follicular keratosis,EFO:1000717
inverted follicular keratosis,inverted follicular keratosis,EFO:1000717
Inverted Follicular Keratosis,inverted follicular keratosis,EFO:1000717
irritant dermatitis,irritant dermatitis,EFO:1000718
irritant dermatitis,irritant dermatitis,EFO:1000718
Irritant Contact Dermatitis,irritant dermatitis,EFO:1000718
juvenile dermatitis herpetiformis,juvenile dermatitis herpetiformis,EFO:1000719
juvenile dermatitis herpetiformis,juvenile dermatitis herpetiformis,EFO:1000719
keratosis,keratosis,EFO:1000720
keratosis,keratosis,EFO:1000720
Keratoderma,keratosis,EFO:1000720
kernicterus due to isoimmunization,kernicterus due to isoimmunization,EFO:1000721
kernicterus due to isoimmunization,kernicterus due to isoimmunization,EFO:1000721
Kernicterus Related to Isoimmunization,kernicterus due to isoimmunization,EFO:1000721
Kimura disease,Kimura disease,EFO:1000722
Kimura disease,Kimura disease,EFO:1000722
Kimura Disease,Kimura disease,EFO:1000722
leg dermatosis,leg dermatosis,EFO:1000723
leg dermatosis,leg dermatosis,EFO:1000723
lichen disease,lichen disease,EFO:1000724
lichen disease,lichen disease,EFO:1000724
lichen nitidus,lichen nitidus,EFO:1000725
lichen nitidus,lichen nitidus,EFO:1000725
lichen planus,lichen planus,EFO:1000726
lichen planus,lichen planus,EFO:1000726
Lichen Planus,lichen planus,EFO:1000726
lipodystrophy,lipodystrophy,EFO:1000727
Lipodistrofi,lipodystrophy,EFO:1000727
lipodystrophy,lipodystrophy,EFO:1000727
Lipodystrophy,lipodystrophy,EFO:1000727
lipomatosis,lipomatosis,EFO:1000728
lipomatosis,lipomatosis,EFO:1000728
Lipomatosis,lipomatosis,EFO:1000728
loiasis,loiasis,EFO:1000729
loiasis,loiasis,EFO:1000729
Loiasis,loiasis,EFO:1000729
Ludwig's angina,Ludwig's angina,EFO:1000730
Ludwig's angina,Ludwig's angina,EFO:1000730
maxillary sinus cholesteatoma,maxillary sinus cholesteatoma,EFO:1000731
maxillary sinus cholesteatoma,maxillary sinus cholesteatoma,EFO:1000731
Maxillary Sinus Cholesteatoma,maxillary sinus cholesteatoma,EFO:1000731
mediastinal lipomatosis,mediastinal lipomatosis,EFO:1000732
mediastinal lipomatosis,mediastinal lipomatosis,EFO:1000732
Mediastinal Lipomatosis,mediastinal lipomatosis,EFO:1000732
melanoacanthoma,melanoacanthoma,EFO:1000733
melanoacanthoma,melanoacanthoma,EFO:1000733
Melanoacanthoma,melanoacanthoma,EFO:1000733
miliaria,miliaria,EFO:1000734
miliaria,miliaria,EFO:1000734
Miliaria,miliaria,EFO:1000734
miliaria rubra,miliaria rubra,EFO:1000735
miliaria rubra,miliaria rubra,EFO:1000735
mongolian spot,mongolian spot,EFO:1000736
mongolian spot,mongolian spot,EFO:1000736
Mongolian Spot,mongolian spot,EFO:1000736
multiple symmetric lipomatosis,multiple symmetric lipomatosis,EFO:1000737
obsolete multiple symmetrical lipomatosis,multiple symmetric lipomatosis,EFO:1000737
multiple symmetric lipomatosis,multiple symmetric lipomatosis,EFO:1000737
Cervical Symmetrical Lipomatosis,multiple symmetric lipomatosis,EFO:1000737
necrobiosis lipoidica,necrobiosis lipoidica,EFO:1000738
necrobiosis lipoidica,necrobiosis lipoidica,EFO:1000738
Necrobiosis Lipoidica,necrobiosis lipoidica,EFO:1000738
neonatal jaundice,neonatal jaundice,EFO:1000739
neurodermatitis,neurodermatitis,EFO:1000740
neurodermatitis,neurodermatitis,EFO:1000740
Neurodermatitis,neurodermatitis,EFO:1000740
neurotic excoriation,neurotic excoriation,EFO:1000741
neurotic excoriation,neurotic excoriation,EFO:1000741
nodular nonsuppurative panniculitis,nodular nonsuppurative panniculitis,EFO:1000742
nodular non-suppurative panniculitis,nodular nonsuppurative panniculitis,EFO:1000742
occupational dermatitis,occupational dermatitis,EFO:1000744
occupational dermatitis,occupational dermatitis,EFO:1000744
Occupational Dermatitis,occupational dermatitis,EFO:1000744
palmoplantar keratosis,palmoplantar keratosis,EFO:1000745
palmoplantar keratosis,palmoplantar keratosis,EFO:1000745
Palmoplantar Keratoderma,palmoplantar keratosis,EFO:1000745
panniculitis,panniculitis,EFO:1000746
panniculitis,panniculitis,EFO:1000746
Subcutis,panniculitis,EFO:1000746
parapsoriasis,parapsoriasis,EFO:1000747
parapsoriasis,parapsoriasis,EFO:1000747
Parapsoriasis,parapsoriasis,EFO:1000747
pelvic lipomatosis,pelvic lipomatosis,EFO:1000748
pelvic lipomatosis,pelvic lipomatosis,EFO:1000748
Pelvic Lipomatosis,pelvic lipomatosis,EFO:1000748
pemphigus,pemphigus,EFO:1000749
pemphigus,pemphigus,EFO:1000749
Pemphigus,pemphigus,EFO:1000749
perinatal jaundice due to hepatocellular damage,perinatal jaundice due to hepatocellular damage,EFO:1000750
perinatal jaundice due to hepatocellular damage,perinatal jaundice due to hepatocellular damage,EFO:1000750
photoallergic dermatitis,obsolete_photoallergic dermatitis,EFO:1000751
photosensitivity disease,photosensitivity disease,EFO:1000752
photosensitivity disease,photosensitivity disease,EFO:1000752
photoallergic dermatitis,phototoxic dermatitis,EFO:1000753
phototoxic dermatitis,phototoxic dermatitis,EFO:1000753
phototoxic dermatitis,phototoxic dermatitis,EFO:1000753
Photosensitive Dermatitis,phototoxic dermatitis,EFO:1000753
physical urticaria,physical urticaria,EFO:1000754
physical urticaria,physical urticaria,EFO:1000754
pigmentation disease,pigmentation disease,EFO:1000755
pityriasis rosea,pityriasis rosea,EFO:1000756
pityriasis rosea,pityriasis rosea,EFO:1000756
Pityriasis Rosea,pityriasis rosea,EFO:1000756
porokeratosis,porokeratosis,EFO:1000757
Porokeratose,porokeratosis,EFO:1000757
porokeratosis,porokeratosis,EFO:1000757
Porokeratosis,porokeratosis,EFO:1000757
punctate palmoplantar keratoderma type III,punctate palmoplantar keratoderma type III,EFO:1000758
punctate palmoplantar keratoderma type III,punctate palmoplantar keratoderma type III,EFO:1000758
reactive cutaneous fibrous lesion,reactive cutaneous fibrous lesion,EFO:1000759
reactive cutaneous fibrous lesion,reactive cutaneous fibrous lesion,EFO:1000759
Reactive Cutaneous Fibrous Lesion,reactive cutaneous fibrous lesion,EFO:1000759
rosacea,rosacea,EFO:1000760
rosacea,rosacea,EFO:1000760
Rosacea,rosacea,EFO:1000760
scalp dermatosis,scalp dermatosis,EFO:1000761
scalp dermatosis,scalp dermatosis,EFO:1000761
scleredema adultorum,scleredema adultorum,EFO:1000762
scleredema adultorum,scleredema adultorum,EFO:1000762
Scleredema Adultorum,scleredema adultorum,EFO:1000762
sebaceous gland disease,sebaceous gland disease,EFO:1000763
sebaceous gland disorder,sebaceous gland disease,EFO:1000763
seborrheic dermatitis,seborrheic dermatitis,EFO:1000764
Dermatite séborrhéique,seborrheic dermatitis,EFO:1000764
seborrheic dermatitis,seborrheic dermatitis,EFO:1000764
Seborrheic Dermatitis,seborrheic dermatitis,EFO:1000764
seborrheic infantile dermatitis,seborrheic infantile dermatitis,EFO:1000765
seborrheic infantile dermatitis,seborrheic infantile dermatitis,EFO:1000765
skin atrophy,skin atrophy,EFO:1000766
skin atrophy,skin atrophy,EFO:1000766
Skin Atrophy,skin atrophy,EFO:1000766
skin sarcoidosis,skin sarcoidosis,EFO:1000767
skin sarcoidosis,skin sarcoidosis,EFO:1000767
Cutaneous Sarcoidosis,skin sarcoidosis,EFO:1000767
spongiotic dermatitis,spongiotic dermatitis,EFO:1000768
steroid lipomatosis,steroid lipomatosis,EFO:1000769
steroid lipomatosis,steroid lipomatosis,EFO:1000769
Steroid Lipomatosis,steroid lipomatosis,EFO:1000769
stromal corneal pigmentation,stromal corneal pigmentation,EFO:1000770
stromal corneal pigmentation,stromal corneal pigmentation,EFO:1000770
subcorneal pustular dermatosis,subcorneal pustular dermatosis,EFO:1000771
subcorneal pustular dermatosis,subcorneal pustular dermatosis,EFO:1000771
sweat gland disease,sweat gland disease,EFO:1000772
sweat gland disorder,sweat gland disease,EFO:1000772
toxicodendron dermatitis,toxicodendron dermatitis,EFO:1000773
toxicodendron dermatitis,toxicodendron dermatitis,EFO:1000773
vesiculobullous skin disease,vesiculobullous skin disease,EFO:1000774
vesiculobullous skin disease,vesiculobullous skin disease,EFO:1000774
vibratory urticaria,vibratory urticaria,EFO:1000775
vibratory urticaria,vibratory urticaria,EFO:1000775
viral exanthem,viral exanthem,EFO:1000776
viral exanthem,viral exanthem,EFO:1000776
vulva fibroepithelial polyp,vulva fibroepithelial polyp,EFO:1000777
vulva fibroepithelial polyp,vulva fibroepithelial polyp,EFO:1000777
Vulvar Fibroepithelial Stromal Polyp,vulva fibroepithelial polyp,EFO:1000777
vulvar inverted follicular keratosis,vulvar inverted follicular keratosis,EFO:1000778
vulvar inverted follicular keratosis,vulvar inverted follicular keratosis,EFO:1000778
Vulvar Inverted Follicular Keratosis,vulvar inverted follicular keratosis,EFO:1000778
vulvar seborrheic keratosis,vulvar seborrheic keratosis,EFO:1000779
vulvar seborrheic keratosis,vulvar seborrheic keratosis,EFO:1000779
Vulvar Seborrheic Keratosis,vulvar seborrheic keratosis,EFO:1000779
autoimmune pancreatitis type 1,autoimmune pancreatitis type 1,EFO:1000780
overactive bladder syndrome,overactive bladder,EFO:1000781
Nucení na močení,overactive bladder,EFO:1000781
overactive bladder,overactive bladder,EFO:1000781
altitude sickness,altitude sickness,EFO:1000782
diabetic autonomic neuropathy,diabetic neuropathy,EFO:1000783
diabetic polyneuropathy,diabetic neuropathy,EFO:1000783
diabetic neuropathy,diabetic neuropathy,EFO:1000783
diabetic neuropathy,diabetic neuropathy,EFO:1000783
Diabetic Neuropathy,diabetic neuropathy,EFO:1000783
microscopic polyangiitis,microscopic polyangiitis,EFO:1000784
Microscopic Polyarteritis,microscopic polyangiitis,EFO:1000784
Sezary's disease,Sezary's disease,EFO:1000785
Sezary's disease,Sezary's disease,EFO:1000785
Sezary syndrome,Sezary's disease,EFO:1000785
Sezary Syndrome,Sezary's disease,EFO:1000785
"osteoarthritis, hip","osteoarthritis, hip",EFO:1000786
Hip Osteoarthritis,"osteoarthritis, hip",EFO:1000786
"osteoarthritis, spine","osteoarthritis, spine",EFO:1000787
"osteoarthritis, toe","osteoarthritis, toe",EFO:1000788
"osteoarthritis, hand","osteoarthritis, hand",EFO:1000789
acalculous cholecystitis,acalculous cholecystitis,EFO:1000790
acalculous cholecystitis,acalculous cholecystitis,EFO:1000790
Acalculous Cholecystitis,acalculous cholecystitis,EFO:1000790
acidophil adenoma,acidophil adenoma,EFO:1000791
acidophil adenoma,acidophil adenoma,EFO:1000791
pituitary gland acidophil adenoma,acidophil adenoma,EFO:1000791
Pituitary Gland Acidophil Adenoma,acidophil adenoma,EFO:1000791
Acinetobacter infectious disease,Acinetobacter infectious disease,EFO:1000792
Acinetobacter infectious disease,Acinetobacter infectious disease,EFO:1000792
obsolete Actinobacillus infectious disease,Actinobacillus infectious disease,EFO:1000793
Actinobacillus infectious disease,Actinobacillus infectious disease,EFO:1000793
acute kidney tubular necrosis,acute kidney tubular necrosis,EFO:1000794
Acute tubulaire necrose,acute kidney tubular necrosis,EFO:1000794
acute kidney tubular necrosis,acute kidney tubular necrosis,EFO:1000794
Acute Tubular Necrosis,acute kidney tubular necrosis,EFO:1000794
acute retinal necrosis syndrome,acute retinal necrosis syndrome,EFO:1000795
acute retinal necrosis syndrome,acute retinal necrosis syndrome,EFO:1000795
adrenocortical carcinoma,adrenal cortex carcinoma,EFO:1000796
adrenal cortical adenocarcinoma,adrenal cortex carcinoma,EFO:1000796
adrenal cortex cancer,adrenal cortex carcinoma,EFO:1000796
adrenal cortex carcinoma,adrenal cortex carcinoma,EFO:1000796
Adenokortikal karsinom,adrenal cortex carcinoma,EFO:1000796
adrenal cortex carcinoma,adrenal cortex carcinoma,EFO:1000796
Adrenal Cortical Neoplasm,adrenal cortex carcinoma,EFO:1000796
Adrenal Cortical Carcinoma,adrenal cortex carcinoma,EFO:1000796
adrenal gland hyperfunction,adrenal gland hyperfunction,EFO:1000797
Artmış dolaşım kortizol seviyesi,adrenal gland hyperfunction,EFO:1000797
adrenal gland hyperfunction,adrenal gland hyperfunction,EFO:1000797
adrenal rest tumor,adrenal rest tumor,EFO:1000798
afferent loop syndrome,afferent loop syndrome,EFO:1000799
afferent loop syndrome,afferent loop syndrome,EFO:1000799
obsolete alcohol withdrawal delirium,alcohol withdrawal delirium,EFO:1000800
alcohol withdrawal delirium,alcohol withdrawal delirium,EFO:1000800
alcoholic cardiomyopathy,alcoholic cardiomyopathy,EFO:1000801
alcoholic cardiomyopathy,alcoholic cardiomyopathy,EFO:1000801
Alcoholic Cardiomyopathy,alcoholic cardiomyopathy,EFO:1000801
alcoholic liver cirrhosis,alcoholic liver cirrhosis,EFO:1000802
alcoholic liver cirrhosis,alcoholic liver cirrhosis,EFO:1000802
Alcoholic Cirrhosis,alcoholic liver cirrhosis,EFO:1000802
alcoholic neuropathy,alcoholic neuropathy,EFO:1000803
alcoholic polyneuropathy,alcoholic neuropathy,EFO:1000803
Alcoholic Polyneuropathy,alcoholic neuropathy,EFO:1000803
anal gland neoplasm,anal gland neoplasm,EFO:1000804
angioid streaks,angioid streaks,EFO:1000805
angioid streaks,angioid streaks,EFO:1000805
angiomyoma,angiomyoma,EFO:1000806
anterior cerebral artery infarction,anterior cerebral artery infarction,EFO:1000807
anterior cerebral artery infarction,anterior cerebral artery infarction,EFO:1000807
anterior compartment syndrome,anterior compartment syndrome,EFO:1000808
anterior compartment of tibia syndrome,anterior compartment syndrome,EFO:1000808
anterior ischemic optic neuropathy,anterior ischemic optic neuropathy,EFO:1000809
anterior ischemic optic neuropathy,anterior ischemic optic neuropathy,EFO:1000809
anterior spinal artery syndrome,anterior spinal artery syndrome,EFO:1000810
anterior spinal artery syndrome,anterior spinal artery syndrome,EFO:1000810
anterior uveitis,anterior uveitis,EFO:1000811
Anterieure uveïtis,anterior uveitis,EFO:1000811
anterior uveitis,anterior uveitis,EFO:1000811
Anterior Uveitis,anterior uveitis,EFO:1000811
anterolateral myocardial infarction,anterolateral myocardial infarction,EFO:1000812
anterolateral myocardial infarction,anterolateral myocardial infarction,EFO:1000812
anthracosilicosis,anthracosilicosis,EFO:1000813
anthracosilicosis,anthracosilicosis,EFO:1000813
Anthracosilicosis,anthracosilicosis,EFO:1000813
anthracosis,anthracosis,EFO:1000814
anthracosis,anthracosis,EFO:1000814
Anthracosis,anthracosis,EFO:1000814
aortic valve prolapse,aortic valve prolapse,EFO:1000815
aortic valve prolapse,aortic valve prolapse,EFO:1000815
aortitis,aortitis,EFO:1000816
aortitis,aortitis,EFO:1000816
Aortitis,aortitis,EFO:1000816
apparent mineralocorticoid excess syndrome,apparent mineralocorticoid excess syndrome,EFO:1000817
arcus senilis,arcus senilis,EFO:1000818
arcus senilis,arcus senilis,EFO:1000818
arteriolosclerosis,arteriolosclerosis,EFO:1000819
arteriolosclerosis,arteriolosclerosis,EFO:1000819
Arteriolosclerosis,arteriolosclerosis,EFO:1000819
arteriosclerosis obliterans,arteriosclerosis obliterans,EFO:1000820
arteriosclerosis obliterans,arteriosclerosis obliterans,EFO:1000820
arthus reaction,arthus reaction,EFO:1000821
arthus reaction,arthus reaction,EFO:1000821
Arthus Reaction,arthus reaction,EFO:1000821
obsolete ascorbic acid deficiency,ascorbic acid deficiency,EFO:1000822
aseptic meningitis,aseptic meningitis,EFO:1000823
aseptic meningitis,aseptic meningitis,EFO:1000823
Aseptic Meningitis,aseptic meningitis,EFO:1000823
asphyxia neonatorum,asphyxia neonatorum,EFO:1000824
perinatal asphyxia,asphyxia neonatorum,EFO:1000824
Perinatal Depression,asphyxia neonatorum,EFO:1000824
atrial heart septal defect,atrial heart septal defect,EFO:1000825
atrial septal defect,atrial heart septal defect,EFO:1000825
Atrial Septal Defect,atrial heart septal defect,EFO:1000825
atrophic gastritis,atrophic gastritis,EFO:1000826
chronic atrophic gastritis,atrophic gastritis,EFO:1000826
Chronic Atrophic Gastritis,atrophic gastritis,EFO:1000826
obsolete atrophy of thyroid,atrophy of thyroid,EFO:1000827
atrophy of thyroid,atrophy of thyroid,EFO:1000827
Thyroid Gland Atrophy,atrophy of thyroid,EFO:1000827
acute biphenotypic leukemia,B- and T-cell mixed leukemia,EFO:1000828
B- and T-cell mixed leukemia,B- and T-cell mixed leukemia,EFO:1000828
acute biphenotypic leukemia,B- and T-cell mixed leukemia,EFO:1000828
Acute Biphenotypic Leukemia,B- and T-cell mixed leukemia,EFO:1000828
bacterial conjunctivitis,bacterial conjunctivitis,EFO:1000829
bacterial conjunctivitis,bacterial conjunctivitis,EFO:1000829
Bacterial Conjunctivitis,bacterial conjunctivitis,EFO:1000829
obsolete bacterial endocarditis,bacterial endocarditis,EFO:1000830
Bacterial endocarditis,bacterial endocarditis,EFO:1000830
bacterial endocarditis,bacterial endocarditis,EFO:1000830
Bacterial Endocarditis,bacterial endocarditis,EFO:1000830
bacterial meningitis,bacterial meningitis,EFO:1000831
bacterial meningitis,bacterial meningitis,EFO:1000831
Bacterial Meningitis,bacterial meningitis,EFO:1000831
obsolete Bacteroides infectious disease,Bacteroides infectious disease,EFO:1000832
Bacteroides infectious disease,Bacteroides infectious disease,EFO:1000832
balanitis,balanitis,EFO:1000833
balanitis,balanitis,EFO:1000833
Balanitis,balanitis,EFO:1000833
basophil adenoma,basophil adenoma,EFO:1000834
basophil adenoma,basophil adenoma,EFO:1000834
pituitary gland basophil adenoma,basophil adenoma,EFO:1000834
Pituitary Gland Basophil Adenoma,basophil adenoma,EFO:1000834
benign fibrous mesothelioma,benign fibrous mesothelioma,EFO:1000835
obsolete benign monoclonal gammopathy,benign monoclonal gammopathy,EFO:1000836
thiamine deficiency disease,beriberi,EFO:1000837
beriberi,beriberi,EFO:1000837
beriberi,beriberi,EFO:1000837
Vitamin B1 Deficiency,beriberi,EFO:1000837
bile reflux,bile reflux,EFO:1000838
bile reflux,bile reflux,EFO:1000838
bladder calculus,bladder calculus,EFO:1000839
bladder calculus,bladder calculus,EFO:1000839
bladder neck obstruction,bladder neck obstruction,EFO:1000840
bladder neck obstruction,bladder neck obstruction,EFO:1000840
blue nevus,blue nevus,EFO:1000841
blue nevus,blue nevus,EFO:1000841
Blue Nevus,blue nevus,EFO:1000841
obsolete Borrelia infectious disease,Borrelia infectious disease,EFO:1000842
Borrelia infectious disease,Borrelia infectious disease,EFO:1000842
brachial plexus neuritis,brachial plexus neuritis,EFO:1000843
brachial plexus neuritis,brachial plexus neuritis,EFO:1000843
Brachial Plexus Neuritis,brachial plexus neuritis,EFO:1000843
brachial plexus neuropathy,brachial plexus neuropathy,EFO:1000844
brachial plexus neuropathy,brachial plexus neuropathy,EFO:1000844
Brachial Plexopathy,brachial plexus neuropathy,EFO:1000844
brain edema,brain edema,EFO:1000845
brain edema,brain edema,EFO:1000845
obsolete brain hypoxia-Ischemia,brain hypoxia-Ischemia,EFO:1000846
brain stem infarction,brain stem infarction,EFO:1000847
brain stem infarction,brain stem infarction,EFO:1000847
breast cyst,breast cyst,EFO:1000848
bronchial benign neoplasm,bronchial neoplasm,EFO:1000849
Bronchiaal neoplasma,bronchial neoplasm,EFO:1000849
bronchial neoplasm,bronchial neoplasm,EFO:1000849
burning mouth syndrome,burning mouth syndrome,EFO:1000850
burning mouth syndrome,burning mouth syndrome,EFO:1000850
Burning Mouth Syndrome,burning mouth syndrome,EFO:1000850
byssinosis,byssinosis,EFO:1000851
byssinosis,byssinosis,EFO:1000851
Byssinosis,byssinosis,EFO:1000851
carcinoid syndrome,carcinoid syndrome,EFO:1000852
carcinoid syndrome,carcinoid syndrome,EFO:1000852
Carcinoid Syndrome,carcinoid syndrome,EFO:1000852
carotid artery thrombosis,carotid artery thrombosis,EFO:1000853
carotid artery thrombosis,carotid artery thrombosis,EFO:1000853
causalgia,causalgia,EFO:1000854
complex regional pain syndrome type 2,causalgia,EFO:1000854
Complex Regional Pain Syndrome II,causalgia,EFO:1000854
congenital myopathy 1A,central core myopathy,EFO:1000855
central core myopathy,central core myopathy,EFO:1000855
Central Core Disease,central core myopathy,EFO:1000855
central neurocytoma,central neurocytoma,EFO:1000856
central pontine myelinolysis,central pontine myelinolysis,EFO:1000857
central pontine myelinolysis,central pontine myelinolysis,EFO:1000857
Central Pontine Myelinolysis,central pontine myelinolysis,EFO:1000857
cerebellum cancer,cerebellum cancer,EFO:1000858
cerebral arterial disease,cerebral arterial disease,EFO:1000859
cerebral arterial disease,cerebral arterial disease,EFO:1000859
cerebral atherosclerosis,cerebral atherosclerosis,EFO:1000860
cerebral atherosclerosis,cerebral atherosclerosis,EFO:1000860
Cerebral Atherosclerosis,cerebral atherosclerosis,EFO:1000860
obsolete cervical rib syndrome,cervical rib syndrome,EFO:1000861
cervix erosion,cervix erosion,EFO:1000862
cervix erosion,cervix erosion,EFO:1000862
obsolete Chlamydophila infectious disease,Chlamydophila infectious disease,EFO:1000863
chlamydia infectious disease,Chlamydophila infectious disease,EFO:1000863
cholecystolithiasis,cholecystolithiasis,EFO:1000864
cholecystolithiasis,cholecystolithiasis,EFO:1000864
choledocholithiasis,choledocholithiasis,EFO:1000865
choledocholithiasis,choledocholithiasis,EFO:1000865
choroid cancer,choroid cancer,EFO:1000866
choroid cancer,choroid cancer,EFO:1000866
Malignant Choroid Neoplasm,choroid cancer,EFO:1000866
chromophobe adenoma,chromophobe adenoma,EFO:1000867
chromophobe adenoma,chromophobe adenoma,EFO:1000867
chromophobe adenoma,chromophobe adenoma,EFO:1000867
Pituitary Gland Chromophobe Adenoma,chromophobe adenoma,EFO:1000867
chronic inflammatory demyelinating polyradiculoneuropathy,chronic inflammatory demyelinating polyradiculoneuropathy,EFO:1000868
chronic inflammatory demyelinating polyradiculoneuropathy,chronic inflammatory demyelinating polyradiculoneuropathy,EFO:1000868
Chronic Inflammatory Demyelinating Polyneuropathy,chronic inflammatory demyelinating polyradiculoneuropathy,EFO:1000868
chronic interstitial cystitis,chronic interstitial cystitis,EFO:1000869
obsolete CNS demyelinating autoimmune disease,CNS demyelinating autoimmune disease,EFO:1000870
CNS demyelinating autoimmune disease,CNS demyelinating autoimmune disease,EFO:1000870
colonic pseudo-obstruction,colonic pseudo-obstruction,EFO:1000871
obsolete commensal Bacteroidaceae infectious disease,commensal Bacteroidaceae infectious disease,EFO:1000872
Bacteroidaceae infectious disease,commensal Bacteroidaceae infectious disease,EFO:1000872
obsolete commensal Bifidobacteriales infectious disease,commensal Bifidobacteriales infectious disease,EFO:1000873
Bifidobacteriales infectious disease,commensal Bifidobacteriales infectious disease,EFO:1000873
obsolete commensal Clostridium infectious disease,commensal Clostridium infectious disease,EFO:1000874
Clostridium infectious disease,commensal Clostridium infectious disease,EFO:1000874
obsolete commensal Desulfovibrionaceae infectious disease,commensal Desulfovibrionaceae infectious disease,EFO:1000875
Desulfovibrionaceae infectious disease,commensal Desulfovibrionaceae infectious disease,EFO:1000875
common bile duct neoplasm,common bile duct neoplasm,EFO:1000876
common bile duct neoplasm,common bile duct neoplasm,EFO:1000876
common bile duct neoplasm,common bile duct neoplasm,EFO:1000876
complex partial epilepsy,complex partial epilepsy,EFO:1000877
complex partial epilepsy,complex partial epilepsy,EFO:1000877
constrictive pericarditis,constrictive pericarditis,EFO:1000878
Constrictieve pericarditis,constrictive pericarditis,EFO:1000878
constrictive pericarditis,constrictive pericarditis,EFO:1000878
Constrictive Pericarditis,constrictive pericarditis,EFO:1000878
corneal edema,corneal edema,EFO:1000879
corneal edema,corneal edema,EFO:1000879
corneal neovascularization,corneal neovascularization,EFO:1000880
corneal neovascularization,corneal neovascularization,EFO:1000880
coronary aneurysm,coronary aneurysm,EFO:1000881
Aneurisma de arteria coronaria,coronary aneurysm,EFO:1000881
coronary aneurysm,coronary aneurysm,EFO:1000881
coronary stenosis,obsolete_coronary stenosis,EFO:1000882
coronary thrombosis,coronary thrombosis,EFO:1000883
coronary thrombosis,coronary thrombosis,EFO:1000883
cranial nerve malignant neoplasm,cranial nerve malignant neoplasm,EFO:1000884
malignant cranial nerve neoplasm,cranial nerve malignant neoplasm,EFO:1000884
Malignant Cranial Nerve Neoplasm,cranial nerve malignant neoplasm,EFO:1000884
cutaneous fibrous histiocytoma,cutaneous fibrous histiocytoma,EFO:1000885
cutaneous fibrous histiocytoma,cutaneous fibrous histiocytoma,EFO:1000885
cutaneous fibrous histiocytoma,cutaneous fibrous histiocytoma,EFO:1000885
Skin Fibrous Histiocytoma,cutaneous fibrous histiocytoma,EFO:1000885
cutaneous mastocytosis,cutaneous mastocytosis,EFO:1000886
cutaneous mastocytosis,cutaneous mastocytosis,EFO:1000886
Cutane mastocytose,cutaneous mastocytosis,EFO:1000886
cutaneous mastocytosis,cutaneous mastocytosis,EFO:1000886
Cutaneous Mastocytosis,cutaneous mastocytosis,EFO:1000886
obsolete cutaneous syphilis,cutaneous syphilis,EFO:1000887
cutaneous syphilis,cutaneous syphilis,EFO:1000887
cystic lymphangioma,cystic lymphangioma,EFO:1000888
cystic lymphangioma,cystic lymphangioma,EFO:1000888
cystic hygroma,cystic lymphangioma,EFO:1000888
Cystic Hygroma,cystic lymphangioma,EFO:1000888
"cystic, mucinous, and serous neoplasm","cystic, mucinous, and serous neoplasm",EFO:1000889
"cystic, mucinous, and serous neoplasm","cystic, mucinous, and serous neoplasm",EFO:1000889
Dandy-Walker syndrome,Dandy-Walker syndrome,EFO:1000890
Dandy-Walker syndrome,Dandy-Walker syndrome,EFO:1000890
Dandy-Walker Malformation,Dandy-Walker syndrome,EFO:1000890
De Quervain disease,De Quervain disease,EFO:1000891
de Quervain disease,De Quervain disease,EFO:1000891
dental fluorosis,dental fluorosis,EFO:1000892
dental fluorosis,dental fluorosis,EFO:1000892
Dental Fluorosis,dental fluorosis,EFO:1000892
denture stomatitis,denture stomatitis,EFO:1000893
denture stomatitis,denture stomatitis,EFO:1000893
dermoid cyst,dermoid cyst,EFO:1000894
desmoplastic small round cell tumor,desmoplastic small round cell tumor,EFO:1000895
desmoplastic small round cell tumor,desmoplastic small round cell tumor,EFO:1000895
desmoplastic small round cell tumor,desmoplastic small round cell tumor,EFO:1000895
Desmoplastic Small Round Cell Tumor,desmoplastic small round cell tumor,EFO:1000895
obsolete diabetic peripheral angiopathy,diabetic angiopathy,EFO:1000896
diabetic angiopathy,diabetic angiopathy,EFO:1000896
diabetic peripheral angiopathy,diabetic angiopathy,EFO:1000896
Diabetic Vascular Disorder,diabetic angiopathy,EFO:1000896
diabetic ketoacidosis,diabetic ketoacidosis,EFO:1000897
diabetic ketoacidosis,diabetic ketoacidosis,EFO:1000897
diaphragmatic eventration,diaphragmatic eventration,EFO:1000898
Brániční kýla,diaphragmatic eventration,EFO:1000898
diaphragmatic eventration,diaphragmatic eventration,EFO:1000898
Diaphragmatic Eventration,diaphragmatic eventration,EFO:1000898
diastolic heart failure,diastolic heart failure,EFO:1000899
diastolic heart failure,diastolic heart failure,EFO:1000899
discitis,discitis,EFO:1000900
infectious discitis,discitis,EFO:1000900
discrete subaortic stenosis,discrete subaortic stenosis,EFO:1000901
discrete subaortic stenosis,discrete subaortic stenosis,EFO:1000901
drug psychosis,drug psychosis,EFO:1000902
drug psychosis,drug psychosis,EFO:1000902
obsolete drug-induced akathisia,drug-induced akathisia,EFO:1000903
drug-induced akathisia,drug-induced akathisia,EFO:1000903
obsolete drug-Induced dyskinesia,drug-Induced dyskinesia,EFO:1000904
drug-induced dyskinesia,drug-Induced dyskinesia,EFO:1000904
drug-induced hepatitis,drug-induced hepatitis,EFO:1000905
dry eye syndrome,dry eye syndrome,EFO:1000906
keratoconjunctivitis sicca,dry eye syndrome,EFO:1000906
obsolete_keratoconjunctivitis sicca,dry eye syndrome,EFO:1000906
Göz kuruluğu,dry eye syndrome,EFO:1000906
dry eye syndrome,dry eye syndrome,EFO:1000906
Dry Eye Syndrome,dry eye syndrome,EFO:1000906
duodenal benign neoplasm,duodenal benign neoplasm,EFO:1000907
duodenal benign neoplasm,duodenal benign neoplasm,EFO:1000907
benign duodenal neoplasm,duodenal benign neoplasm,EFO:1000907
Benign Duodenal Neoplasm,duodenal benign neoplasm,EFO:1000907
duodenal obstruction,duodenal obstruction,EFO:1000908
duodenogastric reflux,duodenogastric reflux,EFO:1000909
duodenogastric reflux,duodenogastric reflux,EFO:1000909
obsolete dysplasia of cervix,dysplasia of cervix,EFO:1000910
dysplasia of cervix,dysplasia of cervix,EFO:1000910
obsolete dystocia,dystocia,EFO:1000911
dystocia,dystocia,EFO:1000911
eccrine acrospiroma,eccrine acrospiroma,EFO:1000912
eccrine acrospiroma,eccrine acrospiroma,EFO:1000912
Poroma,eccrine acrospiroma,EFO:1000912
Nodular Hidradenoma,eccrine acrospiroma,EFO:1000912
Ehrlich tumor carcinoma,ehrlich tumor carcinoma,EFO:1000913
ehrlich tumor carcinoma,ehrlich tumor carcinoma,EFO:1000913
Ehrlich tumor carcinoma,ehrlich tumor carcinoma,EFO:1000913
empty sella syndrome,empty sella syndrome,EFO:1000914
empty sella syndrome,empty sella syndrome,EFO:1000914
Empty Sella Syndrome,empty sella syndrome,EFO:1000914
encephalomalacia,encephalomalacia,EFO:1000915
encephalomalacia,encephalomalacia,EFO:1000915
Encephalomalacia,encephalomalacia,EFO:1000915
endemic goiter,endemic goiter,EFO:1000916
endemic goiter,endemic goiter,EFO:1000916
Endemic Goiter,endemic goiter,EFO:1000916
obsolete endocrine tuberculosis,endocrine tuberculosis,EFO:1000917
endocrine tuberculosis,endocrine tuberculosis,EFO:1000917
endolymphatic hydrops,endolymphatic hydrops,EFO:1000918
endolymphatic hydrops,endolymphatic hydrops,EFO:1000918
endometrial stromal sarcoma,endometrial stromal sarcoma,EFO:1000919
endometrial stromal sarcoma,endometrial stromal sarcoma,EFO:1000919
endometrioid stromal sarcoma,endometrial stromal sarcoma,EFO:1000919
Endometrioid Stromal Sarcoma,endometrial stromal sarcoma,EFO:1000919
endometrial stromal tumor,endometrial stromal tumor,EFO:1000920
endometrial stromal tumor,endometrial stromal tumor,EFO:1000920
endomyocardial fibrosis,endomyocardial fibrosis,EFO:1000921
endomyocardial fibrosis,endomyocardial fibrosis,EFO:1000921
Endomyocardial Fibrosis,endomyocardial fibrosis,EFO:1000921
obsolete enterotoxemia,enterotoxemia,EFO:1000922
enterotoxemia,enterotoxemia,EFO:1000922
epidural spinal canal neoplasm,epidural neoplasm,EFO:1000923
obsolete epilepsia partialis continua,epilepsia partialis continua,EFO:1000924
epilepsia partialis continua,epilepsia partialis continua,EFO:1000924
epithelioid and spindle cell nevus,epithelioid and spindle cell nevus,EFO:1000925
Mixed Epithelioid and Spindle Cell Melanoma,epithelioid and spindle cell nevus,EFO:1000925
Erdheim-Chester disease,Erdheim-Chester disease,EFO:1000926
Erdheim-Chester disease,Erdheim-Chester disease,EFO:1000926
Erdheim-Chester disease,Erdheim-Chester disease,EFO:1000926
Erdheim-Chester Disease,Erdheim-Chester disease,EFO:1000926
obsolete Erysipelothrix infectious disease,obsolete_Erysipelothrix infectious disease,EFO:1000927
erysipeloid,Erysipelothrix rhusiopathiae infectious disease,EFO:1000928
obsolete Erysipelothrix rhusiopathiae infectious disease,Erysipelothrix rhusiopathiae infectious disease,EFO:1000928
Erysipelothrix rhusiopathiae infectious disease,Erysipelothrix rhusiopathiae infectious disease,EFO:1000928
obsolete Escherichia coli meningitis,Escherichia coli meningitis,EFO:1000929
Escherichia coli meningitis,Escherichia coli meningitis,EFO:1000929
esophageal diverticulosis,esophageal diverticulosis,EFO:1000930
esophageal diverticulosis,esophageal diverticulosis,EFO:1000930
euthyroid sick syndrome,euthyroid sick syndrome,EFO:1000931
euthyroid sick syndrome,euthyroid sick syndrome,EFO:1000931
Sick Euthyroid Syndrome,euthyroid sick syndrome,EFO:1000931
extracutaneous mastocytoma,extracutaneous mastocytoma,EFO:1000932
extracutaneous mastocytoma,extracutaneous mastocytoma,EFO:1000932
extracutaneous mastocytoma,extracutaneous mastocytoma,EFO:1000932
Extracutaneous Mastocytoma,extracutaneous mastocytoma,EFO:1000932
extrahepatic cholestasis,extrahepatic cholestasis,EFO:1000933
extrahepatic cholestasis,extrahepatic cholestasis,EFO:1000933
eyelid benign neoplasm,eyelid neoplasm,EFO:1000934
eyelid neoplasm,eyelid neoplasm,EFO:1000934
Eyelid Neoplasm,eyelid neoplasm,EFO:1000934
obsolete female genital tuberculosis,female genital tuberculosis,EFO:1000935
female genital tuberculosis,female genital tuberculosis,EFO:1000935
femoral neuropathy,femoral neuropathy,EFO:1000936
femoral neuropathy,femoral neuropathy,EFO:1000936
Femoral Neuropathy,femoral neuropathy,EFO:1000936
fetal erythroblastosis,fetal erythroblastosis,EFO:1000937
fetal erythroblastosis,fetal erythroblastosis,EFO:1000937
Hemolytic Disease of the Newborn,fetal erythroblastosis,EFO:1000937
obsolete fibromuscular dysplasia,fibromuscular dysplasia,EFO:1000938
fibromuscular dysplasia,fibromuscular dysplasia,EFO:1000938
Fibromuscular Dysplasia,fibromuscular dysplasia,EFO:1000938
freemartinism,freemartinism,EFO:1000939
freemartinism,freemartinism,EFO:1000939
Frey syndrome,Frey Syndrome,EFO:1000940
Frey syndrome,Frey Syndrome,EFO:1000940
frozen shoulder,frozen shoulder,EFO:1000941
frozen shoulder,frozen shoulder,EFO:1000941
fungal meningitis,fungal meningitis,EFO:1000942
fungal meningitis,fungal meningitis,EFO:1000942
obsolete Fusobacterium infectious disease,Fusobacterium infectious disease,EFO:1000943
Fusobacterium infectious disease,Fusobacterium infectious disease,EFO:1000943
gait apraxia,gait apraxia,EFO:1000944
gait apraxia,gait apraxia,EFO:1000944
gastric antral vascular ectasia,gastric antral vascular ectasia,EFO:1000945
gastric antral vascular ectasia,gastric antral vascular ectasia,EFO:1000945
Gastric Antral Vascular Ectasia,gastric antral vascular ectasia,EFO:1000945
gastric mucosal hypertrophy,gastric mucosal hypertrophy,EFO:1000946
gastric mucosal hypertrophy,gastric mucosal hypertrophy,EFO:1000946
Giant Hypertrophic Gastritis,gastric mucosal hypertrophy,EFO:1000946
gastric outlet obstruction,gastric outlet obstruction,EFO:1000947
gastroparesis,gastroparesis,EFO:1000948
Gastroparese,gastroparesis,EFO:1000948
gastroparesis,gastroparesis,EFO:1000948
gastroschisis,gastroschisis,EFO:1000949
gastroschisis,gastroschisis,EFO:1000949
Gastroschisis,gastroschisis,EFO:1000949
giant cell reparative granuloma,giant cell reparative granuloma,EFO:1000950
giant cell reparative granuloma,giant cell reparative granuloma,EFO:1000950
giant cell reparative granuloma,giant cell reparative granuloma,EFO:1000950
Giant Cell Lesion of Small Bones,giant cell reparative granuloma,EFO:1000950
glossitis,glossitis,EFO:1000951
glossitis,glossitis,EFO:1000951
glycogen storage disease VIII,glycogen storage disease VIII,EFO:1000952
gonadal tissue neoplasm,gonadal tissue neoplasm,EFO:1000953
gonadal tissue neoplasm,gonadal tissue neoplasm,EFO:1000953
obsolete habitual abortion,habitual abortion,EFO:1000954
habitual spontaneous abortion,habitual abortion,EFO:1000954
haemophilus meningitis,Haemophilus influenzae meningitis,EFO:1000955
obsolete Haemophilus influenzae meningitis,Haemophilus influenzae meningitis,EFO:1000955
haemophilus meningitis,Haemophilus influenzae meningitis,EFO:1000955
hairy cell leukemia,hairy cell leukemia,EFO:1000956
hairy cell leukemia,hairy cell leukemia,EFO:1000956
hairy cell leukemia,hairy cell leukemia,EFO:1000956
Hairy Cell Leukemia,hairy cell leukemia,EFO:1000956
hairy tongue,hairy tongue,EFO:1000957
hairy tongue,hairy tongue,EFO:1000957
Hairy Tongue,hairy tongue,EFO:1000957
halo nevus,halo nevus,EFO:1000958
halo nevus,halo nevus,EFO:1000958
Halo Nevus,halo nevus,EFO:1000958
heart aneurysm,heart aneurysm,EFO:1000959
heart aneurysm,heart aneurysm,EFO:1000959
obsolete heartwater disease,heartwater disease,EFO:1000960
obsolete Helicobacter pylori infectious disease,Helicobacter pylori infectious disease,EFO:1000961
Helicobacter pylori infectious disease,Helicobacter pylori infectious disease,EFO:1000961
hemometra,hemometra,EFO:1000962
hemometra,hemometra,EFO:1000962
hemopneumothorax,hemopneumothorax,EFO:1000963
hemopneumothorax,hemopneumothorax,EFO:1000963
obsolete hemorrhagic disease of newborn,hemorrhagic disease of newborn,EFO:1000964
hemorrhagic disease of newborn,hemorrhagic disease of newborn,EFO:1000964
Hemorrhagic Disease of Newborn,hemorrhagic disease of newborn,EFO:1000964
Henoch-Schoenlein purpura,Henoch-Schoenlein purpura,EFO:1000965
Budd-Chiari syndrome,hepatic vein thrombosis,EFO:1000966
hepatic vein thrombosis,hepatic vein thrombosis,EFO:1000966
hidrocystoma,hidrocystoma,EFO:1000967
hidrocystoma,hidrocystoma,EFO:1000967
hidrocystoma,hidrocystoma,EFO:1000967
Hidrocystoma,hidrocystoma,EFO:1000967
hydrophthalmos,hydrophthalmos,EFO:1000968
hydrophthalmos,hydrophthalmos,EFO:1000968
obsolete hyperamylasemia,hyperamylasemia,EFO:1000969
hyperamylasemia,hyperamylasemia,EFO:1000969
hypercementosis,hypercementosis,EFO:1000970
hypercementosis,hypercementosis,EFO:1000970
obsolete hyperemesis gravidarum,hyperemesis gravidarum,EFO:1000971
Hiperemesis gravídica,hyperemesis gravidarum,EFO:1000971
hyperemesis gravidarum,hyperemesis gravidarum,EFO:1000971
hyperglobulinemic purpura,hyperglobulinemic purpura,EFO:1000972
hyperglobulinemic purpura,hyperglobulinemic purpura,EFO:1000972
hyperpituitarism,hyperpituitarism,EFO:1000973
hyperpituitarism,hyperpituitarism,EFO:1000973
hypersensitivity vasculitis,hypersensitivity vasculitis,EFO:1000974
hypersensitivity vasculitis,hypersensitivity vasculitis,EFO:1000974
Leukocytoclastic Vasculitis,hypersensitivity vasculitis,EFO:1000974
hypersplenism,hypersplenism,EFO:1000975
Hiperesplenismo,hypersplenism,EFO:1000975
hypersplenism,hypersplenism,EFO:1000975
Hypersplenism,hypersplenism,EFO:1000975
hypertensive encephalopathy,hypertensive encephalopathy,EFO:1000976
hypertensive encephalopathy,hypertensive encephalopathy,EFO:1000976
Hypertensive Encephalopathy,hypertensive encephalopathy,EFO:1000976
hypertensive retinopathy,hypertensive retinopathy,EFO:1000977
hypertensive retinopathy,hypertensive retinopathy,EFO:1000977
Hypertensive Retinopathy,hypertensive retinopathy,EFO:1000977
hypervitaminosis A,hypervitaminosis A,EFO:1000978
hypervitaminosis A,hypervitaminosis A,EFO:1000978
hypothalamic neoplasm,hypothalamic neoplasm,EFO:1000979
hypothalamic neoplasm,hypothalamic neoplasm,EFO:1000979
hypothalamic neoplasm,hypothalamic neoplasm,EFO:1000979
Hypothalamic Neoplasm,hypothalamic neoplasm,EFO:1000979
ideomotor apraxia,ideomotor apraxia,EFO:1000980
ideomotor apraxia,ideomotor apraxia,EFO:1000980
benign ileal neoplasm,ileal neoplasm,EFO:1000981
ileal neoplasm,ileal neoplasm,EFO:1000981
ileal neoplasm,ileal neoplasm,EFO:1000981
Ileal Neoplasm,ileal neoplasm,EFO:1000981
inappropriate ADH syndrome,inappropriate ADH syndrome,EFO:1000982
inappropriate ADH syndrome,inappropriate ADH syndrome,EFO:1000982
Syndrome of Inappropriate Antidiuretic Hormone Secretion,inappropriate ADH syndrome,EFO:1000982
inferior myocardial infarction,inferior myocardial infarction,EFO:1000983
inferior myocardial infarction,inferior myocardial infarction,EFO:1000983
inflammatory breast carcinoma,inflammatory breast carcinoma,EFO:1000984
inflammatory breast carcinoma,inflammatory breast carcinoma,EFO:1000984
inflammatory breast carcinoma,inflammatory breast carcinoma,EFO:1000984
Breast Inflammatory Carcinoma,inflammatory breast carcinoma,EFO:1000984
intermediate coronary syndrome,intermediate coronary syndrome,EFO:1000985
intermediate coronary syndrome,intermediate coronary syndrome,EFO:1000985
intermediate uveitis,intermediate uveitis,EFO:1000986
Intermediaire uveïtis,intermediate uveitis,EFO:1000986
intermediate uveitis,intermediate uveitis,EFO:1000986
Intermediate Uveitis,intermediate uveitis,EFO:1000986
intestinal perforation,intestinal perforation,EFO:1000987
intestinal perforation,intestinal perforation,EFO:1000987
Intestinal Perforation,intestinal perforation,EFO:1000987
obsolete intestinal pseudo-obstruction,intestinal pseudo-obstruction,EFO:1000988
intestinal volvulus,intestinal volvulus,EFO:1000989
intracranial arterial disease,intracranial arterial disease,EFO:1000990
intracranial arterial disease,intracranial arterial disease,EFO:1000990
intracranial embolism,intracranial embolism,EFO:1000991
intracranial embolism,intracranial embolism,EFO:1000991
intracranial hypertension,intracranial hypertension,EFO:1000992
intracranial hypertension,intracranial hypertension,EFO:1000992
intracranial hypotension,intracranial hypotension,EFO:1000993
intracranial hypotension,intracranial hypotension,EFO:1000993
intracranial vasospasm,intracranial vasospasm,EFO:1000994
intracranial vasospasm,intracranial vasospasm,EFO:1000994
intradermal nevus,intradermal nevus,EFO:1000995
intradermal nevus,intradermal nevus,EFO:1000995
Dermal Nevus,intradermal nevus,EFO:1000995
iris cancer,iris cancer,EFO:1000996
iritis,iritis,EFO:1000997
Gözbebeği iltihabı,iritis,EFO:1000997
iritis,iritis,EFO:1000997
Iritis,iritis,EFO:1000997
jejunal cancer,jejunal cancer,EFO:1000998
jejunal cancer,jejunal cancer,EFO:1000998
jejunal cancer,jejunal cancer,EFO:1000998
arthropathy,joint disease,EFO:1000999
arthropathy,joint disease,EFO:1000999
Arthropathy,joint disease,EFO:1000999
parosteal osteosarcoma,juxtacortical osteosarcoma,EFO:1001000
juxtacortical osteosarcoma,juxtacortical osteosarcoma,EFO:1001000
juxtacortical osteosarcoma,juxtacortical osteosarcoma,EFO:1001000
Parosteal Osteosarcoma,juxtacortical osteosarcoma,EFO:1001000
kernicterus,kernicterus,EFO:1001002
kidney cortex necrosis,kidney cortex necrosis,EFO:1001003
kidney cortex necrosis,kidney cortex necrosis,EFO:1001003
kidney papillary necrosis,kidney papillary necrosis,EFO:1001004
kidney papillary necrosis,kidney papillary necrosis,EFO:1001004
Klatskin's tumor,Klatskin's tumor,EFO:1001005
Klinefelter syndrome,Klinefelter's syndrome,EFO:1001006
Klinefelter syndrome,Klinefelter's syndrome,EFO:1001006
Klinefelter Syndrome,Klinefelter's syndrome,EFO:1001006
krebs 2 carcinoma,krebs 2 carcinoma,EFO:1001007
Krebs 2 carcinoma,krebs 2 carcinoma,EFO:1001007
kuru,kuru,EFO:1001008
kuru,kuru,EFO:1001008
kwashiorkor,kwashiorkor,EFO:1001009
kwashiorkor,kwashiorkor,EFO:1001009
Landau-Kleffner syndrome,Landau-Kleffner syndrome,EFO:1001010
Landau-Kleffner syndrome,Landau-Kleffner syndrome,EFO:1001010
Landau-Kleffner Syndrome,Landau-Kleffner syndrome,EFO:1001010
lateral medullary syndrome,lateral medullary syndrome,EFO:1001011
lateral medullary syndrome,lateral medullary syndrome,EFO:1001011
Lateral Medullary Syndrome,lateral medullary syndrome,EFO:1001011
obsolete leptomeningeal metastases,leptomeningeal metastasis,EFO:1001012
lethal midline granuloma,lethal midline granuloma,EFO:1001013
nasal cavity and paranasal sinus lethal midline granuloma,lethal midline granuloma,EFO:1001013
Nasal Cavity and Paranasal Sinus Lethal Midline Granuloma,lethal midline granuloma,EFO:1001013
leukemoid reaction,leukemoid reaction,EFO:1001014
leukemoid reaction,leukemoid reaction,EFO:1001014
leukoplakia of penis,leukoplakia of penis,EFO:1001015
leukoplakia of penis,leukoplakia of penis,EFO:1001015
Penile Leukoplakia,leukoplakia of penis,EFO:1001015
leukostasis,leukostasis,EFO:1001016
leukostasis,leukostasis,EFO:1001016
limited scleroderma,limited scleroderma,EFO:1001017
lingual goiter,lingual goiter,EFO:1001018
lingual goiter,lingual goiter,EFO:1001018
lip cancer,lip cancer,EFO:1001019
lip cancer,lip cancer,EFO:1001019
lip cancer,lip cancer,EFO:1001019
Malignant Lip Neoplasm,lip cancer,EFO:1001019
lipoid nephrosis,lipoid nephrosis,EFO:1001020
lipoid nephrosis,lipoid nephrosis,EFO:1001020
Minimal Change Glomerulonephritis,lipoid nephrosis,EFO:1001020
Listeria meningitis,Listeria meningitis,EFO:1001021
Listeria meningitis,Listeria meningitis,EFO:1001021
low tension glaucoma,low tension glaucoma,EFO:1001022
low tension glaucoma,low tension glaucoma,EFO:1001022
obsolete lupus vulgaris,lupus vulgaris,EFO:1001023
lupus vulgaris,lupus vulgaris,EFO:1001023
Lutembacher's syndrome,Lutembacher's syndrome,EFO:1001024
Lutembacher syndrome,Lutembacher's syndrome,EFO:1001024
obsolete lymphangiectasis,lymphangiectasis,EFO:1001025
lymphangiectasis,lymphangiectasis,EFO:1001025
Lymphangiectasia,lymphangiectasis,EFO:1001025
lymphangioendothelioma,lymphangioendothelioma,EFO:1001026
lymphangioendothelioma,lymphangioendothelioma,EFO:1001026
Acquired Progressive Lymphangioma,lymphangioendothelioma,EFO:1001026
lymphangiomyoma,lymphangiomyoma,EFO:1001027
lymphangiomyoma,lymphangiomyoma,EFO:1001027
Lymphangioleiomyoma,lymphangiomyoma,EFO:1001027
macular holes,macular holes,EFO:1001028
macular holes,macular holes,EFO:1001028
Macular Hole,macular holes,EFO:1001028
obsolete magnesium deficiency,magnesium deficiency,EFO:1001029
magnesium deficiency,magnesium deficiency,EFO:1001029
obsolete male genital tuberculosis,male genital tuberculosis,EFO:1001030
male genital tuberculosis,male genital tuberculosis,EFO:1001030
malignant hypertension,malignant hypertension,EFO:1001031
malignant hypertension,malignant hypertension,EFO:1001031
malignant lymphatic vessel tumor,malignant lymphatic vessel tumor,EFO:1001032
malignant lymphatic vessel tumor,malignant lymphatic vessel tumor,EFO:1001032
marasmus,marasmus,EFO:1001033
marasmus,marasmus,EFO:1001033
mastitis,mastitis,EFO:1001034
mastitis,mastitis,EFO:1001034
Mastitis,mastitis,EFO:1001034
maxillary sinus benign neoplasm,maxillary sinus neoplasm,EFO:1001035
maxillary sinus neoplasm,maxillary sinus neoplasm,EFO:1001035
maxillary sinus neoplasm,maxillary sinus neoplasm,EFO:1001035
Maxillary Sinus Neoplasm,maxillary sinus neoplasm,EFO:1001035
Meckel's diverticulum,Meckel's diverticulum,EFO:1001036
Meckel diverticulum,Meckel's diverticulum,EFO:1001036
Meckel Diverticulum,Meckel's diverticulum,EFO:1001036
meconium aspiration syndrome,meconium aspiration syndrome,EFO:1001037
meconium aspiration syndrome,meconium aspiration syndrome,EFO:1001037
Meconium Aspiration Syndrome,meconium aspiration syndrome,EFO:1001037
melanotic neuroectodermal tumor,melanotic neuroectodermal tumor,EFO:1001038
Melkersson-Rosenthal syndrome,Melkersson-Rosenthal syndrome,EFO:1001039
Melkersson-Rosenthal syndrome,Melkersson-Rosenthal syndrome,EFO:1001039
Melkersson-Rosenthal Syndrome,Melkersson-Rosenthal syndrome,EFO:1001039
meningococcal meningitis,meningococcal meningitis,EFO:1001040
obsolete meningococcal meningitis,meningococcal meningitis,EFO:1001040
meningococcal meningitis,meningococcal meningitis,EFO:1001040
mesenchymal chondrosarcoma,mesenchymal chondrosarcoma,EFO:1001041
mesenchymal chondrosarcoma,mesenchymal chondrosarcoma,EFO:1001041
mesenchymal chondrosarcoma,mesenchymal chondrosarcoma,EFO:1001041
Mesenchymal Chondrosarcoma,mesenchymal chondrosarcoma,EFO:1001041
mesenchymoma,mesenchymoma,EFO:1001042
mesenchymoma,mesenchymoma,EFO:1001042
mesenchymoma,mesenchymoma,EFO:1001042
Mesenchymoma,mesenchymoma,EFO:1001042
mesenteric vascular occlusion,mesenteric vascular occlusion,EFO:1001043
mesenteric vascular occlusion,mesenteric vascular occlusion,EFO:1001043
mesothelial neoplasm,mesothelial neoplasm,EFO:1001044
mesothelial neoplasm,mesothelial neoplasm,EFO:1001044
Mesothelial Neoplasm,mesothelial neoplasm,EFO:1001044
middle cerebral artery infarction,middle cerebral artery infarction,EFO:1001045
middle cerebral artery infarction,middle cerebral artery infarction,EFO:1001045
Moebius syndrome,obsolete_Mobius syndrome,EFO:1001046
mouth disease,mouth disease,EFO:1001047
mouth disorder,mouth disease,EFO:1001047
Oral Disorder,mouth disease,EFO:1001047
mucinous cystadenoma,mucinous cystadenoma,EFO:1001048
mucinous cystadenoma,mucinous cystadenoma,EFO:1001048
Mucinous Cystadenoma,mucinous cystadenoma,EFO:1001048
obsolete mucoepidermoid tumor,obsolete_mucoepidermoid tumor,EFO:1001049
multiple system atrophy,multiple system atrophy,EFO:1001050
multiple system atrophy,multiple system atrophy,EFO:1001050
Multiple System Atrophy,multiple system atrophy,EFO:1001050
mycosis fungoides,mycosis fungoides,EFO:1001051
mycosis fungoides,mycosis fungoides,EFO:1001051
mycosis fungoides,mycosis fungoides,EFO:1001051
Mycosis Fungoides,mycosis fungoides,EFO:1001051
myeloid sarcoma,myeloid sarcoma,EFO:1001052
myeloid sarcoma,myeloid sarcoma,EFO:1001052
myeloid sarcoma,myeloid sarcoma,EFO:1001052
Myeloid Sarcoma,myeloid sarcoma,EFO:1001052
myoclonic cerebellar dyssynergia,myoclonic cerebellar dyssynergia,EFO:1001053
myoclonic cerebellar dyssynergia,myoclonic cerebellar dyssynergia,EFO:1001053
myofascial pain syndrome,myofascial pain syndrome,EFO:1001054
myofascial pain syndrome,myofascial pain syndrome,EFO:1001054
myxedema,myxedema,EFO:1001055
myxedema,myxedema,EFO:1001055
Myxedema,myxedema,EFO:1001055
myxosarcoma,myxosarcoma,EFO:1001056
myxosarcoma,myxosarcoma,EFO:1001056
myxosarcoma,myxosarcoma,EFO:1001056
Myxosarcoma,myxosarcoma,EFO:1001056
necrotizing sialometaplasia,necrotizing sialometaplasia,EFO:1001057
necrotizing sialometaplasia,necrotizing sialometaplasia,EFO:1001057
necrotizing ulcerative gingivitis,necrotizing ulcerative gingivitis,EFO:1001058
necrotizing ulcerative gingivitis,necrotizing ulcerative gingivitis,EFO:1001058
Necrotizing Ulcerative Gingivitis,necrotizing ulcerative gingivitis,EFO:1001058
neonatal myasthenia gravis,neonatal myasthenia gravis,EFO:1001059
neonatal myasthenia gravis,neonatal myasthenia gravis,EFO:1001059
neovascular glaucoma,neovascular glaucoma,EFO:1001060
neovascular glaucoma,neovascular glaucoma,EFO:1001060
neurogenic bowel,neurogenic bowel,EFO:1001061
neurogenic bowel,neurogenic bowel,EFO:1001061
nodular goiter,nodular goiter,EFO:1001062
Bocio nodular,nodular goiter,EFO:1001062
nodular goiter,nodular goiter,EFO:1001062
Nodular Goiter,nodular goiter,EFO:1001062
noma,noma,EFO:1001063
noma,noma,EFO:1001063
Gangrenous Stomatitis,noma,EFO:1001063
non-gestational choriocarcinoma,non-gestational choriocarcinoma,EFO:1001064
non-gestational choriocarcinoma,non-gestational choriocarcinoma,EFO:1001064
non-gestational choriocarcinoma,non-gestational choriocarcinoma,EFO:1001064
normal pressure hydrocephalus,normal pressure hydrocephalus,EFO:1001065
normal pressure hydrocephalus,normal pressure hydrocephalus,EFO:1001065
nut allergy,nut allergic reaction,EFO:1001066
nutritional deficiency disease,nutritional deficiency disease,EFO:1001067
nutritional deficiency disease,nutritional deficiency disease,EFO:1001067
Malnutrition,nutritional deficiency disease,EFO:1001067
obstructive jaundice,obstructive jaundice,EFO:1001068
obstructive jaundice,obstructive jaundice,EFO:1001068
ocular hypertension,ocular hypertension,EFO:1001069
ocular hypertension,ocular hypertension,EFO:1001069
ocular tuberculosis,ocular tuberculosis,EFO:1001070
obsolete ocular tuberculosis,ocular tuberculosis,EFO:1001070
ocular tuberculosis,ocular tuberculosis,EFO:1001070
oophoritis,oophoritis,EFO:1001071
oophoritis,oophoritis,EFO:1001071
obsolete opportunistic Moraxellaceae infectious disease,opportunistic Moraxellaceae infectious disease,EFO:1001072
Moraxellaceae infectious disease,opportunistic Moraxellaceae infectious disease,EFO:1001072
optic nerve neoplasm,optic nerve neoplasm,EFO:1001073
optic nerve neoplasm,optic nerve neoplasm,EFO:1001073
Optic Nerve Neoplasm,optic nerve neoplasm,EFO:1001073
optic papillitis,optic papillitis,EFO:1001074
optic papillitis,optic papillitis,EFO:1001074
oral leukoedema,oral leukoedema,EFO:1001075
oral leukoedema,oral leukoedema,EFO:1001075
orbital cellulitis,orbital cellulitis,EFO:1001076
orbital cellulitis,orbital cellulitis,EFO:1001076
Orbital Cellulitis,orbital cellulitis,EFO:1001076
orbital plasma cell granuloma,orbital plasma cell granuloma,EFO:1001077
orchitis,orchitis,EFO:1001078
Orchite,orchitis,EFO:1001078
orchitis,orchitis,EFO:1001078
Orchitis,orchitis,EFO:1001078
oxyphilic adenoma,oxyphilic adenoma,EFO:1001079
oncocytic adenoma,oxyphilic adenoma,EFO:1001079
Oncocytic Adenoma,oxyphilic adenoma,EFO:1001079
Pancoast tumor,Pancoast tumor,EFO:1001080
Pancoast tumor,Pancoast tumor,EFO:1001080
malignant superior sulcus neoplasm,Pancoast tumor,EFO:1001080
Pancoast Syndrome,Pancoast tumor,EFO:1001080
Malignant Superior Sulcus Neoplasm,Pancoast tumor,EFO:1001080
panophthalmitis,panophthalmitis,EFO:1001081
panophthalmitis,panophthalmitis,EFO:1001081
panuveitis,panuveitis,EFO:1001082
Panuveitida,panuveitis,EFO:1001082
panuveitis,panuveitis,EFO:1001082
Panuveitis,panuveitis,EFO:1001082
papillary follicular thyroid adenocarcinoma,papillary follicular thyroid adenocarcinoma,EFO:1001083
papillary follicular thyroid adenocarcinoma,papillary follicular thyroid adenocarcinoma,EFO:1001083
thyroid gland papillary and follicular carcinoma,papillary follicular thyroid adenocarcinoma,EFO:1001083
Thyroid Gland Papillary and Follicular Carcinoma,papillary follicular thyroid adenocarcinoma,EFO:1001083
parametritis,parametritis,EFO:1001084
parametritis,parametritis,EFO:1001084
paraneoplastic polyneuropathy,paraneoplastic polyneuropathy,EFO:1001085
paraneoplastic polyneuropathy,paraneoplastic polyneuropathy,EFO:1001085
Paraneoplastic Polyneuropathy,paraneoplastic polyneuropathy,EFO:1001085
paraphimosis,paraphimosis,EFO:1001086
paraphimosis,paraphimosis,EFO:1001086
Paraphimosis,paraphimosis,EFO:1001086
parathyroid adenoma,parathyroid adenoma,EFO:1001087
parathyroid adenoma,parathyroid adenoma,EFO:1001087
Adenoma de paratiroides,parathyroid adenoma,EFO:1001087
parathyroid gland adenoma,parathyroid adenoma,EFO:1001087
Parathyroid Gland Adenoma,parathyroid adenoma,EFO:1001087
Parathyroid Gland Adenoma,parathyroid adenoma,EFO:1001087
pars planitis,pars planitis,EFO:1001088
pars planitis,pars planitis,EFO:1001088
Pars Planitis,pars planitis,EFO:1001088
partial motor epilepsy,partial motor epilepsy,EFO:1001089
partial motor epilepsy,partial motor epilepsy,EFO:1001089
partial sensory epilepsy,partial sensory epilepsy,EFO:1001090
partial sensory epilepsy,partial sensory epilepsy,EFO:1001090
obsolete Pasteurella hemorrhagic septicemia,Pasteurella hemorrhagic septicemia,EFO:1001091
Pasteurella hemorrhagic septicemia,Pasteurella hemorrhagic septicemia,EFO:1001091
patellofemoral pain syndrome,patellofemoral pain syndrome,EFO:1001092
patellofemoral pain syndrome,patellofemoral pain syndrome,EFO:1001092
Pelger-Huet anomaly,Pelger-Huet anomaly,EFO:1001093
Pelger-Huet anomaly,Pelger-Huet anomaly,EFO:1001093
Pelger-Huet Anomaly,Pelger-Huet anomaly,EFO:1001093
penile benign neoplasm,penile neoplasm,EFO:1001094
penile neoplasm,penile neoplasm,EFO:1001094
penile neoplasm,penile neoplasm,EFO:1001094
Penile Neoplasm,penile neoplasm,EFO:1001094
peptic esophagitis,peptic esophagitis,EFO:1001095
peptic esophagitis,peptic esophagitis,EFO:1001095
periapical granuloma,periapical granuloma,EFO:1001096
periapical granuloma,periapical granuloma,EFO:1001096
periarthritis,periarthritis,EFO:1001097
periarthritis,periarthritis,EFO:1001097
pericoronitis,pericoronitis,EFO:1001098
pericoronitis,pericoronitis,EFO:1001098
perinephritis,perinephritis,EFO:1001099
perinephritis,perinephritis,EFO:1001099
peritoneal neoplasm,peritoneal neoplasm,EFO:1001100
peritoneal neoplasm,peritoneal neoplasm,EFO:1001100
Peritoneal Neoplasm,peritoneal neoplasm,EFO:1001100
periventricular leukomalacia,periventricular leukomalacia,EFO:1001101
periventricular leukomalacia,periventricular leukomalacia,EFO:1001101
Periventricular Leukomalacia,periventricular leukomalacia,EFO:1001101
peroneal nerve paralysis,peroneal nerve paralysis,EFO:1001102
peroneal nerve paralysis,peroneal nerve paralysis,EFO:1001102
Peroneal Nerve Paralysis,peroneal nerve paralysis,EFO:1001102
persistent fetal circulation syndrome,persistent fetal circulation syndrome,EFO:1001103
persistent fetal circulation syndrome,persistent fetal circulation syndrome,EFO:1001103
Persistent Fetal Circulation,persistent fetal circulation syndrome,EFO:1001103
phimosis,phimosis,EFO:1001104
phimosis,phimosis,EFO:1001104
Phimosis,phimosis,EFO:1001104
pigmented spindle cell nevus,pigmented spindle cell nevus,EFO:1001105
pigmented spindle cell nevus,pigmented spindle cell nevus,EFO:1001105
Pigmented Spindle Cell Nevus,pigmented spindle cell nevus,EFO:1001105
pigmented villonodular synovitis,pigmented villonodular synovitis,EFO:1001106
pilar sheath acanthoma,pilar sheath acanthoma,EFO:1001107
pilar sheath acanthoma,pilar sheath acanthoma,EFO:1001107
pilar sheath acanthoma,pilar sheath acanthoma,EFO:1001107
Pilar Sheath Acanthoma,pilar sheath acanthoma,EFO:1001107
pituitary apoplexy,pituitary apoplexy,EFO:1001108
pituitary apoplexy,pituitary apoplexy,EFO:1001108
Pituitary Gland Apoplexy,pituitary apoplexy,EFO:1001108
obsolete pituitary dwarfism,pituitary dwarfism,EFO:1001109
pituitary dwarfism,pituitary dwarfism,EFO:1001109
pituitary-dependent Cushing's disease,pituitary-dependent Cushing's disease,EFO:1001110
ACTH-dependent Cushing syndrome,pituitary-dependent Cushing's disease,EFO:1001110
Cushing Disease,pituitary-dependent Cushing's disease,EFO:1001110
placental site trophoblastic tumor,placental site trophoblastic tumor,EFO:1001111
placental site trophoblastic tumor,placental site trophoblastic tumor,EFO:1001111
placental site trophoblastic tumor,placental site trophoblastic tumor,EFO:1001111
Placental Site Trophoblastic Tumor,placental site trophoblastic tumor,EFO:1001111
platelet storage pool deficiency,platelet storage pool deficiency,EFO:1001112
platelet storage pool deficiency,platelet storage pool deficiency,EFO:1001112
pneumatosis cystoides intestinalis,pneumatosis cystoides intestinalis,EFO:1001113
pneumatosis cystoides intestinalis,pneumatosis cystoides intestinalis,EFO:1001113
obsolete pneumococcal meningitis,pneumococcal meningitis,EFO:1001114
pneumococcal meningitis,pneumococcal meningitis,EFO:1001114
Pneumococcal Meningitis,pneumococcal meningitis,EFO:1001114
POEMS syndrome,POEMS syndrome,EFO:1001115
POEMS syndrome,POEMS syndrome,EFO:1001115
POEMS Syndrome,POEMS syndrome,EFO:1001115
polyradiculoneuropathy,polyradiculoneuropathy,EFO:1001116
polyradiculoneuropathy,polyradiculoneuropathy,EFO:1001116
postcholecystectomy syndrome,postcholecystectomy syndrome,EFO:1001117
postcholecystectomy syndrome,postcholecystectomy syndrome,EFO:1001117
posterior cerebral artery infarction,posterior cerebral artery infarction,EFO:1001118
posterior cerebral artery infarction,posterior cerebral artery infarction,EFO:1001118
posterior uveitis,posterior uveitis,EFO:1001119
posterior uveitis,posterior uveitis,EFO:1001119
Posterior Uveitis,posterior uveitis,EFO:1001119
obsolete potassium deficiency,potassium deficiency,EFO:1001120
potassium deficiency,potassium deficiency,EFO:1001120
prediabetes syndrome,prediabetes syndrome,EFO:1001121
prediabetes syndrome,prediabetes syndrome,EFO:1001121
Prediabetes,prediabetes syndrome,EFO:1001121
obsolete primary Actinomycetales infectious disease,primary Actinomycetales infectious disease,EFO:1001122
Actinomycetales infectious disease,primary Actinomycetales infectious disease,EFO:1001122
Actinomycetales Infection,primary Actinomycetales infectious disease,EFO:1001122
obsolete primary Anaplasmataceae infectious disease,primary Anaplasmataceae infectious disease,EFO:1001123
Anaplasmataceae infectious disease,primary Anaplasmataceae infectious disease,EFO:1001123
obsolete primary Bacillaceae infectious disease,primary Bacillaceae infectious disease,EFO:1001124
Bacillaceae infectious disease,primary Bacillaceae infectious disease,EFO:1001124
obsolete primary Bartonellaceae infectious disease,primary Bartonellaceae infectious disease,EFO:1001125
Bartonellaceae infectious disease,primary Bartonellaceae infectious disease,EFO:1001125
obsolete primary Fusobacteriaceae infectious disease,primary Fusobacteriaceae infectious disease,EFO:1001126
Fusobacteriaceae infectious disease,primary Fusobacteriaceae infectious disease,EFO:1001126
obsolete primary Haemophilus infectious disease,primary Haemophilus infectious disease,EFO:1001127
haemophilus infectious disease,primary Haemophilus infectious disease,EFO:1001127
Hemophilus Infection,primary Haemophilus infectious disease,EFO:1001127
obsolete primary Rickettsiaceae infectious disease,Rickettsiaceae infectious disease,EFO:1001128
Rickettsiaceae infectious disease,Rickettsiaceae infectious disease,EFO:1001128
neovascular inflammatory vitreoretinopathy,proliferative vitreoretinopathy,EFO:1001129
obsolete Proteus infectious disease,Proteus infectious disease,EFO:1001130
Proteus infectious disease,Proteus infectious disease,EFO:1001130
pseudobulbar palsy,pseudobulbar palsy,EFO:1001131
pseudobulbar palsy,pseudobulbar palsy,EFO:1001131
Pseudobulbar Palsy,pseudobulbar palsy,EFO:1001131
pseudotumor cerebri,pseudotumor cerebri,EFO:1001132
pseudotumor cerebri,pseudotumor cerebri,EFO:1001132
Pseudotumor Cerebri,pseudotumor cerebri,EFO:1001132
pulmonary coin lesion,pulmonary coin lesion,EFO:1001133
pulmonary coin lesion,pulmonary coin lesion,EFO:1001133
pulmonary coin lesion,pulmonary coin lesion,EFO:1001133
pulmonary edema,pulmonary edema,EFO:1001134
pulmonary edema,pulmonary edema,EFO:1001134
Pulmonary Edema,pulmonary edema,EFO:1001134
pulmonary plasma cell granuloma,pulmonary plasma cell granuloma,EFO:1001135
pulmonary plasma cell granuloma,pulmonary plasma cell granuloma,EFO:1001135
pulmonary subvalvular stenosis,pulmonary subvalvular stenosis,EFO:1001137
pulmonary subvalvular stenosis,pulmonary subvalvular stenosis,EFO:1001137
Congenital Infundibular Stenosis,pulmonary subvalvular stenosis,EFO:1001137
pulmonary valve stenosis,pulmonary valve stenosis,EFO:1001138
pulmonary valve stenosis,pulmonary valve stenosis,EFO:1001138
pulpitis,pulpitis,EFO:1001139
pulpitis,pulpitis,EFO:1001139
pyelitis,pyelitis,EFO:1001140
pyelitis,pyelitis,EFO:1001140
Pyelitis,pyelitis,EFO:1001140
pyelonephritis,pyelonephritis,EFO:1001141
pyelonephritis,pyelonephritis,EFO:1001141
Pyelonephritis,pyelonephritis,EFO:1001141
pyruvate carboxylase deficiency disease,pyruvate carboxylase deficiency disease,EFO:1001142
pyruvate carboxylase deficiency disease,pyruvate carboxylase deficiency disease,EFO:1001142
Pyruvate Carboxylase Deficiency,pyruvate carboxylase deficiency disease,EFO:1001142
radial nerve lesion,radial nerve lesion,EFO:1001143
radial nerve lesion,radial nerve lesion,EFO:1001143
obsolete rat-bite fever,rat-bite fever,EFO:1001144
rat-bite fever,rat-bite fever,EFO:1001144
Rat-Bite Fever,rat-bite fever,EFO:1001144
Raynaud disease,Raynaud disease,EFO:1001145
Raynaud disease,Raynaud disease,EFO:1001145
Secondary Raynaud Phenomenon,Raynaud disease,EFO:1001145
reflex epilepsy,reflex epilepsy,EFO:1001146
reflex epilepsy,reflex epilepsy,EFO:1001146
Reflex Epilepsy,reflex epilepsy,EFO:1001146
reflex sympathetic dystrophy,reflex sympathetic dystrophy,EFO:1001147
complex regional pain syndrome type 1,reflex sympathetic dystrophy,EFO:1001147
Complex Regional Pain Syndrome I,reflex sympathetic dystrophy,EFO:1001147
relapsing polychondritis,relapsing polychondritis,EFO:1001148
relapsing polychondritis,relapsing polychondritis,EFO:1001148
Relapsing Polychondritis,relapsing polychondritis,EFO:1001148
obsolete renal aminoaciduria,renal aminoaciduria,EFO:1001149
renal aminoaciduria,renal aminoaciduria,EFO:1001149
renal artery obstruction,renal artery obstruction,EFO:1001150
renal artery obstruction,renal artery obstruction,EFO:1001150
renal glycosuria,renal glycosuria,EFO:1001151
renal osteodystrophy,renal osteodystrophy,EFO:1001152
renal osteodystrophy,renal osteodystrophy,EFO:1001152
renovascular hypertension,renovascular hypertension,EFO:1001153
Hipertensión renovascular,renovascular hypertension,EFO:1001153
renovascular hypertension,renovascular hypertension,EFO:1001153
retinal artery occlusion,retinal artery occlusion,EFO:1001154
retinal artery occlusion,retinal artery occlusion,EFO:1001154
Retinal Artery Occlusion,retinal artery occlusion,EFO:1001154
retinal drusen,retinal drusen,EFO:1001155
retinal drusen,retinal drusen,EFO:1001155
retinal vasculitis,retinal vasculitis,EFO:1001156
retinal vasculitis,retinal vasculitis,EFO:1001156
retinal vein occlusion,retinal vein occlusion,EFO:1001157
retinal vein occlusion,retinal vein occlusion,EFO:1001157
Retinal Vein Occlusion,retinal vein occlusion,EFO:1001157
retinopathy of prematurity,retinopathy of prematurity,EFO:1001158
retinopathy of prematurity,retinopathy of prematurity,EFO:1001158
Retinopathy of Prematurity,retinopathy of prematurity,EFO:1001158
Rh isoimmunization,Rh isoimmunization,EFO:1001159
Rh isoimmunization,Rh isoimmunization,EFO:1001159
rheumatic fever,rheumatic fever,EFO:1001160
rheumatic fever,rheumatic fever,EFO:1001160
Rheumatic Fever,rheumatic fever,EFO:1001160
rheumatic heart disease,rheumatic heart disease,EFO:1001161
rheumatic heart disease,rheumatic heart disease,EFO:1001161
Rheumatic Heart Disease,rheumatic heart disease,EFO:1001161
obsolete rickettsiosis,rickettsiosis,EFO:1001162
Rickettsiosis,rickettsiosis,EFO:1001162
Rickettsiosis,rickettsiosis,EFO:1001162
root caries,root caries,EFO:1001163
root caries,root caries,EFO:1001163
SAPHO syndrome,SAPHO syndrome,EFO:1001164
SAPHO syndrome,SAPHO syndrome,EFO:1001164
"Synovitis, Acne, Pustulosis, Hyperostosis, and Osteitis Syndrome",SAPHO syndrome,EFO:1001164
Schnitzler syndrome,Schnitzler syndrome,EFO:1001165
Schnitzler syndrome,Schnitzler syndrome,EFO:1001165
sciatic neuropathy,sciatic neuropathy,EFO:1001166
sciatic neuropathy,sciatic neuropathy,EFO:1001166
scimitar syndrome,scimitar syndrome,EFO:1001167
scimitar syndrome,scimitar syndrome,EFO:1001167
Scimitar Syndrome,scimitar syndrome,EFO:1001167
scrapie,scrapie,EFO:1001168
scrapie,scrapie,EFO:1001168
obsolete ascorbic acid deficiency,scurvy,EFO:1001169
scurvy,scurvy,EFO:1001169
ascorbic acid deficiency,scurvy,EFO:1001169
scurvy,scurvy,EFO:1001169
Vitamin C Deficiency,scurvy,EFO:1001169
sea-blue histiocytosis,obsolete_sea-blue histiocyte syndrome,EFO:1001170
sebaceous adenocarcinoma,sebaceous adenocarcinoma,EFO:1001171
sebaceous carcinoma,sebaceous adenocarcinoma,EFO:1001171
sebaceous adenocarcinoma,sebaceous adenocarcinoma,EFO:1001171
sebaceous adenocarcinoma,sebaceous adenocarcinoma,EFO:1001171
Sebaceous Carcinoma,sebaceous adenocarcinoma,EFO:1001171
Malignant Sebaceous Neoplasm,sebaceous adenocarcinoma,EFO:1001171
sebaceous gland neoplasm,sebaceous gland neoplasm,EFO:1001172
sebaceous gland neoplasm,sebaceous gland neoplasm,EFO:1001172
Sebaceous Gland Neoplasm,sebaceous gland neoplasm,EFO:1001172
secondary hyperparathyroidism,secondary hyperparathyroidism,EFO:1001173
Hiperparatiroidismo secundario,secondary hyperparathyroidism,EFO:1001173
secondary hyperparathyroidism,secondary hyperparathyroidism,EFO:1001173
Secondary Hyperparathyroidism,secondary hyperparathyroidism,EFO:1001173
secondary hypertrophic osteoarthropathy,secondary hypertrophic osteoarthropathy,EFO:1001174
secondary hypertrophic osteoarthropathy,secondary hypertrophic osteoarthropathy,EFO:1001174
secondary Parkinson disease,secondary Parkinson disease,EFO:1001175
secondary Parkinson disease,secondary Parkinson disease,EFO:1001175
Secondary Parkinsonism,secondary Parkinson disease,EFO:1001175
sensorineural hearing loss,sensorineural hearing loss,EFO:1001176
Discapacidad auditiva/hipoacusia neurosensorial,sensorineural hearing loss,EFO:1001176
sensorineural hearing loss disorder,sensorineural hearing loss,EFO:1001176
Sensorineural Hearing Loss,sensorineural hearing loss,EFO:1001176
obsolete septic abortion,septic abortion,EFO:1001177
shoulder impingement syndrome,shoulder impingement syndrome,EFO:1001178
shoulder impingement syndrome,shoulder impingement syndrome,EFO:1001178
sialadenitis,sialadenitis,EFO:1001179
sialadenitis,sialadenitis,EFO:1001179
Sialitis,sialadenitis,EFO:1001179
Sialadenitis,sialadenitis,EFO:1001179
sialolithiasis,sialolithiasis,EFO:1001180
sialolithiasis,sialolithiasis,EFO:1001180
sigmoid neoplasm,sigmoid neoplasm,EFO:1001181
sigmoid neoplasm,sigmoid neoplasm,EFO:1001181
sigmoid neoplasm,sigmoid neoplasm,EFO:1001181
Silo filler's disease,silo filler's disease,EFO:1001182
silo filler disease,silo filler's disease,EFO:1001182
skin appendage carcinoma,skin appendage carcinoma,EFO:1001183
skin appendage carcinoma,skin appendage carcinoma,EFO:1001183
Adnexal Carcinoma,skin appendage carcinoma,EFO:1001183
small cell sarcoma,small cell sarcoma,EFO:1001184
small cell sarcoma,small cell sarcoma,EFO:1001184
small cell sarcoma,small cell sarcoma,EFO:1001184
Small Cell Sarcoma,small cell sarcoma,EFO:1001184
smooth muscle tumor,smooth muscle tumor,EFO:1001185
smooth muscle tumor,smooth muscle tumor,EFO:1001185
smooth muscle tumor,smooth muscle tumor,EFO:1001185
Smooth Muscle Neoplasm,smooth muscle tumor,EFO:1001185
Sneddon syndrome,Sneddon syndrome,EFO:1001186
Sneddon syndrome,Sneddon syndrome,EFO:1001186
somatostatinoma,somatostatinoma,EFO:1001187
somatostatinoma,somatostatinoma,EFO:1001187
somatostatinoma,somatostatinoma,EFO:1001187
Somatostatin-Producing Neuroendocrine Tumor,somatostatinoma,EFO:1001187
space motion sickness,space motion sickness,EFO:1001188
spermatocele,spermatocele,EFO:1001189
spermatocele,spermatocele,EFO:1001189
splenic infarction,splenic infarction,EFO:1001190
splenic infarction,splenic infarction,EFO:1001190
obsolete steatitis,steatitis,EFO:1001191
struma ovarii,struma ovarii,EFO:1001192
struma ovarii,struma ovarii,EFO:1001192
struma ovarii,struma ovarii,EFO:1001192
Struma Ovarii,struma ovarii,EFO:1001192
subacute bacterial endocarditis,subacute bacterial endocarditis,EFO:1001193
subacute bacterial endocarditis,subacute bacterial endocarditis,EFO:1001193
Subacute Bacterial Endocarditis,subacute bacterial endocarditis,EFO:1001193
subacute thyroiditis,subacute thyroiditis,EFO:1001194
subacute thyroiditis,subacute thyroiditis,EFO:1001194
Subacute Thyroiditis,subacute thyroiditis,EFO:1001194
Subacute Granulomatous Thyroiditis,subacute thyroiditis,EFO:1001194
subclavian steal syndrome,subclavian steal syndrome,EFO:1001195
subclavian steal syndrome,subclavian steal syndrome,EFO:1001195
Subclavian Steal Syndrome,subclavian steal syndrome,EFO:1001195
subdural empyema,subdural empyema,EFO:1001196
subdural empyema,subdural empyema,EFO:1001196
subependymal glioma,subependymal glioma,EFO:1001197
substernal goiter,substernal goiter,EFO:1001198
substernal goiter,substernal goiter,EFO:1001198
subvalvular aortic stenosis,subvalvular aortic stenosis,EFO:1001199
subvalvular aortic stenosis,subvalvular aortic stenosis,EFO:1001199
Subvalvular Aortic Stenosis,subvalvular aortic stenosis,EFO:1001199
sulfhemoglobinemia,sulfhemoglobinemia,EFO:1001200
sulfhemoglobinemia,sulfhemoglobinemia,EFO:1001200
superior mesenteric artery syndrome,superior mesenteric artery syndrome,EFO:1001201
suppurative periapical periodontitis,suppurative periapical periodontitis,EFO:1001202
suppurative periapical periodontitis,suppurative periapical periodontitis,EFO:1001202
Periapical Dental Abscess,suppurative periapical periodontitis,EFO:1001202
suppurative uveitis,suppurative uveitis,EFO:1001203
suppurative uveitis,suppurative uveitis,EFO:1001203
sweat gland benign neoplasm,sweat gland neoplasm,EFO:1001204
sweat gland neoplasm,sweat gland neoplasm,EFO:1001204
Sweat Gland Neoplasm,sweat gland neoplasm,EFO:1001204
sympathetic ophthalmia,sympathetic ophthalmia,EFO:1001205
sympathetic ophthalmia,sympathetic ophthalmia,EFO:1001205
obsolete syphilitic aortitis,syphilitic aortitis,EFO:1001206
syphilitic aortitis,syphilitic aortitis,EFO:1001206
systolic heart failure,systolic heart failure,EFO:1001207
systolic heart failure,systolic heart failure,EFO:1001207
tarsal tunnel syndrome,tarsal tunnel syndrome,EFO:1001208
tarsal tunnel syndrome,tarsal tunnel syndrome,EFO:1001208
Tarsal Tunnel Syndrome,tarsal tunnel syndrome,EFO:1001208
temporal arteritis,temporal arteritis,EFO:1001209
temporal arteritis,temporal arteritis,EFO:1001209
Temporal Arteritis,temporal arteritis,EFO:1001209
tethered spinal cord syndrome,tethered spinal cord syndrome,EFO:1001210
tethered spinal cord syndrome,tethered spinal cord syndrome,EFO:1001210
Spina Bifida,tethered spinal cord syndrome,EFO:1001210
Tethered Spinal Cord Syndrome,tethered spinal cord syndrome,EFO:1001210
thromboangiitis obliterans,thromboangiitis obliterans,EFO:1001211
thromboangiitis obliterans,thromboangiitis obliterans,EFO:1001211
Buerger Disease,thromboangiitis obliterans,EFO:1001211
thyroid crisis,thyroid crisis,EFO:1001212
Crise thyréotoxique,thyroid crisis,EFO:1001212
thyroid crisis,thyroid crisis,EFO:1001212
Thyroid Storm,thyroid crisis,EFO:1001212
tibial neuropathy,tibial neuropathy,EFO:1001213
tibial neuropathy,tibial neuropathy,EFO:1001213
tonsil cancer,tonsil cancer,EFO:1001214
tonsil cancer,tonsil cancer,EFO:1001214
tonsil cancer,tonsil cancer,EFO:1001214
Malignant Tonsillar Neoplasm,tonsil cancer,EFO:1001214
tooth ankylosis,obsolete_tooth ankylosis,EFO:1001215
tooth disease,tooth disease,EFO:1001216
tooth disorder,tooth disease,EFO:1001216
Dental Disorder,tooth disease,EFO:1001216
obsolete Treponema infectious disease,Treponema infectious disease,EFO:1001217
Treponema infectious disease,Treponema infectious disease,EFO:1001217
Treponemal Infection,Treponema infectious disease,EFO:1001217
tricuspid valve prolapse,tricuspid valve prolapse,EFO:1001218
Prolaps trikuspidální chlopně,tricuspid valve prolapse,EFO:1001218
tricuspid valve prolapse,tricuspid valve prolapse,EFO:1001218
trigeminal neuralgia,trigeminal neuralgia,EFO:1001219
trigeminal neuralgia,trigeminal neuralgia,EFO:1001219
trochlear nerve disease,trochlear nerve disease,EFO:1001220
trochlear nerve disorder,trochlear nerve disease,EFO:1001220
Trochlear Nerve Disorder,trochlear nerve disease,EFO:1001220
twin-to-twin transfusion syndrome,twin-to-twin transfusion syndrome,EFO:1001221
twin to twin transfusion syndrome,twin-to-twin transfusion syndrome,EFO:1001221
Twin-Twin Transfusion Syndrome,twin-to-twin transfusion syndrome,EFO:1001221
hypersensitivity reaction type III disease,type III hypersensitivity reaction disease,EFO:1001222
type III hypersensitivity disease,type III hypersensitivity reaction disease,EFO:1001222
Type III Hypersensitivity,type III hypersensitivity reaction disease,EFO:1001222
obsolete ulcerative proctosigmoiditis,ulcerative proctosigmoiditis,EFO:1001223
ulcerative proctosigmoiditis,ulcerative proctosigmoiditis,EFO:1001223
ulnar neuropathy,ulnar neuropathy,EFO:1001224
ulnar neuropathy,ulnar neuropathy,EFO:1001224
obsolete Ureaplasma urealyticum urethritis,Ureaplasma urealyticum urethritis,EFO:1001225
Ureaplasma urethritis,Ureaplasma urealyticum urethritis,EFO:1001225
uremia,uremia,EFO:1001226
uremia,uremia,EFO:1001226
ureterocele,ureterocele,EFO:1001227
Ureterocele,ureterocele,EFO:1001227
ureterocele,ureterocele,EFO:1001227
Ureterocele,ureterocele,EFO:1001227
ureterolithiasis,ureterolithiasis,EFO:1001228
ureterolithiasis,ureterolithiasis,EFO:1001228
Ureterolithiasis,ureterolithiasis,EFO:1001228
urticaria pigmentosa,maculopapular cutaneous mastocytosis,EFO:1001229
maculopapular cutaneous mastocytosis,maculopapular cutaneous mastocytosis,EFO:1001229
Urticaria Pigmentosa/Maculopapular Cutaneous Mastocytosis,maculopapular cutaneous mastocytosis,EFO:1001229
uveal cancer,uveal cancer,EFO:1001230
uveal cancer,uveal cancer,EFO:1001230
Malignant Uveal Neoplasm,uveal cancer,EFO:1001230
uveitis,uveitis,EFO:1001231
Uveitis,uveitis,EFO:1001231
uveitis,uveitis,EFO:1001231
Uveitis,uveitis,EFO:1001231
uveoparotid fever,uveoparotid fever,EFO:1001232
uveoparotid fever,uveoparotid fever,EFO:1001232
variant Creutzfeldt-Jakob disease,variant Creutzfeldt-Jakob disease,EFO:1001233
variant Creutzfeldt-Jakob disease,variant Creutzfeldt-Jakob disease,EFO:1001233
Variant Creutzfeldt-Jakob Disease,variant Creutzfeldt-Jakob disease,EFO:1001233
Creutzfeldt-Jakob Disease,variant Creutzfeldt-Jakob disease,EFO:1001233
vasculogenic impotence,vasculogenic impotence,EFO:1001234
vasculogenic impotence,vasculogenic impotence,EFO:1001234
obsolete Vibrio infectious disease,Vibrio infectious disease,EFO:1001235
vibrio infectious disease,Vibrio infectious disease,EFO:1001235
viral meningitis,viral meningitis,EFO:1001236
viral meningitis,viral meningitis,EFO:1001236
Viral Meningitis,viral meningitis,EFO:1001236
obsolete vitamin A deficiency,vitamin A deficiency,EFO:1001237
Carence en vitamine A,vitamin A deficiency,EFO:1001237
vitamin A deficiency,vitamin A deficiency,EFO:1001237
Vitamin A Deficiency,vitamin A deficiency,EFO:1001237
vitreous detachment,vitreous detachment,EFO:1001238
vitreous detachment,vitreous detachment,EFO:1001238
Vitreous Detachment,vitreous detachment,EFO:1001238
vulvitis,vulvitis,EFO:1001239
vulvitis,vulvitis,EFO:1001239
vulvovaginitis,vulvovaginitis,EFO:1001240
vulvovaginitis,vulvovaginitis,EFO:1001240
Vulvovaginitis,vulvovaginitis,EFO:1001240
Wernicke encephalopathy,Wernicke encephalopathy,EFO:1001241
Wernicke encephalopathy,Wernicke encephalopathy,EFO:1001241
Wernicke-Korsakoff syndrome,Wernicke-Korsakoff syndrome,EFO:1001242
Wernicke-Korsakoff syndrome,Wernicke-Korsakoff syndrome,EFO:1001242
Wernicke-Korsakoff Syndrome,Wernicke-Korsakoff syndrome,EFO:1001242
wheat allergy,wheat allergic reaction,EFO:1001243
xanthogranulomatous pyelonephritis,xanthogranulomatous pyelonephritis,EFO:1001244
xanthogranulomatous pyelonephritis,xanthogranulomatous pyelonephritis,EFO:1001244
Xanthogranulomatous Pyelonephritis,xanthogranulomatous pyelonephritis,EFO:1001244
obsolete Yersinia infectious disease,Yersinia infectious disease,EFO:1001245
Yersinia infectious disease,Yersinia infectious disease,EFO:1001245
Yersiniosis,Yersinia infectious disease,EFO:1001245
obsolete Yersinia pseudotuberculosis infectious disease,Yersinia pseudotuberculosis infectious disease,EFO:1001246
Yersinia pseudotuberculosis infectious disease,Yersinia pseudotuberculosis infectious disease,EFO:1001246
chancre,chancre,EFO:1001247
metabolic dysfunction-associated steatohepatitis,non-alcoholic steatohepatitis,EFO:1001249
metabolic dysfunction-associated steatohepatitis,non-alcoholic steatohepatitis,EFO:1001249
Nonalcoholic Steatohepatitis,non-alcoholic steatohepatitis,EFO:1001249
rotator cuff syndrome,rotator cuff tear,EFO:1001250
branchiootorenal syndrome,obsolete_branchio-oto-renal syndrome,EFO:1001251
gastric cardia carcinoma,gastric cardia carcinoma,EFO:1001252
gastric cardia carcinoma,gastric cardia carcinoma,EFO:1001252
gastric cardia carcinoma,gastric cardia carcinoma,EFO:1001252
Gastric Cardia Carcinoma,gastric cardia carcinoma,EFO:1001252
noise induced hearing loss,noise-induced hearing loss,EFO:1001254
Noise Induced Hearing Loss,noise-induced hearing loss,EFO:1001254
obsolete spontaneous abortion,spontaneous abortion,EFO:1001255
alcoholic psychosis,alcoholic psychosis,EFO:1001260
alcoholic psychosis,alcoholic psychosis,EFO:1001260
autoimmune hemolytic anemia,"Anemia, Hemolytic, Autoimmune",EFO:1001264
autoimmune hemolytic anemia,"Anemia, Hemolytic, Autoimmune",EFO:1001264
Autoimmune Hemolytic Anemia,"Anemia, Hemolytic, Autoimmune",EFO:1001264
aniseikonia,Aniseikonia,EFO:1001266
aniseikonia,Aniseikonia,EFO:1001266
aorta coarctation,Aortic Coarctation,EFO:1001267
Aortic Coarctation,Aortic Coarctation,EFO:1001267
viral infectious disease,Arbovirus Infections,EFO:1001269
arbovirus infection,Arbovirus Infections,EFO:1001269
Arthropod-Borne Viral Infection,Arbovirus Infections,EFO:1001269
bacterial pneumonia,bacterial pneumonia,EFO:1001272
bacterial pneumonia,bacterial pneumonia,EFO:1001272
Bacterial Pneumonia,bacterial pneumonia,EFO:1001272
Birt-Hogg-Dube syndrome,obsolete_Birt-Hogg-Dube Syndrome,EFO:1001273
Brown-Pearce carcinoma,Brown-Pearce carcinoma,EFO:1001278
Brown-Pearce carcinoma,Brown-Pearce carcinoma,EFO:1001278
Brown-Sequard syndrome,Brown-Sequard Syndrome,EFO:1001279
Brown-Sequard syndrome,Brown-Sequard Syndrome,EFO:1001279
Brown-Sequard Syndrome,Brown-Sequard Syndrome,EFO:1001279
Buruli ulcer disease,obsolete_Buruli Ulcer,EFO:1001281
capillary leak syndrome,capillary leak syndrome,EFO:1001284
capillary leak syndrome,capillary leak syndrome,EFO:1001284
Capillary Leak Syndrome,capillary leak syndrome,EFO:1001284
cardiac tamponade,Cardiac Tamponade,EFO:1001285
cardiac tamponade,Cardiac Tamponade,EFO:1001285
Cardiac Tamponade,Cardiac Tamponade,EFO:1001285
Caroli disease,Caroli Disease,EFO:1001286
Caroli disease,Caroli Disease,EFO:1001286
Caroli Disease,Caroli Disease,EFO:1001286
obsolete Cestoda infectious disease,Cestode Infections,EFO:1001287
chlamydiaceae infections,Chlamydiaceae Infections,EFO:1001288
chorea gravidarum,chorea gravidarum,EFO:1001290
chorea gravidarum,chorea gravidarum,EFO:1001290
ciguatera fish poisoning,ciguatera poisoning,EFO:1001291
collagenous colitis,collagenous colitis,EFO:1001293
collagenous colitis,collagenous colitis,EFO:1001293
Collagenous Colitis,collagenous colitis,EFO:1001293
lymphocytic colitis,lymphocytic colitis,EFO:1001294
lymphocytic colitis,lymphocytic colitis,EFO:1001294
Lymphocytic Colitis,lymphocytic colitis,EFO:1001294
microscopic colitis,microscopic colitis,EFO:1001295
microscopic colitis,microscopic colitis,EFO:1001295
Microscopic Colitis,microscopic colitis,EFO:1001295
Coxa vara,Coxa Vara,EFO:1001298
coxa vara,Coxa Vara,EFO:1001298
cryptogenic organizing pneumonia,Cryptogenic Organizing Pneumonia,EFO:1001300
cryptogenic organizing pneumonia,Cryptogenic Organizing Pneumonia,EFO:1001300
Cryptogenic Organizing Pneumonia,Cryptogenic Organizing Pneumonia,EFO:1001300
Cytomegalovirus retinitis,Cytomegalovirus Retinitis,EFO:1001302
cytomegalovirus retinitis,Cytomegalovirus Retinitis,EFO:1001302
Cytomegaloviral Retinitis,Cytomegalovirus Retinitis,EFO:1001302
obsolete Deltaretrovirus infectious disease,Deltaretrovirus Infections,EFO:1001303
deltaretrovirus infections,Deltaretrovirus Infections,EFO:1001303
dental enamel hypoplasia,Dental enamel hypoplasia,EFO:1001304
dental enamel hypoplasia,Dental enamel hypoplasia,EFO:1001304
Enamel Hypoplasia,Dental enamel hypoplasia,EFO:1001304
dumping syndrome,dumping syndrome,EFO:1001307
dumping syndrome,dumping syndrome,EFO:1001307
Dumping Syndrome,dumping syndrome,EFO:1001307
tick-borne encephalitis,"Encephalitis, Tick-Borne",EFO:1001309
tick-borne encephalitis,"Encephalitis, Tick-Borne",EFO:1001309
Tick-Borne Viral Encephalitis,"Encephalitis, Tick-Borne",EFO:1001309
endometritis,Endometritis,EFO:1001312
endometritis,Endometritis,EFO:1001312
Endometritis,Endometritis,EFO:1001312
eosinophilia-myalgia syndrome,Eosinophilia-Myalgia Syndrome,EFO:1001316
eosinophilia-myalgia syndrome,Eosinophilia-Myalgia Syndrome,EFO:1001316
obsolete primary Escherichia coli infectious disease,Escherichia coli Infections,EFO:1001318
Infecciones recurrentes por E. coli,Escherichia coli Infections,EFO:1001318
escherichia coli infection,Escherichia coli Infections,EFO:1001318
Escherichia Coli Infection,Escherichia coli Infections,EFO:1001318
exanthema subitum,Exanthema Subitum,EFO:1001320
exanthema subitum,Exanthema Subitum,EFO:1001320
Roseola Infantum,Exanthema Subitum,EFO:1001320
extrinsic allergic alveolitis,extrinsic allergic alveolitis,EFO:1001321
fascioliasis,Fascioliasis,EFO:1001324
fascioliasis,Fascioliasis,EFO:1001324
Fasciolosis,Fascioliasis,EFO:1001324
obsolete Flavivirus infectious disease,Flavivirus Infections,EFO:1001326
Foster-Kennedy syndrome,Foster-Kennedy syndrome,EFO:1001330
Foster-Kennedy syndrome,Foster-Kennedy syndrome,EFO:1001330
female reproductive organ cancer,"Genital neoplasm, female",EFO:1001331
female reproductive organ cancer,"Genital neoplasm, female",EFO:1001331
Malignant Female Reproductive System Neoplasm,"Genital neoplasm, female",EFO:1001331
Danon disease,Glycogen Storage Disease Type 2b,EFO:1001333
Danon disease,Glycogen Storage Disease Type 2b,EFO:1001333
Glycogen Storage Disease Type IIb,Glycogen Storage Disease Type 2b,EFO:1001333
gynatresia,Gynatresia,EFO:1001335
gynatresia,Gynatresia,EFO:1001335
Gynatresia,Gynatresia,EFO:1001335
Heart neoplasm,Heart neoplasm,EFO:1001339
heart neoplasm,Heart neoplasm,EFO:1001339
Heart Neoplasm,Heart neoplasm,EFO:1001339
heavy chain disease,Heavy Chain Disease,EFO:1001341
heavy chain disease,Heavy Chain Disease,EFO:1001341
Heavy Chain Disease,Heavy Chain Disease,EFO:1001341
parasitic helminthiasis infectious disease,Helminthiasis,EFO:1001342
helminthiasis,Helminthiasis,EFO:1001342
Helminthiasis,Helminthiasis,EFO:1001342
hemarthrosis,Hemarthrosis,EFO:1001344
hemarthrosis,Hemarthrosis,EFO:1001344
alcoholic hepatitis,"Hepatitis, Alcoholic",EFO:1001345
alcoholic hepatitis,"Hepatitis, Alcoholic",EFO:1001345
Alcoholic Hepatitis,"Hepatitis, Alcoholic",EFO:1001345
hepatopulmonary syndrome,Hepatopulmonary Syndrome,EFO:1001346
hepatopulmonary syndrome,Hepatopulmonary Syndrome,EFO:1001346
obsolete HIV-associated lipodystrophy syndrome,HIV-Associated Lipodystrophy Syndrome,EFO:1001348
obsolete Human T-lymphotropic virus 2 infectious disease,Human T-lymphotropic virus 2 infectious disease,EFO:1001349
HTLV-2 infection,Human T-lymphotropic virus 2 infectious disease,EFO:1001349
septic arthritis,infectious arthritis,EFO:1001351
bacterial arthritis,infectious arthritis,EFO:1001351
Bacterial Arthritis,infectious arthritis,EFO:1001351
Infective Arthritis,infectious arthritis,EFO:1001351
obsolete commensal Klebsiella infectious disease,Klebsiella Infections,EFO:1001353
Kleine-Levin syndrome,Kleine-Levin Syndrome,EFO:1001354
Kleine-Levin syndrome,Kleine-Levin Syndrome,EFO:1001354
Kleine-Levin Syndrome,Kleine-Levin Syndrome,EFO:1001354
obsolete Lentivirus infectious disease,Lentivirus Infections,EFO:1001357
lentivirus infection,Lentivirus Infections,EFO:1001357
obsolete leukocyte-adhesion deficiency syndrome,Leukocyte-Adhesion Deficiency Syndrome,EFO:1001359
scleroderma,localised scleroderma,EFO:1001361
localized scleroderma,localised scleroderma,EFO:1001361
localized scleroderma,localised scleroderma,EFO:1001361
Localized Scleroderma,localised scleroderma,EFO:1001361
lung abscess,Lung Abscess,EFO:1001362
lung disease,Lung Abscess,EFO:1001362
Abcès pulmonaire,Lung Abscess,EFO:1001362
lung abscess,Lung Abscess,EFO:1001362
Lung Abscess,Lung Abscess,EFO:1001362
monieziasis,Monieziasis,EFO:1001372
monieziasis,Monieziasis,EFO:1001372
myocardial ischemia,Myocardial Ischemia,EFO:1001375
Ischemic Heart Disease,Myocardial Ischemia,EFO:1001375
necrobiotic xanthogranuloma,Necrobiotic Xanthogranuloma,EFO:1001376
neurogenic arthropathy,neurogenic arthropathy,EFO:1001378
neurogenic arthropathy,neurogenic arthropathy,EFO:1001378
neuroleptic malignant syndrome,neuroleptic malignant syndrome,EFO:1001379
neuroleptic malignant syndrome,neuroleptic malignant syndrome,EFO:1001379
Neuroleptic Malignant Syndrome,neuroleptic malignant syndrome,EFO:1001379
Niemann-Pick disease,Niemann-Pick disease,EFO:1001380
Niemann-Pick disease,Niemann-Pick disease,EFO:1001380
Niemann-Pick Disease,Niemann-Pick disease,EFO:1001380
obesity-hypoventilation syndrome,Obesity Hypoventilation Syndrome,EFO:1001382
opsoclonus-myoclonus syndrome,Opsoclonus-Myoclonus Syndrome,EFO:1001383
Opsoclonus Myoclonus Syndrome,Opsoclonus-Myoclonus Syndrome,EFO:1001383
peliosis hepatis,Peliosis Hepatis,EFO:1001387
peliosis hepatis,Peliosis Hepatis,EFO:1001387
pelvic inflammatory disease,Pelvic Inflammatory Disease,EFO:1001388
pelvic inflammatory disease,Pelvic Inflammatory Disease,EFO:1001388
Pelvic Inflammatory Disease,Pelvic Inflammatory Disease,EFO:1001388
peptic ulcer perforation,Peptic ulcer perforation,EFO:1001389
peptic ulcer perforation,Peptic ulcer perforation,EFO:1001389
periapical periodontitis,Periapical Periodontitis,EFO:1001391
periapical periodontitis,Periapical Periodontitis,EFO:1001391
phlebitis,Phlebitis,EFO:1001395
phlebitis,Phlebitis,EFO:1001395
Phlebitis,Phlebitis,EFO:1001395
pinta disease,Pinta,EFO:1001396
aspiration pneumonitis,"Pneumonia, Aspiration",EFO:1001399
aspiration pneumonitis,"Pneumonia, Aspiration",EFO:1001399
Aspiration Pneumonitis,"Pneumonia, Aspiration",EFO:1001399
obsolete pneumopericardium,Pneumopericardium,EFO:1001400
obsolete Pneumovirus infectious disease,Pneumovirus Infections,EFO:1001401
postencephalitic Parkinson disease,postencephalitic Parkinson disease,EFO:1001402
postencephalitic Parkinson disease,postencephalitic Parkinson disease,EFO:1001402
Postencephalitic Parkinsonism,postencephalitic Parkinson disease,EFO:1001402
postpartum thyroiditis,postpartum thyroiditis,EFO:1001403
Postpartum Thyroiditis,postpartum thyroiditis,EFO:1001403
obsolete postpericardiotomy syndrome,Postpericardiotomy Syndrome,EFO:1001404
puerperal infection,Puerperal Infection,EFO:1001407
pyomyositis,Pyomyositis,EFO:1001409
pyomyositis,Pyomyositis,EFO:1001409
Pyomyositis,Pyomyositis,EFO:1001409
respiratory syncytial virus infectious disease,Respiratory Syncytial Virus Infection,EFO:1001413
respiratory syncytial virus infectious disease,Respiratory Syncytial Virus Infection,EFO:1001413
Respiratory Syncytial Virus Infection,Respiratory Syncytial Virus Infection,EFO:1001413
perennial allergic rhinitis,"Rhinitis, Allergic, Perennial",EFO:1001417
Perennial Allergic Rhinitis,"Rhinitis, Allergic, Perennial",EFO:1001417
intestinal schistosomiasis,Schistosomiasis japonica,EFO:1001419
Sertoli cell-only syndrome,Sertoli Cell-Only Syndrome,EFO:1001422
Sertoli cell-only syndrome,Sertoli Cell-Only Syndrome,EFO:1001422
Sertoli Cell-Only Syndrome,Sertoli Cell-Only Syndrome,EFO:1001422
skin epithelioid hemangioma,skin epithelioid hemangioma,EFO:1001424
skin epithelioid hemangioma,skin epithelioid hemangioma,EFO:1001424
skin epithelioid hemangioma,skin epithelioid hemangioma,EFO:1001424
Skin Epithelioid Hemangioma,skin epithelioid hemangioma,EFO:1001424
spinal cord ischemia,Spinal Cord Ischemia,EFO:1001426
sublingual gland neoplasm,Sublingual Gland Neoplasms,EFO:1001430
Sublingual Gland Neoplasm,Sublingual Gland Neoplasms,EFO:1001430
suppurative thyroiditis,suppurative thyroiditis,EFO:1001431
suppurative thyroiditis,suppurative thyroiditis,EFO:1001431
Acute Suppurative Thyroiditis,suppurative thyroiditis,EFO:1001431
taeniasis,Taeniasis,EFO:1001433
taeniasis,Taeniasis,EFO:1001433
Taeniasis,Taeniasis,EFO:1001433
tendinitis,Tendinopathy,EFO:1001434
tendinopathy,Tendinopathy,EFO:1001434
tenosynovitis,tenosynovitis,EFO:1001435
tenosynovitis,tenosynovitis,EFO:1001435
obsolete thyroid nodule,thyroid nodule,EFO:1001436
Tracheal neoplasm,Tracheal neoplasm,EFO:1001437
Neoplasia de la tráquea,Tracheal neoplasm,EFO:1001437
trachea neoplasm,Tracheal neoplasm,EFO:1001437
Tracheal Neoplasm,Tracheal neoplasm,EFO:1001437
metagonimiasis,Trematode Infections,EFO:1001438
obsolete avian tuberculosis,"Tuberculosis, Avian",EFO:1001440
obsolete bovine tuberculosis,"Tuberculosis, Bovine",EFO:1001441
cardiac tuberculosis,cardiac tuberculosis,EFO:1001442
obsolete cardiovascular tuberculosis,cardiac tuberculosis,EFO:1001442
cardiac tuberculosis,cardiac tuberculosis,EFO:1001442
obsolete cutaneous tuberculosis,"Tuberculosis, Cutaneous",EFO:1001443
benign neoplasm of placenta,"Tuberculosis, Cutaneous",EFO:1001443
Benign Placental Neoplasm,"Tuberculosis, Cutaneous",EFO:1001443
tularemia,Tularemia,EFO:1001444
tularemia,Tularemia,EFO:1001444
Tularemia,Tularemia,EFO:1001444
tungiasis,Tungiasis,EFO:1001445
tungiasis,Tungiasis,EFO:1001445
uterine inversion,Uterine Inversion,EFO:1001446
uterine inversion,Uterine Inversion,EFO:1001446
Vaginal neoplasm,Vaginal neoplasm,EFO:1001447
vaginal neoplasm,Vaginal neoplasm,EFO:1001447
Vaginal Neoplasm,Vaginal neoplasm,EFO:1001447
vertebrobasilar insufficiency,Vertebrobasilar insufficiency,EFO:1001449
basilar artery insufficiency,Vertebrobasilar insufficiency,EFO:1001449
vertebrobasilar insufficiency,Vertebrobasilar insufficiency,EFO:1001449
Wolff-Parkinson-White syndrome,Wolff-Parkinson-White Syndrome,EFO:1001450
Syndrome de Wolf-Parkinson-White,Wolff-Parkinson-White Syndrome,EFO:1001450
Wolff-Parkinson-White syndrome,Wolff-Parkinson-White Syndrome,EFO:1001450
Wolff-Parkinson-White Syndrome,Wolff-Parkinson-White Syndrome,EFO:1001450
"combined immunodeficiency, X-linked",X-Linked Combined Immunodeficiency Diseases,EFO:1001451
yellow nail syndrome,Yellow Nail Syndrome,EFO:1001452
yellow nail syndrome,Yellow Nail Syndrome,EFO:1001452
Yellow Nail Syndrome,Yellow Nail Syndrome,EFO:1001452
amnesia,amnesia,EFO:1001454
auditory system disease,auditory system disease,EFO:1001455
auditory system disorder,auditory system disease,EFO:1001455
Ear Disorder,auditory system disease,EFO:1001455
central nervous system infectious disorder,central nervous system infection,EFO:1001456
Central Nervous System Infectious Disorder,central nervous system infection,EFO:1001456
diverticulitis,obsolete_diverticulitis,EFO:1001460
erysipelas,erysipelas,EFO:1001462
Erisipela,erysipelas,EFO:1001462
erysipelas,erysipelas,EFO:1001462
gastroenteritis,gastroenteritis,EFO:1001463
gastroenteritis,gastroenteritis,EFO:1001463
Gastroenteritis,gastroenteritis,EFO:1001463
gliosarcoma,gliosarcoma,EFO:1001465
gliosarcoma,gliosarcoma,EFO:1001465
gliosarcoma,gliosarcoma,EFO:1001465
Gliosarcoma,gliosarcoma,EFO:1001465
hypereosinophilic syndrome,Hypereosinophilic syndrome,EFO:1001467
hypereosinophilic syndrome,Hypereosinophilic syndrome,EFO:1001467
Idiopathic Hypereosinophilic Syndrome,Hypereosinophilic syndrome,EFO:1001467
mantle cell lymphoma,Mantle cell lymphoma,EFO:1001469
Mantle cell lymphoma,Mantle cell lymphoma,EFO:1001469
mantle cell lymphoma,Mantle cell lymphoma,EFO:1001469
Mantle Cell Lymphoma,Mantle cell lymphoma,EFO:1001469
myelitis,Myelitis,EFO:1001472
myelitis,Myelitis,EFO:1001472
Myelitis,Myelitis,EFO:1001472
non-familial restrictive cardiomyopathy,Non-familial restrictive cardiomyopathy,EFO:1001473
schistosomiasis,schistosomiasis,EFO:1001475
schistosomiasis,schistosomiasis,EFO:1001475
Schistosomiasis,schistosomiasis,EFO:1001475
streptococcal infection,streptococcal infection,EFO:1001476
Streptococcal Infection,streptococcal infection,EFO:1001476
Enterocolitis,enterocolitis,EFO:1001481
enterocolitis,enterocolitis,EFO:1001481
Enterocolitis,enterocolitis,EFO:1001481
Enfermedad de arteria coronaria no oclusiva,non-obstructive coronary artery disease,EFO:1001483
pain agnosia,pain agnosia,EFO:1001484
pain agnosia,pain agnosia,EFO:1001484
Pain Agnosia,pain agnosia,EFO:1001484
acromegaly,acromegaly,EFO:1001485
acromegaly,acromegaly,EFO:1001485
Acromegaly,acromegaly,EFO:1001485
primary biliary cholangitis,primary biliary cirrhosis,EFO:1001486
biliary liver cirrhosis,primary biliary cirrhosis,EFO:1001486
primary biliary cholangitis,primary biliary cirrhosis,EFO:1001486
Primary Biliary Cirrhosis,primary biliary cirrhosis,EFO:1001486
adult-onset myasthenia gravis,late-onset myasthenia gravis,EFO:1001490
autosomal dominant polycystic kidney disease,Autosomal dominant polycystic kidney disease,EFO:1001496
autosomal dominant polycystic kidney disease,Autosomal dominant polycystic kidney disease,EFO:1001496
Autosomal Dominant Polycystic Kidney Disease,Autosomal dominant polycystic kidney disease,EFO:1001496
"pulmonary fibrosis and/or bone marrow failure, Telomere-related, 1","pulmonary fibrosis and/or bone marrow failure, telomere-related, 1",EFO:1001501
RASopathy,rasopathy,EFO:1001502
RASopathy,rasopathy,EFO:1001502
RASopathy,rasopathy,EFO:1001502
Cysteuze leverziekte,cystic liver disease,EFO:1001505
primary angle-closure glaucoma,primary angle closure glaucoma,EFO:1001506
Angle closure glaucoma,primary angle closure glaucoma,EFO:1001506
primary angle-closure glaucoma,primary angle closure glaucoma,EFO:1001506
Primary Angle Closure Glaucoma,primary angle closure glaucoma,EFO:1001506
specific language impairment,specific language impairment,EFO:1001510
specific language impairment,specific language impairment,EFO:1001510
monogenic diabetes,monogenic diabetes,EFO:1001511
Monogenic Diabetes,monogenic diabetes,EFO:1001511
endometrial carcinoma,endometrial carcinoma,EFO:1001512
Carcinoma endometrial,endometrial carcinoma,EFO:1001512
endometrial carcinoma,endometrial carcinoma,EFO:1001512
Endometrial Carcinoma,endometrial carcinoma,EFO:1001512
liver benign neoplasm,liver neoplasm,EFO:1001513
renal fibrosis,renal fibrosis,EFO:1001517
Fibrose rénale,renal fibrosis,EFO:1001517
renal fibrosis,renal fibrosis,EFO:1001517
renal fibrosis,renal fibrosis,EFO:1001517
heavy metal poisoning,heavy metal poisoning,EFO:1001518
placental abruption,Abruptio Placentae,EFO:1001754
Desprendimiento de placenta,Abruptio Placentae,EFO:1001754
placental abruption,Abruptio Placentae,EFO:1001754
Placental Abruption,Abruptio Placentae,EFO:1001754
accelerated phase myeloid leukemia,accelerated phase myeloid leukemia,EFO:1001755
"leukemia, myeloid, accelerated-phase",accelerated phase myeloid leukemia,EFO:1001755
alcohol amnestic disorder,alcohol amnestic disorder,EFO:1001759
Aneurysmal bone cyst,aneurysmal bone cyst,EFO:1001760
aneurysmal bone cyst,aneurysmal bone cyst,EFO:1001760
Aneurysmal Bone Cyst,aneurysmal bone cyst,EFO:1001760
basal cell neoplasm,basal cell neoplasm,EFO:1001763
Basal Cell Neoplasm,basal cell neoplasm,EFO:1001763
brainstem neoplasm,brain stem neoplasm,EFO:1001767
Brain Stem Neoplasm,brain stem neoplasm,EFO:1001767
chronic myelomonocytic leukemia,chronic myelomonocytic leukemia,EFO:1001779
chronic myelomonocytic leukemia,chronic myelomonocytic leukemia,EFO:1001779
Chronic Myelomonocytic Leukemia,chronic myelomonocytic leukemia,EFO:1001779
fusariosis,fusariosis,EFO:1001795
fusariosis,fusariosis,EFO:1001795
lobomycosis,lobomycosis,EFO:1001805
lobomycosis,lobomycosis,EFO:1001805
macrophage activation syndrome,macrophage activation syndrome,EFO:1001806
Macrophage Activation Syndrome,macrophage activation syndrome,EFO:1001806
malakoplakia,malacoplakia,EFO:1001807
Malakoplakia,malacoplakia,EFO:1001807
manganese poisoning,manganese poisoning,EFO:1001808
Marchiafava-Bignami disease,Marchiafava-Bignami Disease,EFO:1001809
mercury poisoning,mercury poisoning,EFO:1001810
oral submucous fibrosis,oral submucous fibrosis,EFO:1001818
oral submucous fibrosis,oral submucous fibrosis,EFO:1001818
oral submucous fibrosis,oral submucous fibrosis,EFO:1001818
Oral Cavity Submucous Fibrosis,oral submucous fibrosis,EFO:1001818
paroxysmal Hemicrania,Paroxysmal Hemicrania,EFO:1001822
pinguecula,pinguecula,EFO:1001824
pinguecula,pinguecula,EFO:1001824
pleurisy,pleurisy,EFO:1001825
pleurisy,pleurisy,EFO:1001825
Pleuritis,pleurisy,EFO:1001825
precursor T-cell acute lymphoblastic leukemia,precursor T-cell lymphoblastic leukemia-lymphoma,EFO:1001830
Retrobulbar Hemorrhage,pseudolymphoma,EFO:1001831
pseudolymphoma,pseudolymphoma,EFO:1001831
Pseudolymphoma,pseudolymphoma,EFO:1001831
pulmonary aspergilloma,pulmonary aspergillosis,EFO:1001834
pulmonary aspergilloma,pulmonary aspergillosis,EFO:1001834
pyelocystitis,pyelocystitis,EFO:1001835
renal nutcracker syndrome,renal nutcracker syndrome,EFO:1001838
serotonin syndrome,Serotonin Syndrome,EFO:1001842
solitary mastocytoma of the skin,skin mastocytoma,EFO:1001844
skin mastocytoma,skin mastocytoma,EFO:1001844
Solitary Mastocytoma of the Skin,skin mastocytoma,EFO:1001844
staphylococcal infection,staphylococcal skin infections,EFO:1001849
Staphylococcal Infection,staphylococcal skin infections,EFO:1001849
submandibular gland neoplasm,submandibular gland neoplasm,EFO:1001853
submandibular gland neoplasm,submandibular gland neoplasm,EFO:1001853
Submandibular Gland Neoplasm,submandibular gland neoplasm,EFO:1001853
Susac syndrome,Susac Syndrome,EFO:1001856
Susac Syndrome,Susac Syndrome,EFO:1001856
Takayasu's arteritis,Takayasu arteritis,EFO:1001857
Takayasu arteritis,Takayasu arteritis,EFO:1001857
Aortic Arch Syndrome,Takayasu arteritis,EFO:1001857
Takayasu Arteritis,Takayasu arteritis,EFO:1001857
congenital limbs-face contractures-hypotonia-developmental delay syndrome,"congenital contractures of the limbs and face, hypotonia, and developmental delay",EFO:1001868
"congenital contractures of the limbs and face, hypotonia, and developmental delay","congenital contractures of the limbs and face, hypotonia, and developmental delay",EFO:1001868
dysentery,dysentery,EFO:1001869
dysentery,dysentery,EFO:1001869
agoraphobia,agoraphobia,EFO:1001872
agoraphobia,agoraphobia,EFO:1001872
Agoraphobia,agoraphobia,EFO:1001872
AIDS phobia,AIDS phobia,EFO:1001873
AIDS phobia,AIDS phobia,EFO:1001873
AIDS Phobia,AIDS phobia,EFO:1001873
amyloidosis,amyloidosis,EFO:1001875
Amiloidosis,amyloidosis,EFO:1001875
amyloidosis,amyloidosis,EFO:1001875
Amyloidosis,amyloidosis,EFO:1001875
animal phobia,animal phobia,EFO:1001876
animal phobia,animal phobia,EFO:1001876
Animal Phobia,animal phobia,EFO:1001876
cancerophobia,cancerophobia,EFO:1001879
cancerophobia,cancerophobia,EFO:1001879
Cancerphobia,cancerophobia,EFO:1001879
cold urticaria,cold urticaria,EFO:1001881
nodular cutaneous amyloidosis,cutaneous nodular amyloidosis,EFO:1001882
Nodular cutaneous amyloidosis,cutaneous nodular amyloidosis,EFO:1001882
epicondylitis,epicondylitis,EFO:1001887
epicondylitis,epicondylitis,EFO:1001887
Epicondylitis,epicondylitis,EFO:1001887
flying phobia,flying phobia,EFO:1001889
flying phobia,flying phobia,EFO:1001889
Flying Phobia,flying phobia,EFO:1001889
food allergy,food allergy,EFO:1001890
food allergy,food allergy,EFO:1001890
generalized anxiety disorder,generalized anxiety disorder,EFO:1001892
generalized anxiety disorder,generalized anxiety disorder,EFO:1001892
Generalized Anxiety Disorder,generalized anxiety disorder,EFO:1001892
Morvan syndrome,Morvan syndrome,EFO:1001897
muscular channelopathy,muscular channelopathy,EFO:1001899
neuroendocrine tumor,neuroendocrine neoplasm,EFO:1001901
neuroendocrine neoplasm,neuroendocrine neoplasm,EFO:1001901
Neuroendocrine Neoplasm,neuroendocrine neoplasm,EFO:1001901
neuromuscular disease,neuromuscular disease,EFO:1001902
neuromuscular disease,neuromuscular disease,EFO:1001902
nosophobia,nosophobia,EFO:1001903
nosophobia,nosophobia,EFO:1001903
panic disorder with agoraphobia,panic disorder with agoraphobia,EFO:1001906
Panic Disorder with Agoraphobia,panic disorder with agoraphobia,EFO:1001906
phobic disorder,phobic disorder,EFO:1001908
phobic disorder,phobic disorder,EFO:1001908
Phobia,phobic disorder,EFO:1001908
separation anxiety disorder,separation anxiety disorder,EFO:1001916
separation anxiety disorder,separation anxiety disorder,EFO:1001916
Separation Anxiety Disorder,separation anxiety disorder,EFO:1001916
social phobia,social anxiety disorder,EFO:1001917
social phobia,social anxiety disorder,EFO:1001917
Social Anxiety Disorder,social anxiety disorder,EFO:1001917
specific phobia,specific phobia,EFO:1001918
specific phobia,specific phobia,EFO:1001918
Specific Phobia,specific phobia,EFO:1001918
pathological gambling,pathological gambling,EFO:1001926
pathological gambling,pathological gambling,EFO:1001926
Pathological Gambling,pathological gambling,EFO:1001926
small intestine neuroendocrine neoplasm,small intestine neuroendocrine tumor,EFO:1001928
small intestine neuroendocrine neoplasm,small intestine neuroendocrine tumor,EFO:1001928
Small Intestinal Neuroendocrine Neoplasm,small intestine neuroendocrine tumor,EFO:1001928
immunoglobulin alpha deficiency,selective IgA deficiency disease,EFO:1001929
selective IgA deficiency disease,selective IgA deficiency disease,EFO:1001929
selective IgA deficiency disease,selective IgA deficiency disease,EFO:1001929
Selective IgA Immunodeficiency,selective IgA deficiency disease,EFO:1001929
oropharynx cancer,oropharynx cancer,EFO:1001931
oropharynx cancer,oropharynx cancer,EFO:1001931
oropharynx cancer,oropharynx cancer,EFO:1001931
Malignant Oropharyngeal Neoplasm,oropharynx cancer,EFO:1001931
adult acute monocytic leukemia,adult acute monocytic leukemia,EFO:1001933
adult acute monocytic leukemia,adult acute monocytic leukemia,EFO:1001933
Adult Acute Monocytic Leukemia,adult acute monocytic leukemia,EFO:1001933
B-cell adult acute lymphocytic leukemia,adult B acute lymphoblastic leukemia,EFO:1001935
adult B acute lymphoblastic leukemia,adult B acute lymphoblastic leukemia,EFO:1001935
B-cell adult acute lymphocytic leukemia,adult B acute lymphoblastic leukemia,EFO:1001935
Adult B Acute Lymphoblastic Leukemia,adult B acute lymphoblastic leukemia,EFO:1001935
T-cell adult acute lymphocytic leukemia,adult T acute lymphoblastic leukemia,EFO:1001936
adult T acute lymphoblastic leukemia,adult T acute lymphoblastic leukemia,EFO:1001936
T-cell adult acute lymphocytic leukemia,adult T acute lymphoblastic leukemia,EFO:1001936
Adult T Acute Lymphoblastic Leukemia,adult T acute lymphoblastic leukemia,EFO:1001936
amelanotic melanoma,amelanotic melanoma,EFO:1001937
amelanotic melanoma,amelanotic melanoma,EFO:1001937
amelanotic melanoma,amelanotic melanoma,EFO:1001937
Amelanotic Melanoma,amelanotic melanoma,EFO:1001937
B-cell non-Hodgkin lymphoma,B-cell non-Hodgkins lymphoma,EFO:1001938
B-Cell Non-Hodgkin Lymphoma,B-cell non-Hodgkins lymphoma,EFO:1001938
Barrett's adenocarcinoma,Barrett adenocarcinoma,EFO:1001939
Barrett adenocarcinoma,Barrett adenocarcinoma,EFO:1001939
Barrett adenocarcinoma,Barrett adenocarcinoma,EFO:1001939
Barrett Adenocarcinoma,Barrett adenocarcinoma,EFO:1001939
basaloid squamous cell carcinoma,basaloid squamous cell carcinoma,EFO:1001940
basaloid squamous cell carcinoma,basaloid squamous cell carcinoma,EFO:1001940
Basaloid Squamous Cell Carcinoma,basaloid squamous cell carcinoma,EFO:1001940
bronchus carcinoma,bronchogenic carcinoma,EFO:1001942
bronchogenic carcinoma,bronchogenic carcinoma,EFO:1001942
bronchogenic carcinoma,bronchogenic carcinoma,EFO:1001942
Bronchogenic Carcinoma,bronchogenic carcinoma,EFO:1001942
childhood B-cell acute lymphoblastic leukemia,childhood B acute lymphoblastic leukemia,EFO:1001946
childhood B acute lymphoblastic leukemia,childhood B acute lymphoblastic leukemia,EFO:1001946
B-cell childhood acute lymphoblastic leukemia,childhood B acute lymphoblastic leukemia,EFO:1001946
Childhood B Acute Lymphoblastic Leukemia,childhood B acute lymphoblastic leukemia,EFO:1001946
childhood T-cell acute lymphoblastic leukemia,childhood T acute lymphoblastic leukemia,EFO:1001947
childhood T acute lymphoblastic leukemia,childhood T acute lymphoblastic leukemia,EFO:1001947
T-cell childhood acute lymphocytic leukemia,childhood T acute lymphoblastic leukemia,EFO:1001947
Childhood T Acute Lymphoblastic Leukemia,childhood T acute lymphoblastic leukemia,EFO:1001947
T-cell childhood lymphoblastic lymphoma,childhood T lymphoblastic lymphoma,EFO:1001948
childhood T lymphoblastic lymphoma,childhood T lymphoblastic lymphoma,EFO:1001948
T-cell childhood lymphoblastic lymphoma,childhood T lymphoblastic lymphoma,EFO:1001948
Childhood T Lymphoblastic Lymphoma,childhood T lymphoblastic lymphoma,EFO:1001948
colon adenocarcinoma,colon adenocarcinoma,EFO:1001949
colon adenocarcinoma,colon adenocarcinoma,EFO:1001949
colon adenocarcinoma,colon adenocarcinoma,EFO:1001949
Colon Adenocarcinoma,colon adenocarcinoma,EFO:1001949
colon carcinoma,colon carcinoma,EFO:1001950
colon carcinoma,colon carcinoma,EFO:1001950
colon carcinoma,colon carcinoma,EFO:1001950
Colon Carcinoma,colon carcinoma,EFO:1001950
colorectal carcinoma,colorectal carcinoma,EFO:1001951
colorectal carcinoma,colorectal carcinoma,EFO:1001951
Colorectal Carcinoma,colorectal carcinoma,EFO:1001951
endometrial adenosquamous carcinoma,endometrial adenosquamous carcinoma,EFO:1001952
endometrial adenosquamous carcinoma,endometrial adenosquamous carcinoma,EFO:1001952
endometrial adenosquamous carcinoma,endometrial adenosquamous carcinoma,EFO:1001952
Endometrial Adenosquamous Carcinoma,endometrial adenosquamous carcinoma,EFO:1001952
gallbladder carcinoma,gallbladder carcinoma,EFO:1001956
gallbladder carcinoma,gallbladder carcinoma,EFO:1001956
gallbladder carcinoma,gallbladder carcinoma,EFO:1001956
Gallbladder Carcinoma,gallbladder carcinoma,EFO:1001956
Klatskin's tumor,hilar cholangiocarcinoma,EFO:1001959
obsolete hilar cholangiocellular carcinoma,hilar cholangiocarcinoma,EFO:1001959
Klatskin's tumor,hilar cholangiocarcinoma,EFO:1001959
hilar cholangiocarcinoma,hilar cholangiocarcinoma,EFO:1001959
Hilar Cholangiocarcinoma,hilar cholangiocarcinoma,EFO:1001959
hypopharyngeal squamous cell carcinoma,hypopharyngeal squamous cell carcinoma,EFO:1001960
hypopharynx squamous cell carcinoma,hypopharyngeal squamous cell carcinoma,EFO:1001960
Hypopharyngeal Squamous Cell Carcinoma,hypopharyngeal squamous cell carcinoma,EFO:1001960
intrahepatic cholangiocarcinoma,intrahepatic cholangiocarcinoma,EFO:1001961
intrahepatic cholangiocarcinoma,intrahepatic cholangiocarcinoma,EFO:1001961
intrahepatic cholangiocarcinoma,intrahepatic cholangiocarcinoma,EFO:1001961
Intrahepatic Cholangiocarcinoma,intrahepatic cholangiocarcinoma,EFO:1001961
ovarian cystadenocarcinoma,ovarian cystadenocarcinoma,EFO:1001962
ovarian cystadenocarcinoma,ovarian cystadenocarcinoma,EFO:1001962
ovarian cystadenocarcinoma,ovarian cystadenocarcinoma,EFO:1001962
Ovarian Cystadenocarcinoma,ovarian cystadenocarcinoma,EFO:1001962
ovarian mucinous cystadenocarcinoma,ovarian mucinous cystadenocarcinoma,EFO:1001963
ovarian mucinous cystadenocarcinoma,ovarian mucinous cystadenocarcinoma,EFO:1001963
ovarian mucinous cystadenocarcinoma,ovarian mucinous cystadenocarcinoma,EFO:1001963
Ovarian Mucinous Cystadenocarcinoma,ovarian mucinous cystadenocarcinoma,EFO:1001963
pharynx squamous cell carcinoma,pharyngeal squamous cell carcinoma,EFO:1001965
pharyngeal squamous cell carcinoma,pharyngeal squamous cell carcinoma,EFO:1001965
pharyngeal squamous cell carcinoma,pharyngeal squamous cell carcinoma,EFO:1001965
Pharyngeal Squamous Cell Carcinoma,pharyngeal squamous cell carcinoma,EFO:1001965
salivary gland squamous cell carcinoma,salivary gland squamous cell carcinoma,EFO:1001967
Salivary Gland Squamous Cell Carcinoma,salivary gland squamous cell carcinoma,EFO:1001967
soft tissue sarcoma,soft tissue sarcoma,EFO:1001968
soft tissue sarcoma,soft tissue sarcoma,EFO:1001968
Soft Tissue Sarcoma,soft tissue sarcoma,EFO:1001968
acantholytic variant squamous cell breast carcinoma,"squamous cell breast carcinoma, acantholytic variant",EFO:1001969
"squamous cell breast carcinoma, acantholytic variant","squamous cell breast carcinoma, acantholytic variant",EFO:1001969
acantholytic variant squamous cell breast carcinoma,"squamous cell breast carcinoma, acantholytic variant",EFO:1001969
"Breast Squamous Cell Carcinoma, Acantholytic Variant","squamous cell breast carcinoma, acantholytic variant",EFO:1001969
squamous cell papilloma,squamous papilloma,EFO:1001970
squamous papilloma,squamous papilloma,EFO:1001970
squamous papilloma,squamous papilloma,EFO:1001970
Squamous Papilloma,squamous papilloma,EFO:1001970
malignant fibrous histiocytoma,undifferentiated pleomorphic sarcoma,EFO:1001972
undifferentiated pleomorphic sarcoma,undifferentiated pleomorphic sarcoma,EFO:1001972
undifferentiated pleomorphic sarcoma,undifferentiated pleomorphic sarcoma,EFO:1001972
Adult Undifferentiated Pleomorphic Sarcoma,undifferentiated pleomorphic sarcoma,EFO:1001972
Undifferentiated Pleomorphic Sarcoma,undifferentiated pleomorphic sarcoma,EFO:1001972
ureter transitional cell carcinoma,ureter urothelial carcinoma,EFO:1001973
ureter urothelial carcinoma,ureter urothelial carcinoma,EFO:1001973
Ureter Urothelial Carcinoma,ureter urothelial carcinoma,EFO:1001973
uterus leiomyosarcoma,uterine leiomyosarcoma,EFO:1001974
leiomyosarcoma of the corpus uteri,uterine leiomyosarcoma,EFO:1001974
Uterine Corpus Leiomyosarcoma,uterine leiomyosarcoma,EFO:1001974
vulvar leiomyosarcoma,vulvar leiomyosarcoma,EFO:1001975
vulvar leiomyosarcoma,vulvar leiomyosarcoma,EFO:1001975
vulvar leiomyosarcoma,vulvar leiomyosarcoma,EFO:1001975
Vulvar Leiomyosarcoma,vulvar leiomyosarcoma,EFO:1001975
3MC syndrome 2,3MC syndrome 2,EFO:1001977
3MC syndrome 2,3MC syndrome 2,EFO:1001977
3MC syndrome 1,3MC syndrome 1,EFO:1001978
3MC syndrome 1,3MC syndrome 1,EFO:1001978
adrenocorticotropic hormone deficiency,Adrenocorticotropic hormone deficiency,EFO:1001979
Adrenocorticotropic hormone deficiency,Adrenocorticotropic hormone deficiency,EFO:1001979
congenital isolated adrenocorticotropic hormone deficiency,Adrenocorticotropic hormone deficiency,EFO:1001979
alpha-methylacyl-CoA racemase deficiency,Alpha-methylacyl-CoA racemase deficiency,EFO:1001980
alpha-methylacyl-CoA racemase deficiency,Alpha-methylacyl-CoA racemase deficiency,EFO:1001980
Alpha-Methylacyl-CoA Racemase Deficiency,Alpha-methylacyl-CoA racemase deficiency,EFO:1001980
aminoacylase 1 deficiency,Aminoacylase 1 deficiency,EFO:1001981
antisynthetase syndrome,Antisynthetase syndrome,EFO:1001982
antisynthetase syndrome,Antisynthetase syndrome,EFO:1001982
Antisynthetase syndrome,Antisynthetase syndrome,EFO:1001982
Charcot-Marie-Tooth disease axonal type 2X,Autosomal recessive Charcot Marie Tooth disease type 2X,EFO:1001983
Charcot-Marie-Tooth disease axonal type 2X,Autosomal recessive Charcot Marie Tooth disease type 2X,EFO:1001983
Autosomal recessive Charcot-Marie-Tooth disease type 2X,Autosomal recessive Charcot Marie Tooth disease type 2X,EFO:1001983
congenital fibrosis of the extraocular muscles,congenital fibrosis of the extraocular muscles,EFO:1001985
Congenital fibrosis of extraocular muscles,congenital fibrosis of the extraocular muscles,EFO:1001985
connective tissue disease,connective tissue disease,EFO:1001986
connective tissue disorder,connective tissue disease,EFO:1001986
Connective Tissue Disorder,connective tissue disease,EFO:1001986
idiopathic dropped head syndrome,dropped head syndrome,EFO:1001987
Idiopathic dropped head syndrome,dropped head syndrome,EFO:1001987
juvenile polymyositis,Juvenile Polymyositis,EFO:1001988
Juvenile Polymyositis,Juvenile Polymyositis,EFO:1001988
monomelic amyotrophy,Monomelic amyotrophy,EFO:1001989
Monomelic amyotrophy,Monomelic amyotrophy,EFO:1001989
ocular motility disease,ocular motility disease,EFO:1001990
ocular motility disease,ocular motility disease,EFO:1001990
pneumonitis,pneumonitis,EFO:1001991
Pneumonitis,pneumonitis,EFO:1001991
scapuloperoneal spinal muscular atrophy,Scapuloperoneal spinal muscular atrophy,EFO:1001992
"scapuloperoneal spinal muscular atrophy, autosomal dominant",Scapuloperoneal spinal muscular atrophy,EFO:1001992
Scapuloperoneal spinal muscular atrophy,Scapuloperoneal spinal muscular atrophy,EFO:1001992
scleroderma,scleroderma,EFO:1001993
Esclerodermia,scleroderma,EFO:1001993
scleroderma,scleroderma,EFO:1001993
Scleroderma,scleroderma,EFO:1001993
thalassemia,Thalassemia,EFO:1001996
thalassemia,Thalassemia,EFO:1001996
Thalassemia,Thalassemia,EFO:1001996
triple-A syndrome,obsolete_triple-A syndrome,EFO:1001997
Triple A syndrome,obsolete_triple-A syndrome,EFO:1001997
complex regional pain syndrome,complex regional pain syndrome,EFO:1001998
complex regional pain syndrome,complex regional pain syndrome,EFO:1001998
systemic-onset juvenile idiopathic arthritis,systemic juvenile idiopathic arthritis,EFO:1001999
Systemic Juvenile Idiopathic Arthritis,systemic juvenile idiopathic arthritis,EFO:1001999
Miocardiopatía de Takotsubo,Takotsubo cardiomyopathy,EFO:1002000
Tako-tsubo cardiomyopathy,Takotsubo cardiomyopathy,EFO:1002000
Takotsubo Cardiomyopathy,Takotsubo cardiomyopathy,EFO:1002000
hypersensitivity reaction disease,hypersensitivity reaction disease,EFO:1002003
hypersensitivity reaction disease,hypersensitivity reaction disease,EFO:1002003
Hypersensitivity,hypersensitivity reaction disease,EFO:1002003
juvenile rheumatoid arthritis,obsolete_juvenile idiopathic arthritis,EFO:1002007
atypical teratoid rhabdoid tumor,atypical teratoid rhabdoid tumor,EFO:1002008
atypical teratoid rhabdoid tumor,atypical teratoid rhabdoid tumor,EFO:1002008
atypical teratoid rhabdoid tumor,atypical teratoid rhabdoid tumor,EFO:1002008
Atypical Teratoid/Rhabdoid Tumor,atypical teratoid rhabdoid tumor,EFO:1002008
alcoholic pancreatitis,alcoholic pancreatitis,EFO:1002013
alcoholic pancreatitis,alcoholic pancreatitis,EFO:1002013
obsolete melancholia,melancholia,EFO:1002014
melancholia,melancholia,EFO:1002014
Melancholic Depression,melancholia,EFO:1002014
differentiated thyroid gland carcinoma,differentiated thyroid carcinoma,EFO:1002017
differentiated thyroid carcinoma,differentiated thyroid carcinoma,EFO:1002017
differentiated thyroid carcinoma,differentiated thyroid carcinoma,EFO:1002017
Differentiated Thyroid Gland Carcinoma,differentiated thyroid carcinoma,EFO:1002017
bronchial disease,bronchial disease,EFO:1002018
bronchial disorder,bronchial disease,EFO:1002018
Bronchospasm,bronchial disease,EFO:1002018
oligoarticular juvenile idiopathic arthritis,oligoarticular juvenile idiopathic arthritis,EFO:1002019
Oligoarticular Juvenile Idiopathic Arthritis,oligoarticular juvenile idiopathic arthritis,EFO:1002019
rheumatoid factor-negative juvenile idiopathic arthritis,"polyarticular juvenile idiopathic arthritis, rheumatoid factor negative",EFO:1002020
herpes simplex,Herpes simplex infection,EFO:1002022
herpes simplex infectious disease,Herpes simplex infection,EFO:1002022
plantar wart,plantar wart,EFO:1002023
plantar wart,plantar wart,EFO:1002023
plantar wart,plantar wart,EFO:1002023
Verruca Plantaris,plantar wart,EFO:1002023
measles,measles,EFO:1002025
measles,measles,EFO:1002025
Measles,measles,EFO:1002025
rubella,rubella,EFO:1002026
rubella,rubella,EFO:1002026
Rubella Infection,rubella,EFO:1002026
Osteomalacia,osteomalacia,EFO:1002027
osteomalacia,osteomalacia,EFO:1002027
"Hodgkin's lymphoma, mixed cellularity","Hodgkins lymphoma, mixed cellularity",EFO:1002031
"Hodgkin's lymphoma, mixed cellularity","Hodgkins lymphoma, mixed cellularity",EFO:1002031
Mixed Cellularity Classic Hodgkin Lymphoma,"Hodgkins lymphoma, mixed cellularity",EFO:1002031
essential hypertension,obsolete_primary hypertension,EFO:1002032
secondary hypertension,secondary hypertension,EFO:1002034
secondary hypertension,secondary hypertension,EFO:1002034
renal hypertension,renal hypertension,EFO:1002039
renal hypertension,renal hypertension,EFO:1002039
apocrine sweat gland disorder,apocrine sweat gland disease,EFO:1002046
spotted fever,spotted fever,EFO:1002047
spotted fever,spotted fever,EFO:1002047
kidney failure,kidney failure,EFO:1002048
kidney failure,kidney failure,EFO:1002048
Renal Failure,kidney failure,EFO:1002048
glomerular disorder,glomerular disease,EFO:1002049
Glomerulopathy,glomerular disease,EFO:1002049
nephritis,nephritis,EFO:1002050
nephritis,nephritis,EFO:1002050
Nephritis,nephritis,EFO:1002050
facial nerve disease,facial nerve disease,EFO:1002051
facial nerve disorder,facial nerve disease,EFO:1002051
Facial Nerve Disorder,facial nerve disease,EFO:1002051